id,v0,v1,v2,v3,v4,v5,v6,v7,v8,v9,v10,v11,v12,v13,v14,v15,v16,v17,v18,v19,v20,v21,v22,v23,v24,v25,v26,v27,v28,v29,v30,v31
0,-0.0411765,-0.0764706,-0.0529412,-0.0294118,0.4568627,-0.0882353,-0.1666667,0.1392157,-0.3705882,0.1549020,0.2490196,0.0725490,-0.4529412,-0.1941176,-0.4294118,0.3980392,-0.0411765,-0.0764706,-0.0529412,-0.0294118,0.4568627,-0.0882353,-0.1666667,0.1392157,-0.3705882,0.1549020,0.2490196,0.0725490,-0.4529412,-0.1941176,-0.4294118,0.3980392
1,-0.1901961,0.4529412,-0.3313725,0.4058824,-0.0333333,0.2411765,0.0058824,-0.0803922,0.1392157,-0.3156863,0.0529412,-0.2607843,0.4019608,0.0647059,0.0058824,0.3431373,-0.1901961,0.4529412,-0.3313725,0.4058824,-0.0333333,0.2411765,0.0058824,-0.0803922,0.1392157,-0.3156863,0.0529412,-0.2607843,0.4019608,0.0647059,0.0058824,0.3431373
2,-0.1235294,0.3705882,0.0686275,0.0960784,0.3509804,0.2921569,-0.0647059,0.4215686,-0.3627451,0.2725490,-0.4294118,0.3000000,-0.1901961,0.4960784,0.3274510,0.3000000,-0.1235294,0.3705882,0.0686275,0.0960784,0.3509804,0.2921569,-0.0647059,0.4215686,-0.3627451,0.2725490,-0.4294118,0.3000000,-0.1901961,0.4960784,0.3274510,0.3000000
3,-0.1274510,-0.4490196,0.0725490,0.0529412,-0.2803922,-0.4137255,0.1235294,0.2607843,0.1313725,-0.1000000,0.2137255,-0.3274510,0.2058824,0.0215686,0.0568627,0.4098039,-0.1274510,-0.4490196,0.0725490,0.0529412,-0.2803922,-0.4137255,0.1235294,0.2607843,0.1313725,-0.1000000,0.2137255,-0.3274510,0.2058824,0.0215686,0.0568627,0.4098039
4,-0.0764706,0.4058824,0.3470588,-0.1235294,0.3196078,-0.1392157,-0.0843137,0.2921569,0.3078431,-0.0725490,-0.3078431,-0.0960784,0.0333333,-0.2568627,-0.4843137,0.2137255,-0.0764706,0.4058824,0.3470588,-0.1235294,0.3196078,-0.1392157,-0.0843137,0.2921569,0.3078431,-0.0725490,-0.3078431,-0.0960784,0.0333333,-0.2568627,-0.4843137,0.2137255
5,0.1274510,0.0490196,-0.0294118,-0.4803922,0.1509804,-0.3941176,-0.2882353,0.3078431,0.0294118,-0.3666667,-0.2607843,0.1000000,-0.2294118,0.0372549,0.3156863,0.2215686,0.1274510,0.0490196,-0.0294118,-0.4803922,0.1509804,-0.3941176,-0.2882353,0.3078431,0.0294118,-0.3666667,-0.2607843,0.1000000,-0.2294118,0.0372549,0.3156863,0.2215686
6,-0.2686275,0.2764706,0.4960784,-0.0411765,0.2411765,0.0921569,-0.2333333,0.4647059,-0.2607843,0.2333333,0.0215686,-0.1078431,-0.0215686,-0.1745098,0.1313725,-0.0529412,-0.2686275,0.2764706,0.4960784,-0.0411765,0.2411765,0.0921569,-0.2333333,0.4647059,-0.2607843,0.2333333,0.0215686,-0.1078431,-0.0215686,-0.1745098,0.1313725,-0.0529412
7,-0.4647059,-0.3627451,0.3509804,-0.1823529,0.1705882,-0.3627451,0.1823529,0.2725490,-0.2098039,0.3705882,-0.1549020,-0.0294118,0.1823529,-0.1705882,-0.3039216,0.2372549,-0.4647059,-0.3627451,0.3509804,-0.1823529,0.1705882,-0.3627451,0.1823529,0.2725490,-0.2098039,0.3705882,-0.1549020,-0.0294118,0.1823529,-0.1705882,-0.3039216,0.2372549
8,0.4176471,-0.3627451,-0.3666667,-0.1862745,0.4960784,0.2098039,-0.2215686,0.3000000,-0.3117647,0.2529412,-0.3588235,-0.2137255,-0.2490196,0.0960784,0.4411765,0.1666667,0.4176471,-0.3627451,-0.3666667,-0.1862745,0.4960784,0.2098039,-0.2215686,0.3000000,-0.3117647,0.2529412,-0.3588235,-0.2137255,-0.2490196,0.0960784,0.4411765,0.1666667
9,-0.0725490,-0.4372549,-0.4607843,-0.0960784,-0.1901961,-0.4960784,0.0921569,0.4764706,0.4137255,0.3470588,0.2137255,0.3156863,0.2568627,0.1901961,0.0529412,0.1431373,-0.0725490,-0.4372549,-0.4607843,-0.0960784,-0.1901961,-0.4960784,0.0921569,0.4764706,0.4137255,0.3470588,0.2137255,0.3156863,0.2568627,0.1901961,0.0529412,0.1431373
10,0.2215686,-0.0137255,0.4294118,-0.3862745,0.4098039,-0.2843137,0.4450980,-0.4490196,0.1549020,0.4490196,0.3470588,-0.4647059,-0.4686275,0.1666667,-0.0019608,0.0215686,0.2215686,-0.0137255,0.4294118,-0.3862745,0.4098039,-0.2843137,0.4450980,-0.4490196,0.1549020,0.4490196,0.3470588,-0.4647059,-0.4686275,0.1666667,-0.0019608,0.0215686
11,-0.3862745,0.3352941,-0.1431373,0.3392157,-0.2647059,0.1705882,0.3588235,0.0176471,0.3627451,0.1941176,-0.1666667,-0.2607843,0.2333333,0.0803922,0.2960784,0.2333333,-0.3862745,0.3352941,-0.1431373,0.3392157,-0.2647059,0.1705882,0.3588235,0.0176471,0.3627451,0.1941176,-0.1666667,-0.2607843,0.2333333,0.0803922,0.2960784,0.2333333
12,-0.4568627,0.0019608,-0.4294118,-0.2411765,0.4764706,0.0686275,0.1431373,-0.3274510,0.1235294,0.0294118,0.3156863,0.1509804,0.1666667,-0.3392157,-0.0686275,-0.1980392,-0.4568627,0.0019608,-0.4294118,-0.2411765,0.4764706,0.0686275,0.1431373,-0.3274510,0.1235294,0.0294118,0.3156863,0.1509804,0.1666667,-0.3392157,-0.0686275,-0.1980392
13,-0.0843137,0.1117647,-0.2450980,-0.2686275,-0.0137255,0.0450980,-0.4803922,-0.2568627,0.4529412,-0.0490196,-0.0411765,-0.0450980,-0.1823529,-0.3196078,-0.1196078,-0.1784314,-0.0843137,0.1117647,-0.2450980,-0.2686275,-0.0137255,0.0450980,-0.4803922,-0.2568627,0.4529412,-0.0490196,-0.0411765,-0.0450980,-0.1823529,-0.3196078,-0.1196078,-0.1784314
14,-0.3588235,0.3392157,-0.2960784,0.2686275,-0.3000000,0.2490196,-0.1666667,0.3313725,0.4176471,0.1352941,0.0058824,0.2294118,0.3784314,0.0686275,-0.3000000,0.0019608,-0.3588235,0.3392157,-0.2960784,0.2686275,-0.3000000,0.2490196,-0.1666667,0.3313725,0.4176471,0.1352941,0.0058824,0.2294118,0.3784314,0.0686275,-0.3000000,0.0019608
15,0.2686275,0.3705882,0.0529412,-0.3313725,-0.2019608,0.0568627,0.1392157,0.0372549,-0.1078431,-0.1980392,0.1705882,0.3705882,-0.0254902,-0.2529412,-0.4647059,-0.4490196,0.2686275,0.3705882,0.0529412,-0.3313725,-0.2019608,0.0568627,0.1392157,0.0372549,-0.1078431,-0.1980392,0.1705882,0.3705882,-0.0254902,-0.2529412,-0.4647059,-0.4490196
16,-0.4882353,0.3705882,-0.3823529,0.3549020,-0.1078431,-0.2960784,0.4411765,-0.1117647,0.4411765,0.1549020,-0.2921569,-0.1901961,-0.2294118,0.3588235,-0.3745098,0.0960784,-0.4882353,0.3705882,-0.3823529,0.3549020,-0.1078431,-0.2960784,0.4411765,-0.1117647,0.4411765,0.1549020,-0.2921569,-0.1901961,-0.2294118,0.3588235,-0.3745098,0.0960784
17,-0.4372549,-0.0411765,0.3117647,-0.1509804,0.2333333,0.0529412,-0.0568627,-0.2058824,0.4607843,-0.1745098,0.4450980,-0.3745098,0.1549020,0.0098039,0.0490196,-0.3352941,-0.4372549,-0.0411765,0.3117647,-0.1509804,0.2333333,0.0529412,-0.0568627,-0.2058824,0.4607843,-0.1745098,0.4450980,-0.3745098,0.1549020,0.0098039,0.0490196,-0.3352941
18,-0.1862745,-0.4843137,-0.2490196,0.2921569,0.1901961,0.0843137,-0.2764706,0.4294118,-0.1352941,-0.4686275,-0.4725490,0.4372549,0.4450980,0.2450980,0.0411765,-0.3470588,-0.1862745,-0.4843137,-0.2490196,0.2921569,0.1901961,0.0843137,-0.2764706,0.4294118,-0.1352941,-0.4686275,-0.4725490,0.4372549,0.4450980,0.2450980,0.0411765,-0.3470588
19,-0.3941176,-0.3235294,0.4607843,0.3588235,0.4019608,-0.2921569,-0.0607843,-0.1196078,-0.3000000,0.3313725,0.1313725,0.0921569,0.1901961,0.1313725,-0.2411765,0.2686275,-0.3941176,-0.3235294,0.4607843,0.3588235,0.4019608,-0.2921569,-0.0607843,-0.1196078,-0.3000000,0.3313725,0.1313725,0.0921569,0.1901961,0.1313725,-0.2411765,0.2686275
20,0.2450980,0.0058824,-0.4568627,-0.1588235,-0.2137255,0.3431373,-0.1470588,-0.3470588,-0.1156863,0.2843137,-0.2843137,-0.1196078,0.2450980,0.2215686,-0.1549020,0.1941176,0.2450980,0.0058824,-0.4568627,-0.1588235,-0.2137255,0.3431373,-0.1470588,-0.3470588,-0.1156863,0.2843137,-0.2843137,-0.1196078,0.2450980,0.2215686,-0.1549020,0.1941176
21,-0.1392157,-0.1509804,-0.0803922,0.3431373,0.3705882,0.3196078,-0.2607843,0.0568627,-0.4686275,0.1980392,-0.4921569,0.2372549,-0.1666667,-0.1196078,-0.2882353,-0.4058824,-0.1392157,-0.1509804,-0.0803922,0.3431373,0.3705882,0.3196078,-0.2607843,0.0568627,-0.4686275,0.1980392,-0.4921569,0.2372549,-0.1666667,-0.1196078,-0.2882353,-0.4058824
22,-0.0490196,-0.4960784,0.0411765,0.4215686,-0.0960784,-0.1941176,-0.2294118,0.3627451,-0.0921569,0.4725490,0.4137255,0.3392157,-0.4411765,-0.3313725,-0.1235294,-0.4647059,-0.0490196,-0.4960784,0.0411765,0.4215686,-0.0960784,-0.1941176,-0.2294118,0.3627451,-0.0921569,0.4725490,0.4137255,0.3392157,-0.4411765,-0.3313725,-0.1235294,-0.4647059
23,-0.2647059,-0.0764706,0.0137255,-0.2058824,-0.3745098,0.2568627,0.0450980,-0.1313725,-0.4686275,0.1392157,-0.2333333,-0.0529412,0.2254902,0.2450980,0.1509804,-0.0490196,-0.2647059,-0.0764706,0.0137255,-0.2058824,-0.3745098,0.2568627,0.0450980,-0.1313725,-0.4686275,0.1392157,-0.2333333,-0.0529412,0.2254902,0.2450980,0.1509804,-0.0490196
24,-0.3196078,-0.4137255,-0.1156863,-0.1627451,0.2215686,0.3588235,-0.2333333,-0.4607843,0.0529412,0.1156863,0.3000000,0.4686275,0.2294118,0.4647059,0.1235294,-0.1196078,-0.3196078,-0.4137255,-0.1156863,-0.1627451,0.2215686,0.3588235,-0.2333333,-0.4607843,0.0529412,0.1156863,0.3000000,0.4686275,0.2294118,0.4647059,0.1235294,-0.1196078
25,-0.3823529,-0.3039216,0.3313725,-0.2215686,-0.2921569,-0.1549020,-0.3627451,-0.0725490,0.4215686,0.0568627,0.1392157,-0.0921569,-0.2019608,0.1274510,-0.2098039,-0.3078431,-0.3823529,-0.3039216,0.3313725,-0.2215686,-0.2921569,-0.1549020,-0.3627451,-0.0725490,0.4215686,0.0568627,0.1392157,-0.0921569,-0.2019608,0.1274510,-0.2098039,-0.3078431
26,-0.3627451,0.2058824,0.0607843,-0.3392157,-0.3156863,0.2411765,0.0803922,-0.2529412,-0.4254902,-0.0450980,-0.3313725,0.0019608,-0.2058824,0.2019608,-0.4333333,0.2450980,-0.3627451,0.2058824,0.0607843,-0.3392157,-0.3156863,0.2411765,0.0803922,-0.2529412,-0.4254902,-0.0450980,-0.3313725,0.0019608,-0.2058824,0.2019608,-0.4333333,0.2450980
27,-0.2176471,0.4607843,0.2960784,-0.2686275,-0.3470588,-0.1745098,0.3901961,-0.1000000,0.4882353,-0.1745098,0.4882353,0.0843137,-0.2882353,-0.1352941,-0.1117647,-0.4921569,-0.2176471,0.4607843,0.2960784,-0.2686275,-0.3470588,-0.1745098,0.3901961,-0.1000000,0.4882353,-0.1745098,0.4882353,0.0843137,-0.2882353,-0.1352941,-0.1117647,-0.4921569
28,-0.0372549,-0.0568627,0.0137255,-0.3000000,0.4294118,-0.1705882,0.2215686,0.0529412,0.4098039,-0.4647059,0.4372549,-0.1509804,0.2450980,-0.5000000,0.1901961,0.3039216,-0.0372549,-0.0568627,0.0137255,-0.3000000,0.4294118,-0.1705882,0.2215686,0.0529412,0.4098039,-0.4647059,0.4372549,-0.1509804,0.2450980,-0.5000000,0.1901961,0.3039216
29,0.3431373,0.1235294,0.3784314,-0.0490196,-0.2019608,-0.0490196,0.2686275,0.3235294,-0.3235294,-0.4960784,0.1549020,0.2333333,0.0176471,-0.3078431,0.4490196,0.2098039,0.3431373,0.1235294,0.3784314,-0.0490196,-0.2019608,-0.0490196,0.2686275,0.3235294,-0.3235294,-0.4960784,0.1549020,0.2333333,0.0176471,-0.3078431,0.4490196,0.2098039
30,-0.3117647,-0.1235294,-0.2333333,-0.2921569,-0.2921569,0.3078431,-0.0764706,0.0843137,0.4882353,0.1117647,-0.4215686,0.4372549,-0.1431373,0.0803922,0.3549020,-0.1588235,-0.3117647,-0.1235294,-0.2333333,-0.2921569,-0.2921569,0.3078431,-0.0764706,0.0843137,0.4882353,0.1117647,-0.4215686,0.4372549,-0.1431373,0.0803922,0.3549020,-0.1588235
31,0.3509804,0.4294118,0.1627451,-0.0490196,-0.2607843,-0.0490196,0.2607843,-0.4803922,-0.3470588,-0.0411765,-0.2019608,0.2372549,0.2254902,0.0568627,-0.0333333,-0.2725490,0.3509804,0.4294118,0.1627451,-0.0490196,-0.2607843,-0.0490196,0.2607843,-0.4803922,-0.3470588,-0.0411765,-0.2019608,0.2372549,0.2254902,0.0568627,-0.0333333,-0.2725490
32,-0.4607843,0.0137255,0.3196078,-0.0294118,0.1392157,-0.2372549,-0.2019608,0.3705882,-0.2529412,0.4725490,-0.3588235,0.3901961,0.2372549,-0.3627451,-0.0254902,0.2803922,-0.4607843,0.0137255,0.3196078,-0.0294118,0.1392157,-0.2372549,-0.2019608,0.3705882,-0.2529412,0.4725490,-0.3588235,0.3901961,0.2372549,-0.3627451,-0.0254902,0.2803922
33,-0.1470588,0.3196078,-0.0490196,0.0333333,-0.0450980,0.2176471,-0.1235294,0.4529412,0.3431373,0.0333333,0.2529412,0.2607843,-0.3862745,-0.2607843,-0.4921569,0.1549020,-0.1470588,0.3196078,-0.0490196,0.0333333,-0.0450980,0.2176471,-0.1235294,0.4529412,0.3431373,0.0333333,0.2529412,0.2607843,-0.3862745,-0.2607843,-0.4921569,0.1549020
34,0.2960784,0.4333333,0.4058824,-0.0372549,0.0176471,-0.4803922,0.1941176,-0.3980392,0.4215686,0.3117647,-0.0686275,-0.3470588,0.1470588,0.0215686,0.3117647,0.1784314,0.2960784,0.4333333,0.4058824,-0.0372549,0.0176471,-0.4803922,0.1941176,-0.3980392,0.4215686,0.3117647,-0.0686275,-0.3470588,0.1470588,0.0215686,0.3117647,0.1784314
35,-0.3313725,0.2921569,-0.2764706,0.1392157,0.0294118,0.4686275,-0.4764706,-0.1588235,0.1156863,0.1549020,0.2764706,0.4882353,-0.1313725,-0.1509804,0.4294118,-0.0450980,-0.3313725,0.2921569,-0.2764706,0.1392157,0.0294118,0.4686275,-0.4764706,-0.1588235,0.1156863,0.1549020,0.2764706,0.4882353,-0.1313725,-0.1509804,0.4294118,-0.0450980
36,0.3313725,-0.3352941,-0.4372549,0.0607843,-0.2725490,-0.2568627,0.0529412,-0.0960784,0.2725490,0.2215686,-0.4450980,0.0098039,0.2294118,0.2411765,-0.0764706,0.1627451,0.3313725,-0.3352941,-0.4372549,0.0607843,-0.2725490,-0.2568627,0.0529412,-0.0960784,0.2725490,0.2215686,-0.4450980,0.0098039,0.2294118,0.2411765,-0.0764706,0.1627451
37,0.1823529,-0.1941176,0.3235294,-0.1980392,0.5000000,0.2058824,0.2372549,-0.2019608,0.0764706,-0.0686275,0.4647059,-0.4058824,0.1627451,0.4490196,0.2686275,0.3352941,0.1823529,-0.1941176,0.3235294,-0.1980392,0.5000000,0.2058824,0.2372549,-0.2019608,0.0764706,-0.0686275,0.4647059,-0.4058824,0.1627451,0.4490196,0.2686275,0.3352941
38,-0.3352941,0.0529412,-0.1352941,-0.4372549,-0.1431373,0.1470588,0.1156863,0.1470588,0.3156863,0.4411765,-0.4058824,-0.1235294,0.1470588,0.2882353,0.4803922,0.4333333,-0.3352941,0.0529412,-0.1352941,-0.4372549,-0.1431373,0.1470588,0.1156863,0.1470588,0.3156863,0.4411765,-0.4058824,-0.1235294,0.1470588,0.2882353,0.4803922,0.4333333
39,0.2372549,0.2450980,-0.1392157,0.1078431,-0.3392157,0.0098039,-0.4607843,-0.2176471,-0.4529412,-0.4137255,-0.4490196,-0.2294118,-0.3549020,0.2686275,-0.4294118,-0.4176471,0.2372549,0.2450980,-0.1392157,0.1078431,-0.3392157,0.0098039,-0.4607843,-0.2176471,-0.4529412,-0.4137255,-0.4490196,-0.2294118,-0.3549020,0.2686275,-0.4294118,-0.4176471
40,-0.2960784,0.3196078,0.2568627,-0.4725490,0.2843137,0.1823529,0.0607843,0.2843137,0.0098039,-0.3784314,-0.3627451,-0.3000000,-0.1627451,0.1117647,0.2843137,-0.2882353,-0.2960784,0.3196078,0.2568627,-0.4725490,0.2843137,0.1823529,0.0607843,0.2843137,0.0098039,-0.3784314,-0.3627451,-0.3000000,-0.1627451,0.1117647,0.2843137,-0.2882353
41,-0.1039216,-0.1196078,0.4254902,0.2137255,-0.4843137,-0.4843137,-0.2450980,-0.4254902,-0.4960784,-0.4254902,-0.3784314,-0.0490196,0.0019608,-0.1313725,0.1823529,-0.0764706,-0.1039216,-0.1196078,0.4254902,0.2137255,-0.4843137,-0.4843137,-0.2450980,-0.4254902,-0.4960784,-0.4254902,-0.3784314,-0.0490196,0.0019608,-0.1313725,0.1823529,-0.0764706
42,-0.3588235,0.1901961,-0.1313725,-0.1196078,-0.4058824,-0.0607843,0.3392157,-0.2411765,-0.4568627,-0.0607843,0.1000000,0.1274510,-0.3745098,0.1588235,0.4372549,0.3313725,-0.3588235,0.1901961,-0.1313725,-0.1196078,-0.4058824,-0.0607843,0.3392157,-0.2411765,-0.4568627,-0.0607843,0.1000000,0.1274510,-0.3745098,0.1588235,0.4372549,0.3313725
43,-0.2058824,-0.1313725,0.1627451,0.0215686,0.2921569,0.4529412,-0.1980392,-0.1274510,-0.0372549,-0.1156863,-0.3078431,0.1156863,-0.3431373,0.3274510,-0.3352941,0.0450980,-0.2058824,-0.1313725,0.1627451,0.0215686,0.2921569,0.4529412,-0.1980392,-0.1274510,-0.0372549,-0.1156863,-0.3078431,0.1156863,-0.3431373,0.3274510,-0.3352941,0.0450980
44,0.4372549,-0.2921569,0.2725490,-0.3196078,-0.4215686,0.3235294,0.2058824,-0.3588235,0.1352941,-0.2411765,0.0254902,0.0058824,-0.0254902,0.3156863,-0.3745098,0.3509804,0.4372549,-0.2921569,0.2725490,-0.3196078,-0.4215686,0.3235294,0.2058824,-0.3588235,0.1352941,-0.2411765,0.0254902,0.0058824,-0.0254902,0.3156863,-0.3745098,0.3509804
45,-0.3745098,-0.3313725,-0.3117647,-0.3509804,-0.0490196,-0.1980392,0.0921569,-0.3745098,0.1117647,-0.4803922,-0.1235294,0.0607843,0.1235294,0.2294118,0.2725490,-0.1823529,-0.3745098,-0.3313725,-0.3117647,-0.3509804,-0.0490196,-0.1980392,0.0921569,-0.3745098,0.1117647,-0.4803922,-0.1235294,0.0607843,0.1235294,0.2294118,0.2725490,-0.1823529
46,-0.1196078,0.2568627,0.4803922,0.3745098,0.2019608,0.3117647,0.2764706,-0.3392157,-0.2333333,0.3274510,0.4176471,-0.2686275,0.3901961,0.4764706,0.3862745,0.4921569,-0.1196078,0.2568627,0.4803922,0.3745098,0.2019608,0.3117647,0.2764706,-0.3392157,-0.2333333,0.3274510,0.4176471,-0.2686275,0.3901961,0.4764706,0.3862745,0.4921569
47,-0.1549020,0.4568627,0.3235294,-0.0529412,0.0058824,-0.3745098,-0.3980392,0.0019608,0.0647059,-0.0921569,0.3000000,0.3000000,0.3156863,-0.3313725,0.0333333,-0.2333333,-0.1549020,0.4568627,0.3235294,-0.0529412,0.0058824,-0.3745098,-0.3980392,0.0019608,0.0647059,-0.0921569,0.3000000,0.3000000,0.3156863,-0.3313725,0.0333333,-0.2333333
48,0.0647059,0.4568627,-0.2450980,0.1392157,0.4450980,0.0254902,0.4960784,0.3745098,-0.1509804,-0.2921569,0.1588235,-0.3470588,0.1627451,0.2294118,0.3549020,-0.2843137,0.0647059,0.4568627,-0.2450980,0.1392157,0.4450980,0.0254902,0.4960784,0.3745098,-0.1509804,-0.2921569,0.1588235,-0.3470588,0.1627451,0.2294118,0.3549020,-0.2843137
49,0.1196078,0.0019608,-0.2450980,0.3901961,-0.3470588,-0.2098039,0.1627451,0.3823529,-0.3156863,-0.1352941,-0.1823529,0.4725490,-0.0450980,-0.3549020,0.3941176,-0.0882353,0.1196078,0.0019608,-0.2450980,0.3901961,-0.3470588,-0.2098039,0.1627451,0.3823529,-0.3156863,-0.1352941,-0.1823529,0.4725490,-0.0450980,-0.3549020,0.3941176,-0.0882353
50,-0.3823529,-0.2411765,0.2333333,-0.2450980,0.1078431,0.0568627,0.2764706,0.4568627,-0.1039216,-0.2960784,0.3941176,-0.3039216,-0.4960784,0.3509804,-0.0647059,-0.3823529,-0.3823529,-0.2411765,0.2333333,-0.2450980,0.1078431,0.0568627,0.2764706,0.4568627,-0.1039216,-0.2960784,0.3941176,-0.3039216,-0.4960784,0.3509804,-0.0647059,-0.3823529
51,-0.2333333,0.1862745,-0.3313725,0.3705882,-0.4607843,0.3274510,-0.2921569,-0.2882353,0.3196078,0.0764706,0.1823529,0.0490196,-0.3745098,-0.1666667,-0.3156863,0.0176471,-0.2333333,0.1862745,-0.3313725,0.3705882,-0.4607843,0.3274510,-0.2921569,-0.2882353,0.3196078,0.0764706,0.1823529,0.0490196,-0.3745098,-0.1666667,-0.3156863,0.0176471
52,-0.0058824,-0.3235294,0.1745098,0.2411765,0.3588235,0.0490196,-0.2960784,-0.3549020,0.3705882,0.1000000,0.2647059,0.1431373,0.1705882,-0.3784314,0.2294118,0.1078431,-0.0058824,-0.3235294,0.1745098,0.2411765,0.3588235,0.0490196,-0.2960784,-0.3549020,0.3705882,0.1000000,0.2647059,0.1431373,0.1705882,-0.3784314,0.2294118,0.1078431
53,-0.0137255,0.0098039,-0.2058824,-0.2921569,0.3901961,0.1862745,0.0882353,0.0607843,-0.1078431,0.3862745,-0.3784314,-0.1235294,0.4450980,0.3980392,0.3196078,-0.4529412,-0.0137255,0.0098039,-0.2058824,-0.2921569,0.3901961,0.1862745,0.0882353,0.0607843,-0.1078431,0.3862745,-0.3784314,-0.1235294,0.4450980,0.3980392,0.3196078,-0.4529412
54,-0.1078431,-0.2058824,-0.4686275,0.4764706,-0.1156863,0.2411765,0.0607843,0.0333333,0.4647059,0.2490196,-0.1039216,-0.4411765,-0.3235294,-0.4098039,0.4607843,-0.4294118,-0.1078431,-0.2058824,-0.4686275,0.4764706,-0.1156863,0.2411765,0.0607843,0.0333333,0.4647059,0.2490196,-0.1039216,-0.4411765,-0.3235294,-0.4098039,0.4607843,-0.4294118
55,-0.1784314,0.1980392,-0.4450980,0.3784314,-0.1039216,-0.3666667,-0.1000000,0.1823529,-0.0098039,0.3313725,-0.2764706,-0.0529412,-0.3117647,0.0137255,0.3980392,-0.2215686,-0.1784314,0.1980392,-0.4450980,0.3784314,-0.1039216,-0.3666667,-0.1000000,0.1823529,-0.0098039,0.3313725,-0.2764706,-0.0529412,-0.3117647,0.0137255,0.3980392,-0.2215686
56,0.2725490,-0.1117647,-0.3509804,0.3509804,-0.4647059,-0.5000000,-0.3627451,0.2333333,-0.1784314,0.4764706,-0.3666667,-0.0333333,0.3980392,-0.2333333,-0.4411765,-0.1274510,0.2725490,-0.1117647,-0.3509804,0.3509804,-0.4647059,-0.5000000,-0.3627451,0.2333333,-0.1784314,0.4764706,-0.3666667,-0.0333333,0.3980392,-0.2333333,-0.4411765,-0.1274510
57,0.0215686,0.3117647,-0.3235294,0.1039216,0.0411765,0.0882353,0.4294118,0.1941176,-0.0450980,-0.0411765,0.0764706,-0.0882353,0.5000000,-0.0333333,0.0960784,-0.4098039,0.0215686,0.3117647,-0.3235294,0.1039216,0.0411765,0.0882353,0.4294118,0.1941176,-0.0450980,-0.0411765,0.0764706,-0.0882353,0.5000000,-0.0333333,0.0960784,-0.4098039
58,-0.2686275,0.1745098,-0.3627451,-0.1196078,0.1196078,0.2254902,-0.2686275,-0.4490196,-0.5000000,-0.3196078,0.3392157,-0.3039216,0.0607843,-0.3941176,-0.2215686,0.1392157,-0.2686275,0.1745098,-0.3627451,-0.1196078,0.1196078,0.2254902,-0.2686275,-0.4490196,-0.5000000,-0.3196078,0.3392157,-0.3039216,0.0607843,-0.3941176,-0.2215686,0.1392157
59,0.3627451,0.3313725,0.2333333,-0.0019608,-0.4568627,0.4921569,0.3941176,0.1313725,-0.4019608,0.3470588,0.0803922,-0.3000000,-0.4529412,0.4960784,-0.4764706,0.1313725,0.3627451,0.3313725,0.2333333,-0.0019608,-0.4568627,0.4921569,0.3941176,0.1313725,-0.4019608,0.3470588,0.0803922,-0.3000000,-0.4529412,0.4960784,-0.4764706,0.1313725
60,0.1627451,0.0019608,0.2529412,0.0137255,-0.4686275,-0.2568627,0.4215686,0.1352941,0.3000000,-0.1823529,-0.1901961,-0.2960784,-0.0607843,-0.1274510,-0.1274510,-0.3588235,0.1627451,0.0019608,0.2529412,0.0137255,-0.4686275,-0.2568627,0.4215686,0.1352941,0.3000000,-0.1823529,-0.1901961,-0.2960784,-0.0607843,-0.1274510,-0.1274510,-0.3588235
61,-0.0254902,-0.2450980,-0.2411765,0.2176471,-0.1196078,-0.2960784,0.2882353,-0.0176471,0.2529412,0.3862745,-0.1431373,0.2686275,0.1352941,-0.2098039,-0.3823529,-0.4411765,-0.0254902,-0.2450980,-0.2411765,0.2176471,-0.1196078,-0.2960784,0.2882353,-0.0176471,0.2529412,0.3862745,-0.1431373,0.2686275,0.1352941,-0.2098039,-0.3823529,-0.4411765
62,-0.1627451,0.4607843,-0.3235294,-0.1901961,-0.1549020,0.1196078,0.1901961,-0.2137255,0.4529412,-0.0411765,0.4098039,-0.3470588,0.3745098,-0.3941176,0.2568627,-0.0607843,-0.1627451,0.4607843,-0.3235294,-0.1901961,-0.1549020,0.1196078,0.1901961,-0.2137255,0.4529412,-0.0411765,0.4098039,-0.3470588,0.3745098,-0.3941176,0.2568627,-0.0607843
63,0.3392157,-0.3588235,0.3000000,-0.3941176,-0.4647059,0.3901961,0.2803922,-0.3627451,-0.1862745,-0.2607843,0.3941176,0.2725490,-0.3666667,0.1431373,0.0058824,-0.2568627,0.3392157,-0.3588235,0.3000000,-0.3941176,-0.4647059,0.3901961,0.2803922,-0.3627451,-0.1862745,-0.2607843,0.3941176,0.2725490,-0.3666667,0.1431373,0.0058824,-0.2568627
64,-0.4294118,-0.1313725,0.0254902,-0.3901961,-0.4137255,-0.2137255,0.2137255,-0.0019608,0.4725490,0.1313725,0.0921569,0.1000000,0.4254902,-0.4529412,0.3274510,-0.2176471,-0.4294118,-0.1313725,0.0254902,-0.3901961,-0.4137255,-0.2137255,0.2137255,-0.0019608,0.4725490,0.1313725,0.0921569,0.1000000,0.4254902,-0.4529412,0.3274510,-0.2176471
65,0.4450980,-0.3470588,0.1196078,0.2215686,0.4568627,-0.4647059,-0.1117647,0.4843137,0.3666667,0.1588235,-0.4137255,-0.0803922,-0.2647059,-0.0137255,-0.2686275,0.1274510,0.4450980,-0.3470588,0.1196078,0.2215686,0.4568627,-0.4647059,-0.1117647,0.4843137,0.3666667,0.1588235,-0.4137255,-0.0803922,-0.2647059,-0.0137255,-0.2686275,0.1274510
66,0.3274510,0.4450980,-0.3627451,0.4921569,0.3431373,-0.4176471,-0.0960784,0.3392157,0.3509804,0.4568627,0.3431373,0.3392157,0.3274510,0.3666667,0.1509804,-0.1588235,0.3274510,0.4450980,-0.3627451,0.4921569,0.3431373,-0.4176471,-0.0960784,0.3392157,0.3509804,0.4568627,0.3431373,0.3392157,0.3274510,0.3666667,0.1509804,-0.1588235
67,-0.1549020,0.0372549,0.4333333,-0.5000000,0.2725490,0.0294118,0.3000000,-0.4215686,0.0372549,0.4372549,-0.0254902,-0.1274510,-0.3156863,0.4960784,0.1549020,-0.3392157,-0.1549020,0.0372549,0.4333333,-0.5000000,0.2725490,0.0294118,0.3000000,-0.4215686,0.0372549,0.4372549,-0.0254902,-0.1274510,-0.3156863,0.4960784,0.1549020,-0.3392157
68,0.5000000,0.1823529,0.0725490,-0.4843137,0.1470588,0.3588235,0.0568627,0.1549020,0.0803922,-0.2490196,-0.4411765,0.0137255,-0.2490196,-0.3588235,-0.2137255,0.1352941,0.5000000,0.1823529,0.0725490,-0.4843137,0.1470588,0.3588235,0.0568627,0.1549020,0.0803922,-0.2490196,-0.4411765,0.0137255,-0.2490196,-0.3588235,-0.2137255,0.1352941
69,0.1823529,0.2098039,-0.0137255,-0.0607843,-0.3235294,0.2568627,0.4490196,-0.3156863,-0.3509804,-0.3392157,-0.4960784,0.0803922,-0.1784314,-0.0333333,0.4372549,0.1117647,0.1823529,0.2098039,-0.0137255,-0.0607843,-0.3235294,0.2568627,0.4490196,-0.3156863,-0.3509804,-0.3392157,-0.4960784,0.0803922,-0.1784314,-0.0333333,0.4372549,0.1117647
70,-0.1470588,0.0960784,0.2686275,0.4411765,-0.2411765,0.0215686,0.4803922,0.0333333,-0.2372549,0.1980392,-0.2450980,-0.0450980,-0.0843137,-0.1862745,0.1392157,0.0568627,-0.1470588,0.0960784,0.2686275,0.4411765,-0.2411765,0.0215686,0.4803922,0.0333333,-0.2372549,0.1980392,-0.2450980,-0.0450980,-0.0843137,-0.1862745,0.1392157,0.0568627
71,-0.2921569,0.3117647,0.0372549,0.1509804,0.4058824,0.0725490,-0.1980392,-0.4921569,0.0843137,-0.4490196,-0.2019608,-0.3980392,-0.1588235,0.1784314,-0.2058824,0.4490196,-0.2921569,0.3117647,0.0372549,0.1509804,0.4058824,0.0725490,-0.1980392,-0.4921569,0.0843137,-0.4490196,-0.2019608,-0.3980392,-0.1588235,0.1784314,-0.2058824,0.4490196
72,-0.3549020,0.4137255,0.1274510,0.1980392,0.4764706,0.4058824,0.2607843,-0.1235294,-0.4176471,0.4254902,0.3901961,-0.0294118,-0.1862745,-0.3274510,0.3549020,-0.0529412,-0.3549020,0.4137255,0.1274510,0.1980392,0.4764706,0.4058824,0.2607843,-0.1235294,-0.4176471,0.4254902,0.3901961,-0.0294118,-0.1862745,-0.3274510,0.3549020,-0.0529412
73,0.2960784,-0.0921569,-0.0215686,0.0450980,-0.1862745,0.4176471,-0.0450980,-0.0960784,-0.2372549,-0.4019608,0.0019608,-0.4058824,-0.2058824,-0.1941176,-0.0843137,-0.3588235,0.2960784,-0.0921569,-0.0215686,0.0450980,-0.1862745,0.4176471,-0.0450980,-0.0960784,-0.2372549,-0.4019608,0.0019608,-0.4058824,-0.2058824,-0.1941176,-0.0843137,-0.3588235
74,-0.2803922,0.4137255,0.3313725,0.2725490,0.4764706,0.0960784,-0.1313725,0.0764706,-0.3392157,0.2333333,0.2686275,-0.4411765,-0.3431373,0.4921569,-0.4215686,0.3784314,-0.2803922,0.4137255,0.3313725,0.2725490,0.4764706,0.0960784,-0.1313725,0.0764706,-0.3392157,0.2333333,0.2686275,-0.4411765,-0.3431373,0.4921569,-0.4215686,0.3784314
75,0.1117647,0.0882353,0.0254902,-0.0098039,-0.2098039,0.4019608,0.3666667,-0.0843137,0.4843137,-0.1156863,-0.0294118,0.1784314,0.4019608,-0.3039216,0.3549020,-0.0882353,0.1117647,0.0882353,0.0254902,-0.0098039,-0.2098039,0.4019608,0.3666667,-0.0843137,0.4843137,-0.1156863,-0.0294118,0.1784314,0.4019608,-0.3039216,0.3549020,-0.0882353
76,-0.2294118,0.2294118,0.1509804,0.1000000,0.3627451,0.3549020,0.1627451,0.1862745,-0.1352941,-0.1901961,0.2019608,-0.1235294,-0.2803922,0.2725490,-0.1274510,-0.4254902,-0.2294118,0.2294118,0.1509804,0.1000000,0.3627451,0.3549020,0.1627451,0.1862745,-0.1352941,-0.1901961,0.2019608,-0.1235294,-0.2803922,0.2725490,-0.1274510,-0.4254902
77,0.0254902,0.2333333,0.2058824,0.2098039,0.3196078,0.3823529,-0.1666667,0.3705882,-0.0725490,-0.3431373,-0.4450980,-0.0725490,0.1941176,0.1078431,-0.3588235,0.4019608,0.0254902,0.2333333,0.2058824,0.2098039,0.3196078,0.3823529,-0.1666667,0.3705882,-0.0725490,-0.3431373,-0.4450980,-0.0725490,0.1941176,0.1078431,-0.3588235,0.4019608
78,0.0568627,-0.2607843,0.0411765,0.4176471,-0.1509804,-0.2960784,0.3274510,-0.1470588,-0.0215686,-0.3235294,-0.4215686,-0.0137255,0.1274510,-0.2764706,0.0960784,-0.3235294,0.0568627,-0.2607843,0.0411765,0.4176471,-0.1509804,-0.2960784,0.3274510,-0.1470588,-0.0215686,-0.3235294,-0.4215686,-0.0137255,0.1274510,-0.2764706,0.0960784,-0.3235294
79,-0.4803922,-0.4137255,0.2098039,-0.3588235,-0.0725490,-0.3588235,-0.3313725,0.3392157,0.0137255,-0.0411765,-0.1666667,-0.2960784,0.0882353,-0.0529412,-0.0019608,-0.2960784,-0.4803922,-0.4137255,0.2098039,-0.3588235,-0.0725490,-0.3588235,-0.3313725,0.3392157,0.0137255,-0.0411765,-0.1666667,-0.2960784,0.0882353,-0.0529412,-0.0019608,-0.2960784
80,0.4450980,0.0529412,0.2098039,-0.3980392,-0.1862745,0.1980392,0.3078431,0.1117647,-0.4764706,-0.3470588,-0.4490196,0.3156863,0.0764706,-0.4411765,0.3000000,-0.1196078,0.4450980,0.0529412,0.2098039,-0.3980392,-0.1862745,0.1980392,0.3078431,0.1117647,-0.4764706,-0.3470588,-0.4490196,0.3156863,0.0764706,-0.4411765,0.3000000,-0.1196078
81,0.0294118,0.3352941,-0.3627451,0.0098039,0.1823529,0.0215686,-0.0372549,0.4843137,-0.0254902,0.4882353,-0.4803922,-0.1274510,0.3666667,-0.1941176,0.3470588,-0.3588235,0.0294118,0.3352941,-0.3627451,0.0098039,0.1823529,0.0215686,-0.0372549,0.4843137,-0.0254902,0.4882353,-0.4803922,-0.1274510,0.3666667,-0.1941176,0.3470588,-0.3588235
82,0.1666667,0.4019608,0.0098039,0.4176471,-0.0843137,-0.2921569,0.3862745,0.4254902,0.1901961,0.2098039,-0.2019608,-0.2843137,0.3196078,-0.0058824,-0.1196078,-0.3392157,0.1666667,0.4019608,0.0098039,0.4176471,-0.0843137,-0.2921569,0.3862745,0.4254902,0.1901961,0.2098039,-0.2019608,-0.2843137,0.3196078,-0.0058824,-0.1196078,-0.3392157
83,0.3470588,0.3352941,0.1980392,0.2607843,-0.2725490,-0.4176471,0.2921569,-0.3627451,-0.4725490,0.3078431,0.2647059,0.0764706,-0.3666667,-0.2725490,0.3274510,0.2215686,0.3470588,0.3352941,0.1980392,0.2607843,-0.2725490,-0.4176471,0.2921569,-0.3627451,-0.4725490,0.3078431,0.2647059,0.0764706,-0.3666667,-0.2725490,0.3274510,0.2215686
84,-0.2607843,-0.2686275,-0.4568627,0.1235294,-0.4529412,-0.2411765,-0.5000000,0.2607843,0.2647059,0.1588235,0.4921569,0.4568627,0.0450980,0.4254902,-0.1117647,0.1274510,-0.2607843,-0.2686275,-0.4568627,0.1235294,-0.4529412,-0.2411765,-0.5000000,0.2607843,0.2647059,0.1588235,0.4921569,0.4568627,0.0450980,0.4254902,-0.1117647,0.1274510
85,-0.1784314,0.2176471,-0.1235294,-0.4137255,0.1901961,0.3823529,-0.4529412,0.0294118,0.1509804,0.1509804,0.0490196,-0.0058824,0.4960784,0.3235294,0.0921569,-0.3352941,-0.1784314,0.2176471,-0.1235294,-0.4137255,0.1901961,0.3823529,-0.4529412,0.0294118,0.1509804,0.1509804,0.0490196,-0.0058824,0.4960784,0.3235294,0.0921569,-0.3352941
86,-0.2882353,0.0725490,-0.1352941,0.3392157,0.2725490,-0.3705882,0.1980392,0.3431373,0.1313725,0.2490196,0.3509804,-0.0882353,0.3352941,0.0450980,-0.0686275,0.1549020,-0.2882353,0.0725490,-0.1352941,0.3392157,0.2725490,-0.3705882,0.1980392,0.3431373,0.1313725,0.2490196,0.3509804,-0.0882353,0.3352941,0.0450980,-0.0686275,0.1549020
87,0.4490196,0.1862745,-0.4333333,0.0294118,-0.2176471,-0.5000000,0.3823529,0.4607843,-0.1901961,0.4254902,-0.2215686,-0.3352941,0.0960784,0.2764706,-0.0764706,-0.1392157,0.4490196,0.1862745,-0.4333333,0.0294118,-0.2176471,-0.5000000,0.3823529,0.4607843,-0.1901961,0.4254902,-0.2215686,-0.3352941,0.0960784,0.2764706,-0.0764706,-0.1392157
88,0.4960784,-0.3941176,0.4372549,0.2568627,-0.3549020,-0.4882353,-0.4764706,-0.1823529,-0.3901961,-0.3313725,-0.4882353,0.1117647,0.3901961,-0.1980392,-0.3823529,0.3627451,0.4960784,-0.3941176,0.4372549,0.2568627,-0.3549020,-0.4882353,-0.4764706,-0.1823529,-0.3901961,-0.3313725,-0.4882353,0.1117647,0.3901961,-0.1980392,-0.3823529,0.3627451
89,0.3352941,0.2333333,-0.3823529,0.4058824,0.4921569,0.0098039,-0.3509804,-0.1549020,-0.4333333,-0.2215686,-0.2686275,0.2058824,0.1862745,0.3509804,-0.2725490,0.2960784,0.3352941,0.2333333,-0.3823529,0.4058824,0.4921569,0.0098039,-0.3509804,-0.1549020,-0.4333333,-0.2215686,-0.2686275,0.2058824,0.1862745,0.3509804,-0.2725490,0.2960784
90,0.0254902,-0.1666667,-0.2921569,-0.0215686,-0.4215686,0.0450980,-0.4568627,-0.5000000,0.2137255,0.3509804,0.4686275,-0.0019608,0.0803922,-0.3117647,-0.2960784,-0.3549020,0.0254902,-0.1666667,-0.2921569,-0.0215686,-0.4215686,0.0450980,-0.4568627,-0.5000000,0.2137255,0.3509804,0.4686275,-0.0019608,0.0803922,-0.3117647,-0.2960784,-0.3549020
91,-0.1549020,0.3078431,-0.1941176,-0.1784314,-0.0137255,-0.0372549,0.1745098,0.3627451,0.0215686,-0.3431373,0.0019608,0.2490196,-0.0176471,0.1156863,-0.2607843,0.4254902,-0.1549020,0.3078431,-0.1941176,-0.1784314,-0.0137255,-0.0372549,0.1745098,0.3627451,0.0215686,-0.3431373,0.0019608,0.2490196,-0.0176471,0.1156863,-0.2607843,0.4254902
92,0.1745098,-0.2960784,-0.4882353,-0.0098039,0.3862745,-0.3117647,-0.4372549,0.0098039,-0.4529412,-0.2058824,-0.1901961,0.3901961,0.4019608,-0.3235294,0.3000000,0.4411765,0.1745098,-0.2960784,-0.4882353,-0.0098039,0.3862745,-0.3117647,-0.4372549,0.0098039,-0.4529412,-0.2058824,-0.1901961,0.3901961,0.4019608,-0.3235294,0.3000000,0.4411765
93,0.2176471,-0.1156863,0.4529412,0.4607843,-0.1784314,0.0843137,0.3352941,0.0137255,0.3549020,0.4058824,0.2490196,-0.3745098,-0.3274510,0.2058824,0.0568627,0.4411765,0.2176471,-0.1156863,0.4529412,0.4607843,-0.1784314,0.0843137,0.3352941,0.0137255,0.3549020,0.4058824,0.2490196,-0.3745098,-0.3274510,0.2058824,0.0568627,0.4411765
94,0.4960784,-0.2764706,-0.0960784,-0.3313725,-0.2960784,-0.0686275,-0.4254902,0.0803922,-0.4215686,-0.2960784,0.1901961,0.1862745,0.4058824,-0.1549020,0.3313725,0.0450980,0.4960784,-0.2764706,-0.0960784,-0.3313725,-0.2960784,-0.0686275,-0.4254902,0.0803922,-0.4215686,-0.2960784,0.1901961,0.1862745,0.4058824,-0.1549020,0.3313725,0.0450980
95,0.1235294,0.1352941,0.0411765,-0.2843137,0.1470588,-0.0647059,-0.3745098,-0.3431373,-0.2529412,0.0529412,0.4098039,-0.2019608,0.0647059,-0.1666667,-0.4803922,0.2725490,0.1235294,0.1352941,0.0411765,-0.2843137,0.1470588,-0.0647059,-0.3745098,-0.3431373,-0.2529412,0.0529412,0.4098039,-0.2019608,0.0647059,-0.1666667,-0.4803922,0.2725490
96,-0.4882353,-0.1509804,0.2098039,-0.0294118,-0.0372549,0.3549020,0.3980392,0.2411765,0.1745098,0.3235294,0.3509804,-0.4333333,-0.2764706,0.4254902,0.0607843,-0.2921569,-0.4882353,-0.1509804,0.2098039,-0.0294118,-0.0372549,0.3549020,0.3980392,0.2411765,0.1745098,0.3235294,0.3509804,-0.4333333,-0.2764706,0.4254902,0.0607843,-0.2921569
97,-0.4176471,0.3823529,-0.1941176,-0.3352941,0.2882353,0.4960784,0.2764706,-0.0490196,-0.3666667,-0.2254902,-0.0725490,-0.0450980,-0.3745098,0.3117647,-0.1392157,-0.0725490,-0.4176471,0.3823529,-0.1941176,-0.3352941,0.2882353,0.4960784,0.2764706,-0.0490196,-0.3666667,-0.2254902,-0.0725490,-0.0450980,-0.3745098,0.3117647,-0.1392157,-0.0725490
98,-0.4019608,-0.0607843,0.2882353,0.3941176,0.3705882,-0.4568627,0.2372549,0.2607843,-0.2215686,0.1078431,0.0803922,-0.4764706,-0.2333333,-0.5000000,-0.4450980,-0.4725490,-0.4019608,-0.0607843,0.2882353,0.3941176,0.3705882,-0.4568627,0.2372549,0.2607843,-0.2215686,0.1078431,0.0803922,-0.4764706,-0.2333333,-0.5000000,-0.4450980,-0.4725490
99,0.4450980,0.2490196,-0.2686275,-0.2529412,-0.4098039,-0.4254902,-0.3000000,-0.0490196,-0.3980392,0.0843137,-0.1117647,-0.5000000,0.0568627,-0.3117647,0.3666667,0.3705882,0.4450980,0.2490196,-0.2686275,-0.2529412,-0.4098039,-0.4254902,-0.3000000,-0.0490196,-0.3980392,0.0843137,-0.1117647,-0.5000000,0.0568627,-0.3117647,0.3666667,0.3705882
100,-0.0411765,-0.0764706,-0.0529412,-0.0294118,0.4568627,-0.0882353,-0.1666667,0.1392157,-0.3705882,0.1549020,0.2490196,0.0725490,-0.4529412,-0.1941176,-0.4294118,0.3980392,-0.0411765,-0.0764706,-0.0529412,-0.0294118,0.4568627,-0.0882353,-0.1666667,0.1392157,-0.3705882,0.1549020,0.2490196,0.0725490,-0.4529412,-0.1941176,-0.4294118,0.3980392
101,-0.1901961,0.4529412,-0.3313725,0.4058824,-0.0333333,0.2411765,0.0058824,-0.0803922,0.1392157,-0.3156863,0.0529412,-0.2607843,0.4019608,0.0647059,0.0058824,0.3431373,-0.1901961,0.4529412,-0.3313725,0.4058824,-0.0333333,0.2411765,0.0058824,-0.0803922,0.1392157,-0.3156863,0.0529412,-0.2607843,0.4019608,0.0647059,0.0058824,0.3431373
102,-0.1235294,0.3705882,0.0686275,0.0960784,0.3509804,0.2921569,-0.0647059,0.4215686,-0.3627451,0.2725490,-0.4294118,0.3000000,-0.1901961,0.4960784,0.3274510,0.3000000,-0.1235294,0.3705882,0.0686275,0.0960784,0.3509804,0.2921569,-0.0647059,0.4215686,-0.3627451,0.2725490,-0.4294118,0.3000000,-0.1901961,0.4960784,0.3274510,0.3000000
103,-0.1274510,-0.4490196,0.0725490,0.0529412,-0.2803922,-0.4137255,0.1235294,0.2607843,0.1313725,-0.1000000,0.2137255,-0.3274510,0.2058824,0.0215686,0.0568627,0.4098039,-0.1274510,-0.4490196,0.0725490,0.0529412,-0.2803922,-0.4137255,0.1235294,0.2607843,0.1313725,-0.1000000,0.2137255,-0.3274510,0.2058824,0.0215686,0.0568627,0.4098039
104,-0.0764706,0.4058824,0.3470588,-0.1235294,0.3196078,-0.1392157,-0.0843137,0.2921569,0.3078431,-0.0725490,-0.3078431,-0.0960784,0.0333333,-0.2568627,-0.4843137,0.2137255,-0.0764706,0.4058824,0.3470588,-0.1235294,0.3196078,-0.1392157,-0.0843137,0.2921569,0.3078431,-0.0725490,-0.3078431,-0.0960784,0.0333333,-0.2568627,-0.4843137,0.2137255
105,0.1274510,0.0490196,-0.0294118,-0.4803922,0.1509804,-0.3941176,-0.2882353,0.3078431,0.0294118,-0.3666667,-0.2607843,0.1000000,-0.2294118,0.0372549,0.3156863,0.2215686,0.1274510,0.0490196,-0.0294118,-0.4803922,0.1509804,-0.3941176,-0.2882353,0.3078431,0.0294118,-0.3666667,-0.2607843,0.1000000,-0.2294118,0.0372549,0.3156863,0.2215686
106,-0.2686275,0.2764706,0.4960784,-0.0411765,0.2411765,0.0921569,-0.2333333,0.4647059,-0.2607843,0.2333333,0.0215686,-0.1078431,-0.0215686,-0.1745098,0.1313725,-0.0529412,-0.2686275,0.2764706,0.4960784,-0.0411765,0.2411765,0.0921569,-0.2333333,0.4647059,-0.2607843,0.2333333,0.0215686,-0.1078431,-0.0215686,-0.1745098,0.1313725,-0.0529412
107,-0.4647059,-0.3627451,0.3509804,-0.1823529,0.1705882,-0.3627451,0.1823529,0.2725490,-0.2098039,0.3705882,-0.1549020,-0.0294118,0.1823529,-0.1705882,-0.3039216,0.2372549,-0.4647059,-0.3627451,0.3509804,-0.1823529,0.1705882,-0.3627451,0.1823529,0.2725490,-0.2098039,0.3705882,-0.1549020,-0.0294118,0.1823529,-0.1705882,-0.3039216,0.2372549
108,0.4176471,-0.3627451,-0.3666667,-0.1862745,0.4960784,0.2098039,-0.2215686,0.3000000,-0.3117647,0.2529412,-0.3588235,-0.2137255,-0.2490196,0.0960784,0.4411765,0.1666667,0.4176471,-0.3627451,-0.3666667,-0.1862745,0.4960784,0.2098039,-0.2215686,0.3000000,-0.3117647,0.2529412,-0.3588235,-0.2137255,-0.2490196,0.0960784,0.4411765,0.1666667
109,-0.0725490,-0.4372549,-0.4607843,-0.0960784,-0.1901961,-0.4960784,0.0921569,0.4764706,0.4137255,0.3470588,0.2137255,0.3156863,0.2568627,0.1901961,0.0529412,0.1431373,-0.0725490,-0.4372549,-0.4607843,-0.0960784,-0.1901961,-0.4960784,0.0921569,0.4764706,0.4137255,0.3470588,0.2137255,0.3156863,0.2568627,0.1901961,0.0529412,0.1431373
110,0.2215686,-0.0137255,0.4294118,-0.3862745,0.4098039,-0.2843137,0.4450980,-0.4490196,0.1549020,0.4490196,0.3470588,-0.4647059,-0.4686275,0.1666667,-0.0019608,0.0215686,0.2215686,-0.0137255,0.4294118,-0.3862745,0.4098039,-0.2843137,0.4450980,-0.4490196,0.1549020,0.4490196,0.3470588,-0.4647059,-0.4686275,0.1666667,-0.0019608,0.0215686
111,-0.3862745,0.3352941,-0.1431373,0.3392157,-0.2647059,0.1705882,0.3588235,0.0176471,0.3627451,0.1941176,-0.1666667,-0.2607843,0.2333333,0.0803922,0.2960784,0.2333333,-0.3862745,0.3352941,-0.1431373,0.3392157,-0.2647059,0.1705882,0.3588235,0.0176471,0.3627451,0.1941176,-0.1666667,-0.2607843,0.2333333,0.0803922,0.2960784,0.2333333
112,-0.4568627,0.0019608,-0.4294118,-0.2411765,0.4764706,0.0686275,0.1431373,-0.3274510,0.1235294,0.0294118,0.3156863,0.1509804,0.1666667,-0.3392157,-0.0686275,-0.1980392,-0.4568627,0.0019608,-0.4294118,-0.2411765,0.4764706,0.0686275,0.1431373,-0.3274510,0.1235294,0.0294118,0.3156863,0.1509804,0.1666667,-0.3392157,-0.0686275,-0.1980392
113,-0.0843137,0.1117647,-0.2450980,-0.2686275,-0.0137255,0.0450980,-0.4803922,-0.2568627,0.4529412,-0.0490196,-0.0411765,-0.0450980,-0.1823529,-0.3196078,-0.1196078,-0.1784314,-0.0843137,0.1117647,-0.2450980,-0.2686275,-0.0137255,0.0450980,-0.4803922,-0.2568627,0.4529412,-0.0490196,-0.0411765,-0.0450980,-0.1823529,-0.3196078,-0.1196078,-0.1784314
114,-0.3588235,0.3392157,-0.2960784,0.2686275,-0.3000000,0.2490196,-0.1666667,0.3313725,0.4176471,0.1352941,0.0058824,0.2294118,0.3784314,0.0686275,-0.3000000,0.0019608,-0.3588235,0.3392157,-0.2960784,0.2686275,-0.3000000,0.2490196,-0.1666667,0.3313725,0.4176471,0.1352941,0.0058824,0.2294118,0.3784314,0.0686275,-0.3000000,0.0019608
115,0.2686275,0.3705882,0.0529412,-0.3313725,-0.2019608,0.0568627,0.1392157,0.0372549,-0.1078431,-0.1980392,0.1705882,0.3705882,-0.0254902,-0.2529412,-0.4647059,-0.4490196,0.2686275,0.3705882,0.0529412,-0.3313725,-0.2019608,0.0568627,0.1392157,0.0372549,-0.1078431,-0.1980392,0.1705882,0.3705882,-0.0254902,-0.2529412,-0.4647059,-0.4490196
116,-0.4882353,0.3705882,-0.3823529,0.3549020,-0.1078431,-0.2960784,0.4411765,-0.1117647,0.4411765,0.1549020,-0.2921569,-0.1901961,-0.2294118,0.3588235,-0.3745098,0.0960784,-0.4882353,0.3705882,-0.3823529,0.3549020,-0.1078431,-0.2960784,0.4411765,-0.1117647,0.4411765,0.1549020,-0.2921569,-0.1901961,-0.2294118,0.3588235,-0.3745098,0.0960784
117,-0.4372549,-0.0411765,0.3117647,-0.1509804,0.2333333,0.0529412,-0.0568627,-0.2058824,0.4607843,-0.1745098,0.4450980,-0.3745098,0.1549020,0.0098039,0.0490196,-0.3352941,-0.4372549,-0.0411765,0.3117647,-0.1509804,0.2333333,0.0529412,-0.0568627,-0.2058824,0.4607843,-0.1745098,0.4450980,-0.3745098,0.1549020,0.0098039,0.0490196,-0.3352941
118,-0.1862745,-0.4843137,-0.2490196,0.2921569,0.1901961,0.0843137,-0.2764706,0.4294118,-0.1352941,-0.4686275,-0.4725490,0.4372549,0.4450980,0.2450980,0.0411765,-0.3470588,-0.1862745,-0.4843137,-0.2490196,0.2921569,0.1901961,0.0843137,-0.2764706,0.4294118,-0.1352941,-0.4686275,-0.4725490,0.4372549,0.4450980,0.2450980,0.0411765,-0.3470588
119,-0.3941176,-0.3235294,0.4607843,0.3588235,0.4019608,-0.2921569,-0.0607843,-0.1196078,-0.3000000,0.3313725,0.1313725,0.0921569,0.1901961,0.1313725,-0.2411765,0.2686275,-0.3941176,-0.3235294,0.4607843,0.3588235,0.4019608,-0.2921569,-0.0607843,-0.1196078,-0.3000000,0.3313725,0.1313725,0.0921569,0.1901961,0.1313725,-0.2411765,0.2686275
120,0.2450980,0.0058824,-0.4568627,-0.1588235,-0.2137255,0.3431373,-0.1470588,-0.3470588,-0.1156863,0.2843137,-0.2843137,-0.1196078,0.2450980,0.2215686,-0.1549020,0.1941176,0.2450980,0.0058824,-0.4568627,-0.1588235,-0.2137255,0.3431373,-0.1470588,-0.3470588,-0.1156863,0.2843137,-0.2843137,-0.1196078,0.2450980,0.2215686,-0.1549020,0.1941176
121,-0.1392157,-0.1509804,-0.0803922,0.3431373,0.3705882,0.3196078,-0.2607843,0.0568627,-0.4686275,0.1980392,-0.4921569,0.2372549,-0.1666667,-0.1196078,-0.2882353,-0.4058824,-0.1392157,-0.1509804,-0.0803922,0.3431373,0.3705882,0.3196078,-0.2607843,0.0568627,-0.4686275,0.1980392,-0.4921569,0.2372549,-0.1666667,-0.1196078,-0.2882353,-0.4058824
122,-0.0490196,-0.4960784,0.0411765,0.4215686,-0.0960784,-0.1941176,-0.2294118,0.3627451,-0.0921569,0.4725490,0.4137255,0.3392157,-0.4411765,-0.3313725,-0.1235294,-0.4647059,-0.0490196,-0.4960784,0.0411765,0.4215686,-0.0960784,-0.1941176,-0.2294118,0.3627451,-0.0921569,0.4725490,0.4137255,0.3392157,-0.4411765,-0.3313725,-0.1235294,-0.4647059
123,-0.2647059,-0.0764706,0.0137255,-0.2058824,-0.3745098,0.2568627,0.0450980,-0.1313725,-0.4686275,0.1392157,-0.2333333,-0.0529412,0.2254902,0.2450980,0.1509804,-0.0490196,-0.2647059,-0.0764706,0.0137255,-0.2058824,-0.3745098,0.2568627,0.0450980,-0.1313725,-0.4686275,0.1392157,-0.2333333,-0.0529412,0.2254902,0.2450980,0.1509804,-0.0490196
124,-0.3196078,-0.4137255,-0.1156863,-0.1627451,0.2215686,0.3588235,-0.2333333,-0.4607843,0.0529412,0.1156863,0.3000000,0.4686275,0.2294118,0.4647059,0.1235294,-0.1196078,-0.3196078,-0.4137255,-0.1156863,-0.1627451,0.2215686,0.3588235,-0.2333333,-0.4607843,0.0529412,0.1156863,0.3000000,0.4686275,0.2294118,0.4647059,0.1235294,-0.1196078
125,-0.3823529,-0.3039216,0.3313725,-0.2215686,-0.2921569,-0.1549020,-0.3627451,-0.0725490,0.4215686,0.0568627,0.1392157,-0.0921569,-0.2019608,0.1274510,-0.2098039,-0.3078431,-0.3823529,-0.3039216,0.3313725,-0.2215686,-0.2921569,-0.1549020,-0.3627451,-0.0725490,0.4215686,0.0568627,0.1392157,-0.0921569,-0.2019608,0.1274510,-0.2098039,-0.3078431
126,-0.3627451,0.2058824,0.0607843,-0.3392157,-0.3156863,0.2411765,0.0803922,-0.2529412,-0.4254902,-0.0450980,-0.3313725,0.0019608,-0.2058824,0.2019608,-0.4333333,0.2450980,-0.3627451,0.2058824,0.0607843,-0.3392157,-0.3156863,0.2411765,0.0803922,-0.2529412,-0.4254902,-0.0450980,-0.3313725,0.0019608,-0.2058824,0.2019608,-0.4333333,0.2450980
127,-0.2176471,0.4607843,0.2960784,-0.2686275,-0.3470588,-0.1745098,0.3901961,-0.1000000,0.4882353,-0.1745098,0.4882353,0.0843137,-0.2882353,-0.1352941,-0.1117647,-0.4921569,-0.2176471,0.4607843,0.2960784,-0.2686275,-0.3470588,-0.1745098,0.3901961,-0.1000000,0.4882353,-0.1745098,0.4882353,0.0843137,-0.2882353,-0.1352941,-0.1117647,-0.4921569
128,-0.0372549,-0.0568627,0.0137255,-0.3000000,0.4294118,-0.1705882,0.2215686,0.0529412,0.4098039,-0.4647059,0.4372549,-0.1509804,0.2450980,-0.5000000,0.1901961,0.3039216,-0.0372549,-0.0568627,0.0137255,-0.3000000,0.4294118,-0.1705882,0.2215686,0.0529412,0.4098039,-0.4647059,0.4372549,-0.1509804,0.2450980,-0.5000000,0.1901961,0.3039216
129,0.3431373,0.1235294,0.3784314,-0.0490196,-0.2019608,-0.0490196,0.2686275,0.3235294,-0.3235294,-0.4960784,0.1549020,0.2333333,0.0176471,-0.3078431,0.4490196,0.2098039,0.3431373,0.1235294,0.3784314,-0.0490196,-0.2019608,-0.0490196,0.2686275,0.3235294,-0.3235294,-0.4960784,0.1549020,0.2333333,0.0176471,-0.3078431,0.4490196,0.2098039
130,-0.3117647,-0.1235294,-0.2333333,-0.2921569,-0.2921569,0.3078431,-0.0764706,0.0843137,0.4882353,0.1117647,-0.4215686,0.4372549,-0.1431373,0.0803922,0.3549020,-0.1588235,-0.3117647,-0.1235294,-0.2333333,-0.2921569,-0.2921569,0.3078431,-0.0764706,0.0843137,0.4882353,0.1117647,-0.4215686,0.4372549,-0.1431373,0.0803922,0.3549020,-0.1588235
131,0.3509804,0.4294118,0.1627451,-0.0490196,-0.2607843,-0.0490196,0.2607843,-0.4803922,-0.3470588,-0.0411765,-0.2019608,0.2372549,0.2254902,0.0568627,-0.0333333,-0.2725490,0.3509804,0.4294118,0.1627451,-0.0490196,-0.2607843,-0.0490196,0.2607843,-0.4803922,-0.3470588,-0.0411765,-0.2019608,0.2372549,0.2254902,0.0568627,-0.0333333,-0.2725490
132,-0.4607843,0.0137255,0.3196078,-0.0294118,0.1392157,-0.2372549,-0.2019608,0.3705882,-0.2529412,0.4725490,-0.3588235,0.3901961,0.2372549,-0.3627451,-0.0254902,0.2803922,-0.4607843,0.0137255,0.3196078,-0.0294118,0.1392157,-0.2372549,-0.2019608,0.3705882,-0.2529412,0.4725490,-0.3588235,0.3901961,0.2372549,-0.3627451,-0.0254902,0.2803922
133,-0.1470588,0.3196078,-0.0490196,0.0333333,-0.0450980,0.2176471,-0.1235294,0.4529412,0.3431373,0.0333333,0.2529412,0.2607843,-0.3862745,-0.2607843,-0.4921569,0.1549020,-0.1470588,0.3196078,-0.0490196,0.0333333,-0.0450980,0.2176471,-0.1235294,0.4529412,0.3431373,0.0333333,0.2529412,0.2607843,-0.3862745,-0.2607843,-0.4921569,0.1549020
134,0.2960784,0.4333333,0.4058824,-0.0372549,0.0176471,-0.4803922,0.1941176,-0.3980392,0.4215686,0.3117647,-0.0686275,-0.3470588,0.1470588,0.0215686,0.3117647,0.1784314,0.2960784,0.4333333,0.4058824,-0.0372549,0.0176471,-0.4803922,0.1941176,-0.3980392,0.4215686,0.3117647,-0.0686275,-0.3470588,0.1470588,0.0215686,0.3117647,0.1784314
135,-0.3313725,0.2921569,-0.2764706,0.1392157,0.0294118,0.4686275,-0.4764706,-0.1588235,0.1156863,0.1549020,0.2764706,0.4882353,-0.1313725,-0.1509804,0.4294118,-0.0450980,-0.3313725,0.2921569,-0.2764706,0.1392157,0.0294118,0.4686275,-0.4764706,-0.1588235,0.1156863,0.1549020,0.2764706,0.4882353,-0.1313725,-0.1509804,0.4294118,-0.0450980
136,0.3313725,-0.3352941,-0.4372549,0.0607843,-0.2725490,-0.2568627,0.0529412,-0.0960784,0.2725490,0.2215686,-0.4450980,0.0098039,0.2294118,0.2411765,-0.0764706,0.1627451,0.3313725,-0.3352941,-0.4372549,0.0607843,-0.2725490,-0.2568627,0.0529412,-0.0960784,0.2725490,0.2215686,-0.4450980,0.0098039,0.2294118,0.2411765,-0.0764706,0.1627451
137,0.1823529,-0.1941176,0.3235294,-0.1980392,0.5000000,0.2058824,0.2372549,-0.2019608,0.0764706,-0.0686275,0.4647059,-0.4058824,0.1627451,0.4490196,0.2686275,0.3352941,0.1823529,-0.1941176,0.3235294,-0.1980392,0.5000000,0.2058824,0.2372549,-0.2019608,0.0764706,-0.0686275,0.4647059,-0.4058824,0.1627451,0.4490196,0.2686275,0.3352941
138,-0.3352941,0.0529412,-0.1352941,-0.4372549,-0.1431373,0.1470588,0.1156863,0.1470588,0.3156863,0.4411765,-0.4058824,-0.1235294,0.1470588,0.2882353,0.4803922,0.4333333,-0.3352941,0.0529412,-0.1352941,-0.4372549,-0.1431373,0.1470588,0.1156863,0.1470588,0.3156863,0.4411765,-0.4058824,-0.1235294,0.1470588,0.2882353,0.4803922,0.4333333
139,0.2372549,0.2450980,-0.1392157,0.1078431,-0.3392157,0.0098039,-0.4607843,-0.2176471,-0.4529412,-0.4137255,-0.4490196,-0.2294118,-0.3549020,0.2686275,-0.4294118,-0.4176471,0.2372549,0.2450980,-0.1392157,0.1078431,-0.3392157,0.0098039,-0.4607843,-0.2176471,-0.4529412,-0.4137255,-0.4490196,-0.2294118,-0.3549020,0.2686275,-0.4294118,-0.4176471
140,-0.2960784,0.3196078,0.2568627,-0.4725490,0.2843137,0.1823529,0.0607843,0.2843137,0.0098039,-0.3784314,-0.3627451,-0.3000000,-0.1627451,0.1117647,0.2843137,-0.2882353,-0.2960784,0.3196078,0.2568627,-0.4725490,0.2843137,0.1823529,0.0607843,0.2843137,0.0098039,-0.3784314,-0.3627451,-0.3000000,-0.1627451,0.1117647,0.2843137,-0.2882353
141,-0.1039216,-0.1196078,0.4254902,0.2137255,-0.4843137,-0.4843137,-0.2450980,-0.4254902,-0.4960784,-0.4254902,-0.3784314,-0.0490196,0.0019608,-0.1313725,0.1823529,-0.0764706,-0.1039216,-0.1196078,0.4254902,0.2137255,-0.4843137,-0.4843137,-0.2450980,-0.4254902,-0.4960784,-0.4254902,-0.3784314,-0.0490196,0.0019608,-0.1313725,0.1823529,-0.0764706
142,-0.3588235,0.1901961,-0.1313725,-0.1196078,-0.4058824,-0.0607843,0.3392157,-0.2411765,-0.4568627,-0.0607843,0.1000000,0.1274510,-0.3745098,0.1588235,0.4372549,0.3313725,-0.3588235,0.1901961,-0.1313725,-0.1196078,-0.4058824,-0.0607843,0.3392157,-0.2411765,-0.4568627,-0.0607843,0.1000000,0.1274510,-0.3745098,0.1588235,0.4372549,0.3313725
143,-0.2058824,-0.1313725,0.1627451,0.0215686,0.2921569,0.4529412,-0.1980392,-0.1274510,-0.0372549,-0.1156863,-0.3078431,0.1156863,-0.3431373,0.3274510,-0.3352941,0.0450980,-0.2058824,-0.1313725,0.1627451,0.0215686,0.2921569,0.4529412,-0.1980392,-0.1274510,-0.0372549,-0.1156863,-0.3078431,0.1156863,-0.3431373,0.3274510,-0.3352941,0.0450980
144,0.4372549,-0.2921569,0.2725490,-0.3196078,-0.4215686,0.3235294,0.2058824,-0.3588235,0.1352941,-0.2411765,0.0254902,0.0058824,-0.0254902,0.3156863,-0.3745098,0.3509804,0.4372549,-0.2921569,0.2725490,-0.3196078,-0.4215686,0.3235294,0.2058824,-0.3588235,0.1352941,-0.2411765,0.0254902,0.0058824,-0.0254902,0.3156863,-0.3745098,0.3509804
145,-0.3745098,-0.3313725,-0.3117647,-0.3509804,-0.0490196,-0.1980392,0.0921569,-0.3745098,0.1117647,-0.4803922,-0.1235294,0.0607843,0.1235294,0.2294118,0.2725490,-0.1823529,-0.3745098,-0.3313725,-0.3117647,-0.3509804,-0.0490196,-0.1980392,0.0921569,-0.3745098,0.1117647,-0.4803922,-0.1235294,0.0607843,0.1235294,0.2294118,0.2725490,-0.1823529
146,-0.1196078,0.2568627,0.4803922,0.3745098,0.2019608,0.3117647,0.2764706,-0.3392157,-0.2333333,0.3274510,0.4176471,-0.2686275,0.3901961,0.4764706,0.3862745,0.4921569,-0.1196078,0.2568627,0.4803922,0.3745098,0.2019608,0.3117647,0.2764706,-0.3392157,-0.2333333,0.3274510,0.4176471,-0.2686275,0.3901961,0.4764706,0.3862745,0.4921569
147,-0.1549020,0.4568627,0.3235294,-0.0529412,0.0058824,-0.3745098,-0.3980392,0.0019608,0.0647059,-0.0921569,0.3000000,0.3000000,0.3156863,-0.3313725,0.0333333,-0.2333333,-0.1549020,0.4568627,0.3235294,-0.0529412,0.0058824,-0.3745098,-0.3980392,0.0019608,0.0647059,-0.0921569,0.3000000,0.3000000,0.3156863,-0.3313725,0.0333333,-0.2333333
148,0.0647059,0.4568627,-0.2450980,0.1392157,0.4450980,0.0254902,0.4960784,0.3745098,-0.1509804,-0.2921569,0.1588235,-0.3470588,0.1627451,0.2294118,0.3549020,-0.2843137,0.0647059,0.4568627,-0.2450980,0.1392157,0.4450980,0.0254902,0.4960784,0.3745098,-0.1509804,-0.2921569,0.1588235,-0.3470588,0.1627451,0.2294118,0.3549020,-0.2843137
149,0.1196078,0.0019608,-0.2450980,0.3901961,-0.3470588,-0.2098039,0.1627451,0.3823529,-0.3156863,-0.1352941,-0.1823529,0.4725490,-0.0450980,-0.3549020,0.3941176,-0.0882353,0.1196078,0.0019608,-0.2450980,0.3901961,-0.3470588,-0.2098039,0.1627451,0.3823529,-0.3156863,-0.1352941,-0.1823529,0.4725490,-0.0450980,-0.3549020,0.3941176,-0.0882353
150,-0.3823529,-0.2411765,0.2333333,-0.2450980,0.1078431,0.0568627,0.2764706,0.4568627,-0.1039216,-0.2960784,0.3941176,-0.3039216,-0.4960784,0.3509804,-0.0647059,-0.3823529,-0.3823529,-0.2411765,0.2333333,-0.2450980,0.1078431,0.0568627,0.2764706,0.4568627,-0.1039216,-0.2960784,0.3941176,-0.3039216,-0.4960784,0.3509804,-0.0647059,-0.3823529
151,-0.2333333,0.1862745,-0.3313725,0.3705882,-0.4607843,0.3274510,-0.2921569,-0.2882353,0.3196078,0.0764706,0.1823529,0.0490196,-0.3745098,-0.1666667,-0.3156863,0.0176471,-0.2333333,0.1862745,-0.3313725,0.3705882,-0.4607843,0.3274510,-0.2921569,-0.2882353,0.3196078,0.0764706,0.1823529,0.0490196,-0.3745098,-0.1666667,-0.3156863,0.0176471
152,-0.0058824,-0.3235294,0.1745098,0.2411765,0.3588235,0.0490196,-0.2960784,-0.3549020,0.3705882,0.1000000,0.2647059,0.1431373,0.1705882,-0.3784314,0.2294118,0.1078431,-0.0058824,-0.3235294,0.1745098,0.2411765,0.3588235,0.0490196,-0.2960784,-0.3549020,0.3705882,0.1000000,0.2647059,0.1431373,0.1705882,-0.3784314,0.2294118,0.1078431
153,-0.0137255,0.0098039,-0.2058824,-0.2921569,0.3901961,0.1862745,0.0882353,0.0607843,-0.1078431,0.3862745,-0.3784314,-0.1235294,0.4450980,0.3980392,0.3196078,-0.4529412,-0.0137255,0.0098039,-0.2058824,-0.2921569,0.3901961,0.1862745,0.0882353,0.0607843,-0.1078431,0.3862745,-0.3784314,-0.1235294,0.4450980,0.3980392,0.3196078,-0.4529412
154,-0.1078431,-0.2058824,-0.4686275,0.4764706,-0.1156863,0.2411765,0.0607843,0.0333333,0.4647059,0.2490196,-0.1039216,-0.4411765,-0.3235294,-0.4098039,0.4607843,-0.4294118,-0.1078431,-0.2058824,-0.4686275,0.4764706,-0.1156863,0.2411765,0.0607843,0.0333333,0.4647059,0.2490196,-0.1039216,-0.4411765,-0.3235294,-0.4098039,0.4607843,-0.4294118
155,-0.1784314,0.1980392,-0.4450980,0.3784314,-0.1039216,-0.3666667,-0.1000000,0.1823529,-0.0098039,0.3313725,-0.2764706,-0.0529412,-0.3117647,0.0137255,0.3980392,-0.2215686,-0.1784314,0.1980392,-0.4450980,0.3784314,-0.1039216,-0.3666667,-0.1000000,0.1823529,-0.0098039,0.3313725,-0.2764706,-0.0529412,-0.3117647,0.0137255,0.3980392,-0.2215686
156,0.2725490,-0.1117647,-0.3509804,0.3509804,-0.4647059,-0.5000000,-0.3627451,0.2333333,-0.1784314,0.4764706,-0.3666667,-0.0333333,0.3980392,-0.2333333,-0.4411765,-0.1274510,0.2725490,-0.1117647,-0.3509804,0.3509804,-0.4647059,-0.5000000,-0.3627451,0.2333333,-0.1784314,0.4764706,-0.3666667,-0.0333333,0.3980392,-0.2333333,-0.4411765,-0.1274510
157,0.0215686,0.3117647,-0.3235294,0.1039216,0.0411765,0.0882353,0.4294118,0.1941176,-0.0450980,-0.0411765,0.0764706,-0.0882353,0.5000000,-0.0333333,0.0960784,-0.4098039,0.0215686,0.3117647,-0.3235294,0.1039216,0.0411765,0.0882353,0.4294118,0.1941176,-0.0450980,-0.0411765,0.0764706,-0.0882353,0.5000000,-0.0333333,0.0960784,-0.4098039
158,-0.2686275,0.1745098,-0.3627451,-0.1196078,0.1196078,0.2254902,-0.2686275,-0.4490196,-0.5000000,-0.3196078,0.3392157,-0.3039216,0.0607843,-0.3941176,-0.2215686,0.1392157,-0.2686275,0.1745098,-0.3627451,-0.1196078,0.1196078,0.2254902,-0.2686275,-0.4490196,-0.5000000,-0.3196078,0.3392157,-0.3039216,0.0607843,-0.3941176,-0.2215686,0.1392157
159,0.3627451,0.3313725,0.2333333,-0.0019608,-0.4568627,0.4921569,0.3941176,0.1313725,-0.4019608,0.3470588,0.0803922,-0.3000000,-0.4529412,0.4960784,-0.4764706,0.1313725,0.3627451,0.3313725,0.2333333,-0.0019608,-0.4568627,0.4921569,0.3941176,0.1313725,-0.4019608,0.3470588,0.0803922,-0.3000000,-0.4529412,0.4960784,-0.4764706,0.1313725
160,0.1627451,0.0019608,0.2529412,0.0137255,-0.4686275,-0.2568627,0.4215686,0.1352941,0.3000000,-0.1823529,-0.1901961,-0.2960784,-0.0607843,-0.1274510,-0.1274510,-0.3588235,0.1627451,0.0019608,0.2529412,0.0137255,-0.4686275,-0.2568627,0.4215686,0.1352941,0.3000000,-0.1823529,-0.1901961,-0.2960784,-0.0607843,-0.1274510,-0.1274510,-0.3588235
161,-0.0254902,-0.2450980,-0.2411765,0.2176471,-0.1196078,-0.2960784,0.2882353,-0.0176471,0.2529412,0.3862745,-0.1431373,0.2686275,0.1352941,-0.2098039,-0.3823529,-0.4411765,-0.0254902,-0.2450980,-0.2411765,0.2176471,-0.1196078,-0.2960784,0.2882353,-0.0176471,0.2529412,0.3862745,-0.1431373,0.2686275,0.1352941,-0.2098039,-0.3823529,-0.4411765
162,-0.1627451,0.4607843,-0.3235294,-0.1901961,-0.1549020,0.1196078,0.1901961,-0.2137255,0.4529412,-0.0411765,0.4098039,-0.3470588,0.3745098,-0.3941176,0.2568627,-0.0607843,-0.1627451,0.4607843,-0.3235294,-0.1901961,-0.1549020,0.1196078,0.1901961,-0.2137255,0.4529412,-0.0411765,0.4098039,-0.3470588,0.3745098,-0.3941176,0.2568627,-0.0607843
163,0.3392157,-0.3588235,0.3000000,-0.3941176,-0.4647059,0.3901961,0.2803922,-0.3627451,-0.1862745,-0.2607843,0.3941176,0.2725490,-0.3666667,0.1431373,0.0058824,-0.2568627,0.3392157,-0.3588235,0.3000000,-0.3941176,-0.4647059,0.3901961,0.2803922,-0.3627451,-0.1862745,-0.2607843,0.3941176,0.2725490,-0.3666667,0.1431373,0.0058824,-0.2568627
164,-0.4294118,-0.1313725,0.0254902,-0.3901961,-0.4137255,-0.2137255,0.2137255,-0.0019608,0.4725490,0.1313725,0.0921569,0.1000000,0.4254902,-0.4529412,0.3274510,-0.2176471,-0.4294118,-0.1313725,0.0254902,-0.3901961,-0.4137255,-0.2137255,0.2137255,-0.0019608,0.4725490,0.1313725,0.0921569,0.1000000,0.4254902,-0.4529412,0.3274510,-0.2176471
165,0.4450980,-0.3470588,0.1196078,0.2215686,0.4568627,-0.4647059,-0.1117647,0.4843137,0.3666667,0.1588235,-0.4137255,-0.0803922,-0.2647059,-0.0137255,-0.2686275,0.1274510,0.4450980,-0.3470588,0.1196078,0.2215686,0.4568627,-0.4647059,-0.1117647,0.4843137,0.3666667,0.1588235,-0.4137255,-0.0803922,-0.2647059,-0.0137255,-0.2686275,0.1274510
166,0.3274510,0.4450980,-0.3627451,0.4921569,0.3431373,-0.4176471,-0.0960784,0.3392157,0.3509804,0.4568627,0.3431373,0.3392157,0.3274510,0.3666667,0.1509804,-0.1588235,0.3274510,0.4450980,-0.3627451,0.4921569,0.3431373,-0.4176471,-0.0960784,0.3392157,0.3509804,0.4568627,0.3431373,0.3392157,0.3274510,0.3666667,0.1509804,-0.1588235
167,-0.1549020,0.0372549,0.4333333,-0.5000000,0.2725490,0.0294118,0.3000000,-0.4215686,0.0372549,0.4372549,-0.0254902,-0.1274510,-0.3156863,0.4960784,0.1549020,-0.3392157,-0.1549020,0.0372549,0.4333333,-0.5000000,0.2725490,0.0294118,0.3000000,-0.4215686,0.0372549,0.4372549,-0.0254902,-0.1274510,-0.3156863,0.4960784,0.1549020,-0.3392157
168,0.5000000,0.1823529,0.0725490,-0.4843137,0.1470588,0.3588235,0.0568627,0.1549020,0.0803922,-0.2490196,-0.4411765,0.0137255,-0.2490196,-0.3588235,-0.2137255,0.1352941,0.5000000,0.1823529,0.0725490,-0.4843137,0.1470588,0.3588235,0.0568627,0.1549020,0.0803922,-0.2490196,-0.4411765,0.0137255,-0.2490196,-0.3588235,-0.2137255,0.1352941
169,0.1823529,0.2098039,-0.0137255,-0.0607843,-0.3235294,0.2568627,0.4490196,-0.3156863,-0.3509804,-0.3392157,-0.4960784,0.0803922,-0.1784314,-0.0333333,0.4372549,0.1117647,0.1823529,0.2098039,-0.0137255,-0.0607843,-0.3235294,0.2568627,0.4490196,-0.3156863,-0.3509804,-0.3392157,-0.4960784,0.0803922,-0.1784314,-0.0333333,0.4372549,0.1117647
170,-0.1470588,0.0960784,0.2686275,0.4411765,-0.2411765,0.0215686,0.4803922,0.0333333,-0.2372549,0.1980392,-0.2450980,-0.0450980,-0.0843137,-0.1862745,0.1392157,0.0568627,-0.1470588,0.0960784,0.2686275,0.4411765,-0.2411765,0.0215686,0.4803922,0.0333333,-0.2372549,0.1980392,-0.2450980,-0.0450980,-0.0843137,-0.1862745,0.1392157,0.0568627
171,-0.2921569,0.3117647,0.0372549,0.1509804,0.4058824,0.0725490,-0.1980392,-0.4921569,0.0843137,-0.4490196,-0.2019608,-0.3980392,-0.1588235,0.1784314,-0.2058824,0.4490196,-0.2921569,0.3117647,0.0372549,0.1509804,0.4058824,0.0725490,-0.1980392,-0.4921569,0.0843137,-0.4490196,-0.2019608,-0.3980392,-0.1588235,0.1784314,-0.2058824,0.4490196
172,-0.3549020,0.4137255,0.1274510,0.1980392,0.4764706,0.4058824,0.2607843,-0.1235294,-0.4176471,0.4254902,0.3901961,-0.0294118,-0.1862745,-0.3274510,0.3549020,-0.0529412,-0.3549020,0.4137255,0.1274510,0.1980392,0.4764706,0.4058824,0.2607843,-0.1235294,-0.4176471,0.4254902,0.3901961,-0.0294118,-0.1862745,-0.3274510,0.3549020,-0.0529412
173,0.2960784,-0.0921569,-0.0215686,0.0450980,-0.1862745,0.4176471,-0.0450980,-0.0960784,-0.2372549,-0.4019608,0.0019608,-0.4058824,-0.2058824,-0.1941176,-0.0843137,-0.3588235,0.2960784,-0.0921569,-0.0215686,0.0450980,-0.1862745,0.4176471,-0.0450980,-0.0960784,-0.2372549,-0.4019608,0.0019608,-0.4058824,-0.2058824,-0.1941176,-0.0843137,-0.3588235
174,-0.2803922,0.4137255,0.3313725,0.2725490,0.4764706,0.0960784,-0.1313725,0.0764706,-0.3392157,0.2333333,0.2686275,-0.4411765,-0.3431373,0.4921569,-0.4215686,0.3784314,-0.2803922,0.4137255,0.3313725,0.2725490,0.4764706,0.0960784,-0.1313725,0.0764706,-0.3392157,0.2333333,0.2686275,-0.4411765,-0.3431373,0.4921569,-0.4215686,0.3784314
175,0.1117647,0.0882353,0.0254902,-0.0098039,-0.2098039,0.4019608,0.3666667,-0.0843137,0.4843137,-0.1156863,-0.0294118,0.1784314,0.4019608,-0.3039216,0.3549020,-0.0882353,0.1117647,0.0882353,0.0254902,-0.0098039,-0.2098039,0.4019608,0.3666667,-0.0843137,0.4843137,-0.1156863,-0.0294118,0.1784314,0.4019608,-0.3039216,0.3549020,-0.0882353
176,-0.2294118,0.2294118,0.1509804,0.1000000,0.3627451,0.3549020,0.1627451,0.1862745,-0.1352941,-0.1901961,0.2019608,-0.1235294,-0.2803922,0.2725490,-0.1274510,-0.4254902,-0.2294118,0.2294118,0.1509804,0.1000000,0.3627451,0.3549020,0.1627451,0.1862745,-0.1352941,-0.1901961,0.2019608,-0.1235294,-0.2803922,0.2725490,-0.1274510,-0.4254902
177,0.0254902,0.2333333,0.2058824,0.2098039,0.3196078,0.3823529,-0.1666667,0.3705882,-0.0725490,-0.3431373,-0.4450980,-0.0725490,0.1941176,0.1078431,-0.3588235,0.4019608,0.0254902,0.2333333,0.2058824,0.2098039,0.3196078,0.3823529,-0.1666667,0.3705882,-0.0725490,-0.3431373,-0.4450980,-0.0725490,0.1941176,0.1078431,-0.3588235,0.4019608
178,0.0568627,-0.2607843,0.0411765,0.4176471,-0.1509804,-0.2960784,0.3274510,-0.1470588,-0.0215686,-0.3235294,-0.4215686,-0.0137255,0.1274510,-0.2764706,0.0960784,-0.3235294,0.0568627,-0.2607843,0.0411765,0.4176471,-0.1509804,-0.2960784,0.3274510,-0.1470588,-0.0215686,-0.3235294,-0.4215686,-0.0137255,0.1274510,-0.2764706,0.0960784,-0.3235294
179,-0.4803922,-0.4137255,0.2098039,-0.3588235,-0.0725490,-0.3588235,-0.3313725,0.3392157,0.0137255,-0.0411765,-0.1666667,-0.2960784,0.0882353,-0.0529412,-0.0019608,-0.2960784,-0.4803922,-0.4137255,0.2098039,-0.3588235,-0.0725490,-0.3588235,-0.3313725,0.3392157,0.0137255,-0.0411765,-0.1666667,-0.2960784,0.0882353,-0.0529412,-0.0019608,-0.2960784
180,0.4450980,0.0529412,0.2098039,-0.3980392,-0.1862745,0.1980392,0.3078431,0.1117647,-0.4764706,-0.3470588,-0.4490196,0.3156863,0.0764706,-0.4411765,0.3000000,-0.1196078,0.4450980,0.0529412,0.2098039,-0.3980392,-0.1862745,0.1980392,0.3078431,0.1117647,-0.4764706,-0.3470588,-0.4490196,0.3156863,0.0764706,-0.4411765,0.3000000,-0.1196078
181,0.0294118,0.3352941,-0.3627451,0.0098039,0.1823529,0.0215686,-0.0372549,0.4843137,-0.0254902,0.4882353,-0.4803922,-0.1274510,0.3666667,-0.1941176,0.3470588,-0.3588235,0.0294118,0.3352941,-0.3627451,0.0098039,0.1823529,0.0215686,-0.0372549,0.4843137,-0.0254902,0.4882353,-0.4803922,-0.1274510,0.3666667,-0.1941176,0.3470588,-0.3588235
182,0.1666667,0.4019608,0.0098039,0.4176471,-0.0843137,-0.2921569,0.3862745,0.4254902,0.1901961,0.2098039,-0.2019608,-0.2843137,0.3196078,-0.0058824,-0.1196078,-0.3392157,0.1666667,0.4019608,0.0098039,0.4176471,-0.0843137,-0.2921569,0.3862745,0.4254902,0.1901961,0.2098039,-0.2019608,-0.2843137,0.3196078,-0.0058824,-0.1196078,-0.3392157
183,0.3470588,0.3352941,0.1980392,0.2607843,-0.2725490,-0.4176471,0.2921569,-0.3627451,-0.4725490,0.3078431,0.2647059,0.0764706,-0.3666667,-0.2725490,0.3274510,0.2215686,0.3470588,0.3352941,0.1980392,0.2607843,-0.2725490,-0.4176471,0.2921569,-0.3627451,-0.4725490,0.3078431,0.2647059,0.0764706,-0.3666667,-0.2725490,0.3274510,0.2215686
184,-0.2607843,-0.2686275,-0.4568627,0.1235294,-0.4529412,-0.2411765,-0.5000000,0.2607843,0.2647059,0.1588235,0.4921569,0.4568627,0.0450980,0.4254902,-0.1117647,0.1274510,-0.2607843,-0.2686275,-0.4568627,0.1235294,-0.4529412,-0.2411765,-0.5000000,0.2607843,0.2647059,0.1588235,0.4921569,0.4568627,0.0450980,0.4254902,-0.1117647,0.1274510
185,-0.1784314,0.2176471,-0.1235294,-0.4137255,0.1901961,0.3823529,-0.4529412,0.0294118,0.1509804,0.1509804,0.0490196,-0.0058824,0.4960784,0.3235294,0.0921569,-0.3352941,-0.1784314,0.2176471,-0.1235294,-0.4137255,0.1901961,0.3823529,-0.4529412,0.0294118,0.1509804,0.1509804,0.0490196,-0.0058824,0.4960784,0.3235294,0.0921569,-0.3352941
186,-0.2882353,0.0725490,-0.1352941,0.3392157,0.2725490,-0.3705882,0.1980392,0.3431373,0.1313725,0.2490196,0.3509804,-0.0882353,0.3352941,0.0450980,-0.0686275,0.1549020,-0.2882353,0.0725490,-0.1352941,0.3392157,0.2725490,-0.3705882,0.1980392,0.3431373,0.1313725,0.2490196,0.3509804,-0.0882353,0.3352941,0.0450980,-0.0686275,0.1549020
187,0.4490196,0.1862745,-0.4333333,0.0294118,-0.2176471,-0.5000000,0.3823529,0.4607843,-0.1901961,0.4254902,-0.2215686,-0.3352941,0.0960784,0.2764706,-0.0764706,-0.1392157,0.4490196,0.1862745,-0.4333333,0.0294118,-0.2176471,-0.5000000,0.3823529,0.4607843,-0.1901961,0.4254902,-0.2215686,-0.3352941,0.0960784,0.2764706,-0.0764706,-0.1392157
188,0.4960784,-0.3941176,0.4372549,0.2568627,-0.3549020,-0.4882353,-0.4764706,-0.1823529,-0.3901961,-0.3313725,-0.4882353,0.1117647,0.3901961,-0.1980392,-0.3823529,0.3627451,0.4960784,-0.3941176,0.4372549,0.2568627,-0.3549020,-0.4882353,-0.4764706,-0.1823529,-0.3901961,-0.3313725,-0.4882353,0.1117647,0.3901961,-0.1980392,-0.3823529,0.3627451
189,0.3352941,0.2333333,-0.3823529,0.4058824,0.4921569,0.0098039,-0.3509804,-0.1549020,-0.4333333,-0.2215686,-0.2686275,0.2058824,0.1862745,0.3509804,-0.2725490,0.2960784,0.3352941,0.2333333,-0.3823529,0.4058824,0.4921569,0.0098039,-0.3509804,-0.1549020,-0.4333333,-0.2215686,-0.2686275,0.2058824,0.1862745,0.3509804,-0.2725490,0.2960784
190,0.0254902,-0.1666667,-0.2921569,-0.0215686,-0.4215686,0.0450980,-0.4568627,-0.5000000,0.2137255,0.3509804,0.4686275,-0.0019608,0.0803922,-0.3117647,-0.2960784,-0.3549020,0.0254902,-0.1666667,-0.2921569,-0.0215686,-0.4215686,0.0450980,-0.4568627,-0.5000000,0.2137255,0.3509804,0.4686275,-0.0019608,0.0803922,-0.3117647,-0.2960784,-0.3549020
191,-0.1549020,0.3078431,-0.1941176,-0.1784314,-0.0137255,-0.0372549,0.1745098,0.3627451,0.0215686,-0.3431373,0.0019608,0.2490196,-0.0176471,0.1156863,-0.2607843,0.4254902,-0.1549020,0.3078431,-0.1941176,-0.1784314,-0.0137255,-0.0372549,0.1745098,0.3627451,0.0215686,-0.3431373,0.0019608,0.2490196,-0.0176471,0.1156863,-0.2607843,0.4254902
192,0.1745098,-0.2960784,-0.4882353,-0.0098039,0.3862745,-0.3117647,-0.4372549,0.0098039,-0.4529412,-0.2058824,-0.1901961,0.3901961,0.4019608,-0.3235294,0.3000000,0.4411765,0.1745098,-0.2960784,-0.4882353,-0.0098039,0.3862745,-0.3117647,-0.4372549,0.0098039,-0.4529412,-0.2058824,-0.1901961,0.3901961,0.4019608,-0.3235294,0.3000000,0.4411765
193,0.2176471,-0.1156863,0.4529412,0.4607843,-0.1784314,0.0843137,0.3352941,0.0137255,0.3549020,0.4058824,0.2490196,-0.3745098,-0.3274510,0.2058824,0.0568627,0.4411765,0.2176471,-0.1156863,0.4529412,0.4607843,-0.1784314,0.0843137,0.3352941,0.0137255,0.3549020,0.4058824,0.2490196,-0.3745098,-0.3274510,0.2058824,0.0568627,0.4411765
194,0.4960784,-0.2764706,-0.0960784,-0.3313725,-0.2960784,-0.0686275,-0.4254902,0.0803922,-0.4215686,-0.2960784,0.1901961,0.1862745,0.4058824,-0.1549020,0.3313725,0.0450980,0.4960784,-0.2764706,-0.0960784,-0.3313725,-0.2960784,-0.0686275,-0.4254902,0.0803922,-0.4215686,-0.2960784,0.1901961,0.1862745,0.4058824,-0.1549020,0.3313725,0.0450980
195,0.1235294,0.1352941,0.0411765,-0.2843137,0.1470588,-0.0647059,-0.3745098,-0.3431373,-0.2529412,0.0529412,0.4098039,-0.2019608,0.0647059,-0.1666667,-0.4803922,0.2725490,0.1235294,0.1352941,0.0411765,-0.2843137,0.1470588,-0.0647059,-0.3745098,-0.3431373,-0.2529412,0.0529412,0.4098039,-0.2019608,0.0647059,-0.1666667,-0.4803922,0.2725490
196,-0.4882353,-0.1509804,0.2098039,-0.0294118,-0.0372549,0.3549020,0.3980392,0.2411765,0.1745098,0.3235294,0.3509804,-0.4333333,-0.2764706,0.4254902,0.0607843,-0.2921569,-0.4882353,-0.1509804,0.2098039,-0.0294118,-0.0372549,0.3549020,0.3980392,0.2411765,0.1745098,0.3235294,0.3509804,-0.4333333,-0.2764706,0.4254902,0.0607843,-0.2921569
197,-0.4176471,0.3823529,-0.1941176,-0.3352941,0.2882353,0.4960784,0.2764706,-0.0490196,-0.3666667,-0.2254902,-0.0725490,-0.0450980,-0.3745098,0.3117647,-0.1392157,-0.0725490,-0.4176471,0.3823529,-0.1941176,-0.3352941,0.2882353,0.4960784,0.2764706,-0.0490196,-0.3666667,-0.2254902,-0.0725490,-0.0450980,-0.3745098,0.3117647,-0.1392157,-0.0725490
198,-0.4019608,-0.0607843,0.2882353,0.3941176,0.3705882,-0.4568627,0.2372549,0.2607843,-0.2215686,0.1078431,0.0803922,-0.4764706,-0.2333333,-0.5000000,-0.4450980,-0.4725490,-0.4019608,-0.0607843,0.2882353,0.3941176,0.3705882,-0.4568627,0.2372549,0.2607843,-0.2215686,0.1078431,0.0803922,-0.4764706,-0.2333333,-0.5000000,-0.4450980,-0.4725490
199,0.4450980,0.2490196,-0.2686275,-0.2529412,-0.4098039,-0.4254902,-0.3000000,-0.0490196,-0.3980392,0.0843137,-0.1117647,-0.5000000,0.0568627,-0.3117647,0.3666667,0.3705882,0.4450980,0.2490196,-0.2686275,-0.2529412,-0.4098039,-0.4254902,-0.3000000,-0.0490196,-0.3980392,0.0843137,-0.1117647,-0.5000000,0.0568627,-0.3117647,0.3666667,0.3705882
200,-0.0411765,-0.0764706,-0.0529412,-0.0294118,0.4568627,-0.0882353,-0.1666667,0.1392157,-0.3705882,0.1549020,0.2490196,0.0725490,-0.4529412,-0.1941176,-0.4294118,0.3980392,-0.0411765,-0.0764706,-0.0529412,-0.0294118,0.4568627,-0.0882353,-0.1666667,0.1392157,-0.3705882,0.1549020,0.2490196,0.0725490,-0.4529412,-0.1941176,-0.4294118,0.3980392
201,-0.1901961,0.4529412,-0.3313725,0.4058824,-0.0333333,0.2411765,0.0058824,-0.0803922,0.1392157,-0.3156863,0.0529412,-0.2607843,0.4019608,0.0647059,0.0058824,0.3431373,-0.1901961,0.4529412,-0.3313725,0.4058824,-0.0333333,0.2411765,0.0058824,-0.0803922,0.1392157,-0.3156863,0.0529412,-0.2607843,0.4019608,0.0647059,0.0058824,0.3431373
202,-0.1235294,0.3705882,0.0686275,0.0960784,0.3509804,0.2921569,-0.0647059,0.4215686,-0.3627451,0.2725490,-0.4294118,0.3000000,-0.1901961,0.4960784,0.3274510,0.3000000,-0.1235294,0.3705882,0.0686275,0.0960784,0.3509804,0.2921569,-0.0647059,0.4215686,-0.3627451,0.2725490,-0.4294118,0.3000000,-0.1901961,0.4960784,0.3274510,0.3000000
203,-0.1274510,-0.4490196,0.0725490,0.0529412,-0.2803922,-0.4137255,0.1235294,0.2607843,0.1313725,-0.1000000,0.2137255,-0.3274510,0.2058824,0.0215686,0.0568627,0.4098039,-0.1274510,-0.4490196,0.0725490,0.0529412,-0.2803922,-0.4137255,0.1235294,0.2607843,0.1313725,-0.1000000,0.2137255,-0.3274510,0.2058824,0.0215686,0.0568627,0.4098039
204,-0.0764706,0.4058824,0.3470588,-0.1235294,0.3196078,-0.1392157,-0.0843137,0.2921569,0.3078431,-0.0725490,-0.3078431,-0.0960784,0.0333333,-0.2568627,-0.4843137,0.2137255,-0.0764706,0.4058824,0.3470588,-0.1235294,0.3196078,-0.1392157,-0.0843137,0.2921569,0.3078431,-0.0725490,-0.3078431,-0.0960784,0.0333333,-0.2568627,-0.4843137,0.2137255
205,0.1274510,0.0490196,-0.0294118,-0.4803922,0.1509804,-0.3941176,-0.2882353,0.3078431,0.0294118,-0.3666667,-0.2607843,0.1000000,-0.2294118,0.0372549,0.3156863,0.2215686,0.1274510,0.0490196,-0.0294118,-0.4803922,0.1509804,-0.3941176,-0.2882353,0.3078431,0.0294118,-0.3666667,-0.2607843,0.1000000,-0.2294118,0.0372549,0.3156863,0.2215686
206,-0.2686275,0.2764706,0.4960784,-0.0411765,0.2411765,0.0921569,-0.2333333,0.4647059,-0.2607843,0.2333333,0.0215686,-0.1078431,-0.0215686,-0.1745098,0.1313725,-0.0529412,-0.2686275,0.2764706,0.4960784,-0.0411765,0.2411765,0.0921569,-0.2333333,0.4647059,-0.2607843,0.2333333,0.0215686,-0.1078431,-0.0215686,-0.1745098,0.1313725,-0.0529412
207,-0.4647059,-0.3627451,0.3509804,-0.1823529,0.1705882,-0.3627451,0.1823529,0.2725490,-0.2098039,0.3705882,-0.1549020,-0.0294118,0.1823529,-0.1705882,-0.3039216,0.2372549,-0.4647059,-0.3627451,0.3509804,-0.1823529,0.1705882,-0.3627451,0.1823529,0.2725490,-0.2098039,0.3705882,-0.1549020,-0.0294118,0.1823529,-0.1705882,-0.3039216,0.2372549
208,0.4176471,-0.3627451,-0.3666667,-0.1862745,0.4960784,0.2098039,-0.2215686,0.3000000,-0.3117647,0.2529412,-0.3588235,-0.2137255,-0.2490196,0.0960784,0.4411765,0.1666667,0.4176471,-0.3627451,-0.3666667,-0.1862745,0.4960784,0.2098039,-0.2215686,0.3000000,-0.3117647,0.2529412,-0.3588235,-0.2137255,-0.2490196,0.0960784,0.4411765,0.1666667
209,-0.0725490,-0.4372549,-0.4607843,-0.0960784,-0.1901961,-0.4960784,0.0921569,0.4764706,0.4137255,0.3470588,0.2137255,0.3156863,0.2568627,0.1901961,0.0529412,0.1431373,-0.0725490,-0.4372549,-0.4607843,-0.0960784,-0.1901961,-0.4960784,0.0921569,0.4764706,0.4137255,0.3470588,0.2137255,0.3156863,0.2568627,0.1901961,0.0529412,0.1431373
210,0.2215686,-0.0137255,0.4294118,-0.3862745,0.4098039,-0.2843137,0.4450980,-0.4490196,0.1549020,0.4490196,0.3470588,-0.4647059,-0.4686275,0.1666667,-0.0019608,0.0215686,0.2215686,-0.0137255,0.4294118,-0.3862745,0.4098039,-0.2843137,0.4450980,-0.4490196,0.1549020,0.4490196,0.3470588,-0.4647059,-0.4686275,0.1666667,-0.0019608,0.0215686
211,-0.3862745,0.3352941,-0.1431373,0.3392157,-0.2647059,0.1705882,0.3588235,0.0176471,0.3627451,0.1941176,-0.1666667,-0.2607843,0.2333333,0.0803922,0.2960784,0.2333333,-0.3862745,0.3352941,-0.1431373,0.3392157,-0.2647059,0.1705882,0.3588235,0.0176471,0.3627451,0.1941176,-0.1666667,-0.2607843,0.2333333,0.0803922,0.2960784,0.2333333
212,-0.4568627,0.0019608,-0.4294118,-0.2411765,0.4764706,0.0686275,0.1431373,-0.3274510,0.1235294,0.0294118,0.3156863,0.1509804,0.1666667,-0.3392157,-0.0686275,-0.1980392,-0.4568627,0.0019608,-0.4294118,-0.2411765,0.4764706,0.0686275,0.1431373,-0.3274510,0.1235294,0.0294118,0.3156863,0.1509804,0.1666667,-0.3392157,-0.0686275,-0.1980392
213,-0.0843137,0.1117647,-0.2450980,-0.2686275,-0.0137255,0.0450980,-0.4803922,-0.2568627,0.4529412,-0.0490196,-0.0411765,-0.0450980,-0.1823529,-0.3196078,-0.1196078,-0.1784314,-0.0843137,0.1117647,-0.2450980,-0.2686275,-0.0137255,0.0450980,-0.4803922,-0.2568627,0.4529412,-0.0490196,-0.0411765,-0.0450980,-0.1823529,-0.3196078,-0.1196078,-0.1784314
214,-0.3588235,0.3392157,-0.2960784,0.2686275,-0.3000000,0.2490196,-0.1666667,0.3313725,0.4176471,0.1352941,0.0058824,0.2294118,0.3784314,0.0686275,-0.3000000,0.0019608,-0.3588235,0.3392157,-0.2960784,0.2686275,-0.3000000,0.2490196,-0.1666667,0.3313725,0.4176471,0.1352941,0.0058824,0.2294118,0.3784314,0.0686275,-0.3000000,0.0019608
215,0.2686275,0.3705882,0.0529412,-0.3313725,-0.2019608,0.0568627,0.1392157,0.0372549,-0.1078431,-0.1980392,0.1705882,0.3705882,-0.0254902,-0.2529412,-0.4647059,-0.4490196,0.2686275,0.3705882,0.0529412,-0.3313725,-0.2019608,0.0568627,0.1392157,0.0372549,-0.1078431,-0.1980392,0.1705882,0.3705882,-0.0254902,-0.2529412,-0.4647059,-0.4490196
216,-0.4882353,0.3705882,-0.3823529,0.3549020,-0.1078431,-0.2960784,0.4411765,-0.1117647,0.4411765,0.1549020,-0.2921569,-0.1901961,-0.2294118,0.3588235,-0.3745098,0.0960784,-0.4882353,0.3705882,-0.3823529,0.3549020,-0.1078431,-0.2960784,0.4411765,-0.1117647,0.4411765,0.1549020,-0.2921569,-0.1901961,-0.2294118,0.3588235,-0.3745098,0.0960784
217,-0.4372549,-0.0411765,0.3117647,-0.1509804,0.2333333,0.0529412,-0.0568627,-0.2058824,0.4607843,-0.1745098,0.4450980,-0.3745098,0.1549020,0.0098039,0.0490196,-0.3352941,-0.4372549,-0.0411765,0.3117647,-0.1509804,0.2333333,0.0529412,-0.0568627,-0.2058824,0.4607843,-0.1745098,0.4450980,-0.3745098,0.1549020,0.0098039,0.0490196,-0.3352941
218,-0.1862745,-0.4843137,-0.2490196,0.2921569,0.1901961,0.0843137,-0.2764706,0.4294118,-0.1352941,-0.4686275,-0.4725490,0.4372549,0.4450980,0.2450980,0.0411765,-0.3470588,-0.1862745,-0.4843137,-0.2490196,0.2921569,0.1901961,0.0843137,-0.2764706,0.4294118,-0.1352941,-0.4686275,-0.4725490,0.4372549,0.4450980,0.2450980,0.0411765,-0.3470588
219,-0.3941176,-0.3235294,0.4607843,0.3588235,0.4019608,-0.2921569,-0.0607843,-0.1196078,-0.3000000,0.3313725,0.1313725,0.0921569,0.1901961,0.1313725,-0.2411765,0.2686275,-0.3941176,-0.3235294,0.4607843,0.3588235,0.4019608,-0.2921569,-0.0607843,-0.1196078,-0.3000000,0.3313725,0.1313725,0.0921569,0.1901961,0.1313725,-0.2411765,0.2686275
220,0.2450980,0.0058824,-0.4568627,-0.1588235,-0.2137255,0.3431373,-0.1470588,-0.3470588,-0.1156863,0.2843137,-0.2843137,-0.1196078,0.2450980,0.2215686,-0.1549020,0.1941176,0.2450980,0.0058824,-0.4568627,-0.1588235,-0.2137255,0.3431373,-0.1470588,-0.3470588,-0.1156863,0.2843137,-0.2843137,-0.1196078,0.2450980,0.2215686,-0.1549020,0.1941176
221,-0.1392157,-0.1509804,-0.0803922,0.3431373,0.3705882,0.3196078,-0.2607843,0.0568627,-0.4686275,0.1980392,-0.4921569,0.2372549,-0.1666667,-0.1196078,-0.2882353,-0.4058824,-0.1392157,-0.1509804,-0.0803922,0.3431373,0.3705882,0.3196078,-0.2607843,0.0568627,-0.4686275,0.1980392,-0.4921569,0.2372549,-0.1666667,-0.1196078,-0.2882353,-0.4058824
222,-0.0490196,-0.4960784,0.0411765,0.4215686,-0.0960784,-0.1941176,-0.2294118,0.3627451,-0.0921569,0.4725490,0.4137255,0.3392157,-0.4411765,-0.3313725,-0.1235294,-0.4647059,-0.0490196,-0.4960784,0.0411765,0.4215686,-0.0960784,-0.1941176,-0.2294118,0.3627451,-0.0921569,0.4725490,0.4137255,0.3392157,-0.4411765,-0.3313725,-0.1235294,-0.4647059
223,-0.2647059,-0.0764706,0.0137255,-0.2058824,-0.3745098,0.2568627,0.0450980,-0.1313725,-0.4686275,0.1392157,-0.2333333,-0.0529412,0.2254902,0.2450980,0.1509804,-0.0490196,-0.2647059,-0.0764706,0.0137255,-0.2058824,-0.3745098,0.2568627,0.0450980,-0.1313725,-0.4686275,0.1392157,-0.2333333,-0.0529412,0.2254902,0.2450980,0.1509804,-0.0490196
224,-0.3196078,-0.4137255,-0.1156863,-0.1627451,0.2215686,0.3588235,-0.2333333,-0.4607843,0.0529412,0.1156863,0.3000000,0.4686275,0.2294118,0.4647059,0.1235294,-0.1196078,-0.3196078,-0.4137255,-0.1156863,-0.1627451,0.2215686,0.3588235,-0.2333333,-0.4607843,0.0529412,0.1156863,0.3000000,0.4686275,0.2294118,0.4647059,0.1235294,-0.1196078
225,-0.3823529,-0.3039216,0.3313725,-0.2215686,-0.2921569,-0.1549020,-0.3627451,-0.0725490,0.4215686,0.0568627,0.1392157,-0.0921569,-0.2019608,0.1274510,-0.2098039,-0.3078431,-0.3823529,-0.3039216,0.3313725,-0.2215686,-0.2921569,-0.1549020,-0.3627451,-0.0725490,0.4215686,0.0568627,0.1392157,-0.0921569,-0.2019608,0.1274510,-0.2098039,-0.3078431
226,-0.3627451,0.2058824,0.0607843,-0.3392157,-0.3156863,0.2411765,0.0803922,-0.2529412,-0.4254902,-0.0450980,-0.3313725,0.0019608,-0.2058824,0.2019608,-0.4333333,0.2450980,-0.3627451,0.2058824,0.0607843,-0.3392157,-0.3156863,0.2411765,0.0803922,-0.2529412,-0.4254902,-0.0450980,-0.3313725,0.0019608,-0.2058824,0.2019608,-0.4333333,0.2450980
227,-0.2176471,0.4607843,0.2960784,-0.2686275,-0.3470588,-0.1745098,0.3901961,-0.1000000,0.4882353,-0.1745098,0.4882353,0.0843137,-0.2882353,-0.1352941,-0.1117647,-0.4921569,-0.2176471,0.4607843,0.2960784,-0.2686275,-0.3470588,-0.1745098,0.3901961,-0.1000000,0.4882353,-0.1745098,0.4882353,0.0843137,-0.2882353,-0.1352941,-0.1117647,-0.4921569
228,-0.0372549,-0.0568627,0.0137255,-0.3000000,0.4294118,-0.1705882,0.2215686,0.0529412,0.4098039,-0.4647059,0.4372549,-0.1509804,0.2450980,-0.5000000,0.1901961,0.3039216,-0.0372549,-0.0568627,0.0137255,-0.3000000,0.4294118,-0.1705882,0.2215686,0.0529412,0.4098039,-0.4647059,0.4372549,-0.1509804,0.2450980,-0.5000000,0.1901961,0.3039216
229,0.3431373,0.1235294,0.3784314,-0.0490196,-0.2019608,-0.0490196,0.2686275,0.3235294,-0.3235294,-0.4960784,0.1549020,0.2333333,0.0176471,-0.3078431,0.4490196,0.2098039,0.3431373,0.1235294,0.3784314,-0.0490196,-0.2019608,-0.0490196,0.2686275,0.3235294,-0.3235294,-0.4960784,0.1549020,0.2333333,0.0176471,-0.3078431,0.4490196,0.2098039
230,-0.3117647,-0.1235294,-0.2333333,-0.2921569,-0.2921569,0.3078431,-0.0764706,0.0843137,0.4882353,0.1117647,-0.4215686,0.4372549,-0.1431373,0.0803922,0.3549020,-0.1588235,-0.3117647,-0.1235294,-0.2333333,-0.2921569,-0.2921569,0.3078431,-0.0764706,0.0843137,0.4882353,0.1117647,-0.4215686,0.4372549,-0.1431373,0.0803922,0.3549020,-0.1588235
231,0.3509804,0.4294118,0.1627451,-0.0490196,-0.2607843,-0.0490196,0.2607843,-0.4803922,-0.3470588,-0.0411765,-0.2019608,0.2372549,0.2254902,0.0568627,-0.0333333,-0.2725490,0.3509804,0.4294118,0.1627451,-0.0490196,-0.2607843,-0.0490196,0.2607843,-0.4803922,-0.3470588,-0.0411765,-0.2019608,0.2372549,0.2254902,0.0568627,-0.0333333,-0.2725490
232,-0.4607843,0.0137255,0.3196078,-0.0294118,0.1392157,-0.2372549,-0.2019608,0.3705882,-0.2529412,0.4725490,-0.3588235,0.3901961,0.2372549,-0.3627451,-0.0254902,0.2803922,-0.4607843,0.0137255,0.3196078,-0.0294118,0.1392157,-0.2372549,-0.2019608,0.3705882,-0.2529412,0.4725490,-0.3588235,0.3901961,0.2372549,-0.3627451,-0.0254902,0.2803922
233,-0.1470588,0.3196078,-0.0490196,0.0333333,-0.0450980,0.2176471,-0.1235294,0.4529412,0.3431373,0.0333333,0.2529412,0.2607843,-0.3862745,-0.2607843,-0.4921569,0.1549020,-0.1470588,0.3196078,-0.0490196,0.0333333,-0.0450980,0.2176471,-0.1235294,0.4529412,0.3431373,0.0333333,0.2529412,0.2607843,-0.3862745,-0.2607843,-0.4921569,0.1549020
234,0.2960784,0.4333333,0.4058824,-0.0372549,0.0176471,-0.4803922,0.1941176,-0.3980392,0.4215686,0.3117647,-0.0686275,-0.3470588,0.1470588,0.0215686,0.3117647,0.1784314,0.2960784,0.4333333,0.4058824,-0.0372549,0.0176471,-0.4803922,0.1941176,-0.3980392,0.4215686,0.3117647,-0.0686275,-0.3470588,0.1470588,0.0215686,0.3117647,0.1784314
235,-0.3313725,0.2921569,-0.2764706,0.1392157,0.0294118,0.4686275,-0.4764706,-0.1588235,0.1156863,0.1549020,0.2764706,0.4882353,-0.1313725,-0.1509804,0.4294118,-0.0450980,-0.3313725,0.2921569,-0.2764706,0.1392157,0.0294118,0.4686275,-0.4764706,-0.1588235,0.1156863,0.1549020,0.2764706,0.4882353,-0.1313725,-0.1509804,0.4294118,-0.0450980
236,0.3313725,-0.3352941,-0.4372549,0.0607843,-0.2725490,-0.2568627,0.0529412,-0.0960784,0.2725490,0.2215686,-0.4450980,0.0098039,0.2294118,0.2411765,-0.0764706,0.1627451,0.3313725,-0.3352941,-0.4372549,0.0607843,-0.2725490,-0.2568627,0.0529412,-0.0960784,0.2725490,0.2215686,-0.4450980,0.0098039,0.2294118,0.2411765,-0.0764706,0.1627451
237,0.1823529,-0.1941176,0.3235294,-0.1980392,0.5000000,0.2058824,0.2372549,-0.2019608,0.0764706,-0.0686275,0.4647059,-0.4058824,0.1627451,0.4490196,0.2686275,0.3352941,0.1823529,-0.1941176,0.3235294,-0.1980392,0.5000000,0.2058824,0.2372549,-0.2019608,0.0764706,-0.0686275,0.4647059,-0.4058824,0.1627451,0.4490196,0.2686275,0.3352941
238,-0.3352941,0.0529412,-0.1352941,-0.4372549,-0.1431373,0.1470588,0.1156863,0.1470588,0.3156863,0.4411765,-0.4058824,-0.1235294,0.1470588,0.2882353,0.4803922,0.4333333,-0.3352941,0.0529412,-0.1352941,-0.4372549,-0.1431373,0.1470588,0.1156863,0.1470588,0.3156863,0.4411765,-0.4058824,-0.1235294,0.1470588,0.2882353,0.4803922,0.4333333
239,0.2372549,0.2450980,-0.1392157,0.1078431,-0.3392157,0.0098039,-0.4607843,-0.2176471,-0.4529412,-0.4137255,-0.4490196,-0.2294118,-0.3549020,0.2686275,-0.4294118,-0.4176471,0.2372549,0.2450980,-0.1392157,0.1078431,-0.3392157,0.0098039,-0.4607843,-0.2176471,-0.4529412,-0.4137255,-0.4490196,-0.2294118,-0.3549020,0.2686275,-0.4294118,-0.4176471
240,-0.2960784,0.3196078,0.2568627,-0.4725490,0.2843137,0.1823529,0.0607843,0.2843137,0.0098039,-0.3784314,-0.3627451,-0.3000000,-0.1627451,0.1117647,0.2843137,-0.2882353,-0.2960784,0.3196078,0.2568627,-0.4725490,0.2843137,0.1823529,0.0607843,0.2843137,0.0098039,-0.3784314,-0.3627451,-0.3000000,-0.1627451,0.1117647,0.2843137,-0.2882353
241,-0.1039216,-0.1196078,0.4254902,0.2137255,-0.4843137,-0.4843137,-0.2450980,-0.4254902,-0.4960784,-0.4254902,-0.3784314,-0.0490196,0.0019608,-0.1313725,0.1823529,-0.0764706,-0.1039216,-0.1196078,0.4254902,0.2137255,-0.4843137,-0.4843137,-0.2450980,-0.4254902,-0.4960784,-0.4254902,-0.3784314,-0.0490196,0.0019608,-0.1313725,0.1823529,-0.0764706
242,-0.3588235,0.1901961,-0.1313725,-0.1196078,-0.4058824,-0.0607843,0.3392157,-0.2411765,-0.4568627,-0.0607843,0.1000000,0.1274510,-0.3745098,0.1588235,0.4372549,0.3313725,-0.3588235,0.1901961,-0.1313725,-0.1196078,-0.4058824,-0.0607843,0.3392157,-0.2411765,-0.4568627,-0.0607843,0.1000000,0.1274510,-0.3745098,0.1588235,0.4372549,0.3313725
243,-0.2058824,-0.1313725,0.1627451,0.0215686,0.2921569,0.4529412,-0.1980392,-0.1274510,-0.0372549,-0.1156863,-0.3078431,0.1156863,-0.3431373,0.3274510,-0.3352941,0.0450980,-0.2058824,-0.1313725,0.1627451,0.0215686,0.2921569,0.4529412,-0.1980392,-0.1274510,-0.0372549,-0.1156863,-0.3078431,0.1156863,-0.3431373,0.3274510,-0.3352941,0.0450980
244,0.4372549,-0.2921569,0.2725490,-0.3196078,-0.4215686,0.3235294,0.2058824,-0.3588235,0.1352941,-0.2411765,0.0254902,0.0058824,-0.0254902,0.3156863,-0.3745098,0.3509804,0.4372549,-0.2921569,0.2725490,-0.3196078,-0.4215686,0.3235294,0.2058824,-0.3588235,0.1352941,-0.2411765,0.0254902,0.0058824,-0.0254902,0.3156863,-0.3745098,0.3509804
245,-0.3745098,-0.3313725,-0.3117647,-0.3509804,-0.0490196,-0.1980392,0.0921569,-0.3745098,0.1117647,-0.4803922,-0.1235294,0.0607843,0.1235294,0.2294118,0.2725490,-0.1823529,-0.3745098,-0.3313725,-0.3117647,-0.3509804,-0.0490196,-0.1980392,0.0921569,-0.3745098,0.1117647,-0.4803922,-0.1235294,0.0607843,0.1235294,0.2294118,0.2725490,-0.1823529
246,-0.1196078,0.2568627,0.4803922,0.3745098,0.2019608,0.3117647,0.2764706,-0.3392157,-0.2333333,0.3274510,0.4176471,-0.2686275,0.3901961,0.4764706,0.3862745,0.4921569,-0.1196078,0.2568627,0.4803922,0.3745098,0.2019608,0.3117647,0.2764706,-0.3392157,-0.2333333,0.3274510,0.4176471,-0.2686275,0.3901961,0.4764706,0.3862745,0.4921569
247,-0.1549020,0.4568627,0.3235294,-0.0529412,0.0058824,-0.3745098,-0.3980392,0.0019608,0.0647059,-0.0921569,0.3000000,0.3000000,0.3156863,-0.3313725,0.0333333,-0.2333333,-0.1549020,0.4568627,0.3235294,-0.0529412,0.0058824,-0.3745098,-0.3980392,0.0019608,0.0647059,-0.0921569,0.3000000,0.3000000,0.3156863,-0.3313725,0.0333333,-0.2333333
248,0.0647059,0.4568627,-0.2450980,0.1392157,0.4450980,0.0254902,0.4960784,0.3745098,-0.1509804,-0.2921569,0.1588235,-0.3470588,0.1627451,0.2294118,0.3549020,-0.2843137,0.0647059,0.4568627,-0.2450980,0.1392157,0.4450980,0.0254902,0.4960784,0.3745098,-0.1509804,-0.2921569,0.1588235,-0.3470588,0.1627451,0.2294118,0.3549020,-0.2843137
249,0.1196078,0.0019608,-0.2450980,0.3901961,-0.3470588,-0.2098039,0.1627451,0.3823529,-0.3156863,-0.1352941,-0.1823529,0.4725490,-0.0450980,-0.3549020,0.3941176,-0.0882353,0.1196078,0.0019608,-0.2450980,0.3901961,-0.3470588,-0.2098039,0.1627451,0.3823529,-0.3156863,-0.1352941,-0.1823529,0.4725490,-0.0450980,-0.3549020,0.3941176,-0.0882353
250,-0.3823529,-0.2411765,0.2333333,-0.2450980,0.1078431,0.0568627,0.2764706,0.4568627,-0.1039216,-0.2960784,0.3941176,-0.3039216,-0.4960784,0.3509804,-0.0647059,-0.3823529,-0.3823529,-0.2411765,0.2333333,-0.2450980,0.1078431,0.0568627,0.2764706,0.4568627,-0.1039216,-0.2960784,0.3941176,-0.3039216,-0.4960784,0.3509804,-0.0647059,-0.3823529
251,0.4372549,0.4490196,-0.2647059,-0.4450980,-0.2803922,0.4411765,-0.0803922,-0.3313725,-0.2372549,0.2529412,0.3352941,-0.4647059,0.1745098,0.2294118,-0.0294118,-0.4529412,0.4372549,0.4490196,-0.2647059,-0.4450980,-0.2803922,0.4411765,-0.0803922,-0.3313725,-0.2372549,0.2529412,0.3352941,-0.4647059,0.1745098,0.2294118,-0.0294118,-0.4529412
252,-0.2333333,0.1862745,-0.3313725,0.3705882,-0.4607843,0.3274510,-0.2921569,-0.2882353,0.3196078,0.0764706,0.1823529,0.0490196,-0.3745098,-0.1666667,-0.3156863,0.0176471,-0.2333333,0.1862745,-0.3313725,0.3705882,-0.4607843,0.3274510,-0.2921569,-0.2882353,0.3196078,0.0764706,0.1823529,0.0490196,-0.3745098,-0.1666667,-0.3156863,0.0176471
253,-0.0058824,-0.3235294,0.1745098,0.2411765,0.3588235,0.0490196,-0.2960784,-0.3549020,0.3705882,0.1000000,0.2647059,0.1431373,0.1705882,-0.3784314,0.2294118,0.1078431,-0.0058824,-0.3235294,0.1745098,0.2411765,0.3588235,0.0490196,-0.2960784,-0.3549020,0.3705882,0.1000000,0.2647059,0.1431373,0.1705882,-0.3784314,0.2294118,0.1078431
254,-0.0137255,0.0098039,-0.2058824,-0.2921569,0.3901961,0.1862745,0.0882353,0.0607843,-0.1078431,0.3862745,-0.3784314,-0.1235294,0.4450980,0.3980392,0.3196078,-0.4529412,-0.0137255,0.0098039,-0.2058824,-0.2921569,0.3901961,0.1862745,0.0882353,0.0607843,-0.1078431,0.3862745,-0.3784314,-0.1235294,0.4450980,0.3980392,0.3196078,-0.4529412
255,-0.1078431,-0.2058824,-0.4686275,0.4764706,-0.1156863,0.2411765,0.0607843,0.0333333,0.4647059,0.2490196,-0.1039216,-0.4411765,-0.3235294,-0.4098039,0.4607843,-0.4294118,-0.1078431,-0.2058824,-0.4686275,0.4764706,-0.1156863,0.2411765,0.0607843,0.0333333,0.4647059,0.2490196,-0.1039216,-0.4411765,-0.3235294,-0.4098039,0.4607843,-0.4294118
256,-0.1784314,0.1980392,-0.4450980,0.3784314,-0.1039216,-0.3666667,-0.1000000,0.1823529,-0.0098039,0.3313725,-0.2764706,-0.0529412,-0.3117647,0.0137255,0.3980392,-0.2215686,-0.1784314,0.1980392,-0.4450980,0.3784314,-0.1039216,-0.3666667,-0.1000000,0.1823529,-0.0098039,0.3313725,-0.2764706,-0.0529412,-0.3117647,0.0137255,0.3980392,-0.2215686
257,0.2725490,-0.1117647,-0.3509804,0.3509804,-0.4647059,-0.5000000,-0.3627451,0.2333333,-0.1784314,0.4764706,-0.3666667,-0.0333333,0.3980392,-0.2333333,-0.4411765,-0.1274510,0.2725490,-0.1117647,-0.3509804,0.3509804,-0.4647059,-0.5000000,-0.3627451,0.2333333,-0.1784314,0.4764706,-0.3666667,-0.0333333,0.3980392,-0.2333333,-0.4411765,-0.1274510
258,0.0215686,0.3117647,-0.3235294,0.1039216,0.0411765,0.0882353,0.4294118,0.1941176,-0.0450980,-0.0411765,0.0764706,-0.0882353,0.5000000,-0.0333333,0.0960784,-0.4098039,0.0215686,0.3117647,-0.3235294,0.1039216,0.0411765,0.0882353,0.4294118,0.1941176,-0.0450980,-0.0411765,0.0764706,-0.0882353,0.5000000,-0.0333333,0.0960784,-0.4098039
259,-0.2686275,0.1745098,-0.3627451,-0.1196078,0.1196078,0.2254902,-0.2686275,-0.4490196,-0.5000000,-0.3196078,0.3392157,-0.3039216,0.0607843,-0.3941176,-0.2215686,0.1392157,-0.2686275,0.1745098,-0.3627451,-0.1196078,0.1196078,0.2254902,-0.2686275,-0.4490196,-0.5000000,-0.3196078,0.3392157,-0.3039216,0.0607843,-0.3941176,-0.2215686,0.1392157
260,0.3627451,0.3313725,0.2333333,-0.0019608,-0.4568627,0.4921569,0.3941176,0.1313725,-0.4019608,0.3470588,0.0803922,-0.3000000,-0.4529412,0.4960784,-0.4764706,0.1313725,0.3627451,0.3313725,0.2333333,-0.0019608,-0.4568627,0.4921569,0.3941176,0.1313725,-0.4019608,0.3470588,0.0803922,-0.3000000,-0.4529412,0.4960784,-0.4764706,0.1313725
261,0.1627451,0.0019608,0.2529412,0.0137255,-0.4686275,-0.2568627,0.4215686,0.1352941,0.3000000,-0.1823529,-0.1901961,-0.2960784,-0.0607843,-0.1274510,-0.1274510,-0.3588235,0.1627451,0.0019608,0.2529412,0.0137255,-0.4686275,-0.2568627,0.4215686,0.1352941,0.3000000,-0.1823529,-0.1901961,-0.2960784,-0.0607843,-0.1274510,-0.1274510,-0.3588235
262,-0.0254902,-0.2450980,-0.2411765,0.2176471,-0.1196078,-0.2960784,0.2882353,-0.0176471,0.2529412,0.3862745,-0.1431373,0.2686275,0.1352941,-0.2098039,-0.3823529,-0.4411765,-0.0254902,-0.2450980,-0.2411765,0.2176471,-0.1196078,-0.2960784,0.2882353,-0.0176471,0.2529412,0.3862745,-0.1431373,0.2686275,0.1352941,-0.2098039,-0.3823529,-0.4411765
263,-0.1627451,0.4607843,-0.3235294,-0.1901961,-0.1549020,0.1196078,0.1901961,-0.2137255,0.4529412,-0.0411765,0.4098039,-0.3470588,0.3745098,-0.3941176,0.2568627,-0.0607843,-0.1627451,0.4607843,-0.3235294,-0.1901961,-0.1549020,0.1196078,0.1901961,-0.2137255,0.4529412,-0.0411765,0.4098039,-0.3470588,0.3745098,-0.3941176,0.2568627,-0.0607843
264,0.3392157,-0.3588235,0.3000000,-0.3941176,-0.4647059,0.3901961,0.2803922,-0.3627451,-0.1862745,-0.2607843,0.3941176,0.2725490,-0.3666667,0.1431373,0.0058824,-0.2568627,0.3392157,-0.3588235,0.3000000,-0.3941176,-0.4647059,0.3901961,0.2803922,-0.3627451,-0.1862745,-0.2607843,0.3941176,0.2725490,-0.3666667,0.1431373,0.0058824,-0.2568627
265,-0.4294118,-0.1313725,0.0254902,-0.3901961,-0.4137255,-0.2137255,0.2137255,-0.0019608,0.4725490,0.1313725,0.0921569,0.1000000,0.4254902,-0.4529412,0.3274510,-0.2176471,-0.4294118,-0.1313725,0.0254902,-0.3901961,-0.4137255,-0.2137255,0.2137255,-0.0019608,0.4725490,0.1313725,0.0921569,0.1000000,0.4254902,-0.4529412,0.3274510,-0.2176471
266,0.4450980,-0.3470588,0.1196078,0.2215686,0.4568627,-0.4647059,-0.1117647,0.4843137,0.3666667,0.1588235,-0.4137255,-0.0803922,-0.2647059,-0.0137255,-0.2686275,0.1274510,0.4450980,-0.3470588,0.1196078,0.2215686,0.4568627,-0.4647059,-0.1117647,0.4843137,0.3666667,0.1588235,-0.4137255,-0.0803922,-0.2647059,-0.0137255,-0.2686275,0.1274510
267,0.3274510,0.4450980,-0.3627451,0.4921569,0.3431373,-0.4176471,-0.0960784,0.3392157,0.3509804,0.4568627,0.3431373,0.3392157,0.3274510,0.3666667,0.1509804,-0.1588235,0.3274510,0.4450980,-0.3627451,0.4921569,0.3431373,-0.4176471,-0.0960784,0.3392157,0.3509804,0.4568627,0.3431373,0.3392157,0.3274510,0.3666667,0.1509804,-0.1588235
268,-0.1549020,0.0372549,0.4333333,-0.5000000,0.2725490,0.0294118,0.3000000,-0.4215686,0.0372549,0.4372549,-0.0254902,-0.1274510,-0.3156863,0.4960784,0.1549020,-0.3392157,-0.1549020,0.0372549,0.4333333,-0.5000000,0.2725490,0.0294118,0.3000000,-0.4215686,0.0372549,0.4372549,-0.0254902,-0.1274510,-0.3156863,0.4960784,0.1549020,-0.3392157
269,0.5000000,0.1823529,0.0725490,-0.4843137,0.1470588,0.3588235,0.0568627,0.1549020,0.0803922,-0.2490196,-0.4411765,0.0137255,-0.2490196,-0.3588235,-0.2137255,0.1352941,0.5000000,0.1823529,0.0725490,-0.4843137,0.1470588,0.3588235,0.0568627,0.1549020,0.0803922,-0.2490196,-0.4411765,0.0137255,-0.2490196,-0.3588235,-0.2137255,0.1352941
270,0.1823529,0.2098039,-0.0137255,-0.0607843,-0.3235294,0.2568627,0.4490196,-0.3156863,-0.3509804,-0.3392157,-0.4960784,0.0803922,-0.1784314,-0.0333333,0.4372549,0.1117647,0.1823529,0.2098039,-0.0137255,-0.0607843,-0.3235294,0.2568627,0.4490196,-0.3156863,-0.3509804,-0.3392157,-0.4960784,0.0803922,-0.1784314,-0.0333333,0.4372549,0.1117647
271,-0.1470588,0.0960784,0.2686275,0.4411765,-0.2411765,0.0215686,0.4803922,0.0333333,-0.2372549,0.1980392,-0.2450980,-0.0450980,-0.0843137,-0.1862745,0.1392157,0.0568627,-0.1470588,0.0960784,0.2686275,0.4411765,-0.2411765,0.0215686,0.4803922,0.0333333,-0.2372549,0.1980392,-0.2450980,-0.0450980,-0.0843137,-0.1862745,0.1392157,0.0568627
272,-0.2921569,0.3117647,0.0372549,0.1509804,0.4058824,0.0725490,-0.1980392,-0.4921569,0.0843137,-0.4490196,-0.2019608,-0.3980392,-0.1588235,0.1784314,-0.2058824,0.4490196,-0.2921569,0.3117647,0.0372549,0.1509804,0.4058824,0.0725490,-0.1980392,-0.4921569,0.0843137,-0.4490196,-0.2019608,-0.3980392,-0.1588235,0.1784314,-0.2058824,0.4490196
273,-0.3549020,0.4137255,0.1274510,0.1980392,0.4764706,0.4058824,0.2607843,-0.1235294,-0.4176471,0.4254902,0.3901961,-0.0294118,-0.1862745,-0.3274510,0.3549020,-0.0529412,-0.3549020,0.4137255,0.1274510,0.1980392,0.4764706,0.4058824,0.2607843,-0.1235294,-0.4176471,0.4254902,0.3901961,-0.0294118,-0.1862745,-0.3274510,0.3549020,-0.0529412
274,0.2960784,-0.0921569,-0.0215686,0.0450980,-0.1862745,0.4176471,-0.0450980,-0.0960784,-0.2372549,-0.4019608,0.0019608,-0.4058824,-0.2058824,-0.1941176,-0.0843137,-0.3588235,0.2960784,-0.0921569,-0.0215686,0.0450980,-0.1862745,0.4176471,-0.0450980,-0.0960784,-0.2372549,-0.4019608,0.0019608,-0.4058824,-0.2058824,-0.1941176,-0.0843137,-0.3588235
275,-0.2803922,0.4137255,0.3313725,0.2725490,0.4764706,0.0960784,-0.1313725,0.0764706,-0.3392157,0.2333333,0.2686275,-0.4411765,-0.3431373,0.4921569,-0.4215686,0.3784314,-0.2803922,0.4137255,0.3313725,0.2725490,0.4764706,0.0960784,-0.1313725,0.0764706,-0.3392157,0.2333333,0.2686275,-0.4411765,-0.3431373,0.4921569,-0.4215686,0.3784314
276,0.1117647,0.0882353,0.0254902,-0.0098039,-0.2098039,0.4019608,0.3666667,-0.0843137,0.4843137,-0.1156863,-0.0294118,0.1784314,0.4019608,-0.3039216,0.3549020,-0.0882353,0.1117647,0.0882353,0.0254902,-0.0098039,-0.2098039,0.4019608,0.3666667,-0.0843137,0.4843137,-0.1156863,-0.0294118,0.1784314,0.4019608,-0.3039216,0.3549020,-0.0882353
277,-0.2294118,0.2294118,0.1509804,0.1000000,0.3627451,0.3549020,0.1627451,0.1862745,-0.1352941,-0.1901961,0.2019608,-0.1235294,-0.2803922,0.2725490,-0.1274510,-0.4254902,-0.2294118,0.2294118,0.1509804,0.1000000,0.3627451,0.3549020,0.1627451,0.1862745,-0.1352941,-0.1901961,0.2019608,-0.1235294,-0.2803922,0.2725490,-0.1274510,-0.4254902
278,0.0254902,0.2333333,0.2058824,0.2098039,0.3196078,0.3823529,-0.1666667,0.3705882,-0.0725490,-0.3431373,-0.4450980,-0.0725490,0.1941176,0.1078431,-0.3588235,0.4019608,0.0254902,0.2333333,0.2058824,0.2098039,0.3196078,0.3823529,-0.1666667,0.3705882,-0.0725490,-0.3431373,-0.4450980,-0.0725490,0.1941176,0.1078431,-0.3588235,0.4019608
279,0.0568627,-0.2607843,0.0411765,0.4176471,-0.1509804,-0.2960784,0.3274510,-0.1470588,-0.0215686,-0.3235294,-0.4215686,-0.0137255,0.1274510,-0.2764706,0.0960784,-0.3235294,0.0568627,-0.2607843,0.0411765,0.4176471,-0.1509804,-0.2960784,0.3274510,-0.1470588,-0.0215686,-0.3235294,-0.4215686,-0.0137255,0.1274510,-0.2764706,0.0960784,-0.3235294
280,-0.4803922,-0.4137255,0.2098039,-0.3588235,-0.0725490,-0.3588235,-0.3313725,0.3392157,0.0137255,-0.0411765,-0.1666667,-0.2960784,0.0882353,-0.0529412,-0.0019608,-0.2960784,-0.4803922,-0.4137255,0.2098039,-0.3588235,-0.0725490,-0.3588235,-0.3313725,0.3392157,0.0137255,-0.0411765,-0.1666667,-0.2960784,0.0882353,-0.0529412,-0.0019608,-0.2960784
281,0.4450980,0.0529412,0.2098039,-0.3980392,-0.1862745,0.1980392,0.3078431,0.1117647,-0.4764706,-0.3470588,-0.4490196,0.3156863,0.0764706,-0.4411765,0.3000000,-0.1196078,0.4450980,0.0529412,0.2098039,-0.3980392,-0.1862745,0.1980392,0.3078431,0.1117647,-0.4764706,-0.3470588,-0.4490196,0.3156863,0.0764706,-0.4411765,0.3000000,-0.1196078
282,0.0294118,0.3352941,-0.3627451,0.0098039,0.1823529,0.0215686,-0.0372549,0.4843137,-0.0254902,0.4882353,-0.4803922,-0.1274510,0.3666667,-0.1941176,0.3470588,-0.3588235,0.0294118,0.3352941,-0.3627451,0.0098039,0.1823529,0.0215686,-0.0372549,0.4843137,-0.0254902,0.4882353,-0.4803922,-0.1274510,0.3666667,-0.1941176,0.3470588,-0.3588235
283,0.1666667,0.4019608,0.0098039,0.4176471,-0.0843137,-0.2921569,0.3862745,0.4254902,0.1901961,0.2098039,-0.2019608,-0.2843137,0.3196078,-0.0058824,-0.1196078,-0.3392157,0.1666667,0.4019608,0.0098039,0.4176471,-0.0843137,-0.2921569,0.3862745,0.4254902,0.1901961,0.2098039,-0.2019608,-0.2843137,0.3196078,-0.0058824,-0.1196078,-0.3392157
284,0.3470588,0.3352941,0.1980392,0.2607843,-0.2725490,-0.4176471,0.2921569,-0.3627451,-0.4725490,0.3078431,0.2647059,0.0764706,-0.3666667,-0.2725490,0.3274510,0.2215686,0.3470588,0.3352941,0.1980392,0.2607843,-0.2725490,-0.4176471,0.2921569,-0.3627451,-0.4725490,0.3078431,0.2647059,0.0764706,-0.3666667,-0.2725490,0.3274510,0.2215686
285,-0.2607843,-0.2686275,-0.4568627,0.1235294,-0.4529412,-0.2411765,-0.5000000,0.2607843,0.2647059,0.1588235,0.4921569,0.4568627,0.0450980,0.4254902,-0.1117647,0.1274510,-0.2607843,-0.2686275,-0.4568627,0.1235294,-0.4529412,-0.2411765,-0.5000000,0.2607843,0.2647059,0.1588235,0.4921569,0.4568627,0.0450980,0.4254902,-0.1117647,0.1274510
286,-0.1784314,0.2176471,-0.1235294,-0.4137255,0.1901961,0.3823529,-0.4529412,0.0294118,0.1509804,0.1509804,0.0490196,-0.0058824,0.4960784,0.3235294,0.0921569,-0.3352941,-0.1784314,0.2176471,-0.1235294,-0.4137255,0.1901961,0.3823529,-0.4529412,0.0294118,0.1509804,0.1509804,0.0490196,-0.0058824,0.4960784,0.3235294,0.0921569,-0.3352941
287,-0.2882353,0.0725490,-0.1352941,0.3392157,0.2725490,-0.3705882,0.1980392,0.3431373,0.1313725,0.2490196,0.3509804,-0.0882353,0.3352941,0.0450980,-0.0686275,0.1549020,-0.2882353,0.0725490,-0.1352941,0.3392157,0.2725490,-0.3705882,0.1980392,0.3431373,0.1313725,0.2490196,0.3509804,-0.0882353,0.3352941,0.0450980,-0.0686275,0.1549020
288,0.4490196,0.1862745,-0.4333333,0.0294118,-0.2176471,-0.5000000,0.3823529,0.4607843,-0.1901961,0.4254902,-0.2215686,-0.3352941,0.0960784,0.2764706,-0.0764706,-0.1392157,0.4490196,0.1862745,-0.4333333,0.0294118,-0.2176471,-0.5000000,0.3823529,0.4607843,-0.1901961,0.4254902,-0.2215686,-0.3352941,0.0960784,0.2764706,-0.0764706,-0.1392157
289,0.4960784,-0.3941176,0.4372549,0.2568627,-0.3549020,-0.4882353,-0.4764706,-0.1823529,-0.3901961,-0.3313725,-0.4882353,0.1117647,0.3901961,-0.1980392,-0.3823529,0.3627451,0.4960784,-0.3941176,0.4372549,0.2568627,-0.3549020,-0.4882353,-0.4764706,-0.1823529,-0.3901961,-0.3313725,-0.4882353,0.1117647,0.3901961,-0.1980392,-0.3823529,0.3627451
290,0.3352941,0.2333333,-0.3823529,0.4058824,0.4921569,0.0098039,-0.3509804,-0.1549020,-0.4333333,-0.2215686,-0.2686275,0.2058824,0.1862745,0.3509804,-0.2725490,0.2960784,0.3352941,0.2333333,-0.3823529,0.4058824,0.4921569,0.0098039,-0.3509804,-0.1549020,-0.4333333,-0.2215686,-0.2686275,0.2058824,0.1862745,0.3509804,-0.2725490,0.2960784
291,0.0254902,-0.1666667,-0.2921569,-0.0215686,-0.4215686,0.0450980,-0.4568627,-0.5000000,0.2137255,0.3509804,0.4686275,-0.0019608,0.0803922,-0.3117647,-0.2960784,-0.3549020,0.0254902,-0.1666667,-0.2921569,-0.0215686,-0.4215686,0.0450980,-0.4568627,-0.5000000,0.2137255,0.3509804,0.4686275,-0.0019608,0.0803922,-0.3117647,-0.2960784,-0.3549020
292,-0.1549020,0.3078431,-0.1941176,-0.1784314,-0.0137255,-0.0372549,0.1745098,0.3627451,0.0215686,-0.3431373,0.0019608,0.2490196,-0.0176471,0.1156863,-0.2607843,0.4254902,-0.1549020,0.3078431,-0.1941176,-0.1784314,-0.0137255,-0.0372549,0.1745098,0.3627451,0.0215686,-0.3431373,0.0019608,0.2490196,-0.0176471,0.1156863,-0.2607843,0.4254902
293,0.1745098,-0.2960784,-0.4882353,-0.0098039,0.3862745,-0.3117647,-0.4372549,0.0098039,-0.4529412,-0.2058824,-0.1901961,0.3901961,0.4019608,-0.3235294,0.3000000,0.4411765,0.1745098,-0.2960784,-0.4882353,-0.0098039,0.3862745,-0.3117647,-0.4372549,0.0098039,-0.4529412,-0.2058824,-0.1901961,0.3901961,0.4019608,-0.3235294,0.3000000,0.4411765
294,0.2176471,-0.1156863,0.4529412,0.4607843,-0.1784314,0.0843137,0.3352941,0.0137255,0.3549020,0.4058824,0.2490196,-0.3745098,-0.3274510,0.2058824,0.0568627,0.4411765,0.2176471,-0.1156863,0.4529412,0.4607843,-0.1784314,0.0843137,0.3352941,0.0137255,0.3549020,0.4058824,0.2490196,-0.3745098,-0.3274510,0.2058824,0.0568627,0.4411765
295,0.4960784,-0.2764706,-0.0960784,-0.3313725,-0.2960784,-0.0686275,-0.4254902,0.0803922,-0.4215686,-0.2960784,0.1901961,0.1862745,0.4058824,-0.1549020,0.3313725,0.0450980,0.4960784,-0.2764706,-0.0960784,-0.3313725,-0.2960784,-0.0686275,-0.4254902,0.0803922,-0.4215686,-0.2960784,0.1901961,0.1862745,0.4058824,-0.1549020,0.3313725,0.0450980
296,0.1235294,0.1352941,0.0411765,-0.2843137,0.1470588,-0.0647059,-0.3745098,-0.3431373,-0.2529412,0.0529412,0.4098039,-0.2019608,0.0647059,-0.1666667,-0.4803922,0.2725490,0.1235294,0.1352941,0.0411765,-0.2843137,0.1470588,-0.0647059,-0.3745098,-0.3431373,-0.2529412,0.0529412,0.4098039,-0.2019608,0.0647059,-0.1666667,-0.4803922,0.2725490
297,-0.4882353,-0.1509804,0.2098039,-0.0294118,-0.0372549,0.3549020,0.3980392,0.2411765,0.1745098,0.3235294,0.3509804,-0.4333333,-0.2764706,0.4254902,0.0607843,-0.2921569,-0.4882353,-0.1509804,0.2098039,-0.0294118,-0.0372549,0.3549020,0.3980392,0.2411765,0.1745098,0.3235294,0.3509804,-0.4333333,-0.2764706,0.4254902,0.0607843,-0.2921569
298,-0.4176471,0.3823529,-0.1941176,-0.3352941,0.2882353,0.4960784,0.2764706,-0.0490196,-0.3666667,-0.2254902,-0.0725490,-0.0450980,-0.3745098,0.3117647,-0.1392157,-0.0725490,-0.4176471,0.3823529,-0.1941176,-0.3352941,0.2882353,0.4960784,0.2764706,-0.0490196,-0.3666667,-0.2254902,-0.0725490,-0.0450980,-0.3745098,0.3117647,-0.1392157,-0.0725490
299,-0.4019608,-0.0607843,0.2882353,0.3941176,0.3705882,-0.4568627,0.2372549,0.2607843,-0.2215686,0.1078431,0.0803922,-0.4764706,-0.2333333,-0.5000000,-0.4450980,-0.4725490,-0.4019608,-0.0607843,0.2882353,0.3941176,0.3705882,-0.4568627,0.2372549,0.2607843,-0.2215686,0.1078431,0.0803922,-0.4764706,-0.2333333,-0.5000000,-0.4450980,-0.4725490
300,-0.0411765,-0.0764706,-0.0529412,-0.0294118,0.4568627,-0.0882353,-0.1666667,0.1392157,-0.3705882,0.1549020,0.2490196,0.0725490,-0.4529412,-0.1941176,-0.4294118,0.3980392,-0.0411765,-0.0764706,-0.0529412,-0.0294118,0.4568627,-0.0882353,-0.1666667,0.1392157,-0.3705882,0.1549020,0.2490196,0.0725490,-0.4529412,-0.1941176,-0.4294118,0.3980392
301,-0.1901961,0.4529412,-0.3313725,0.4058824,-0.0333333,0.2411765,0.0058824,-0.0803922,0.1392157,-0.3156863,0.0529412,-0.2607843,0.4019608,0.0647059,0.0058824,0.3431373,-0.1901961,0.4529412,-0.3313725,0.4058824,-0.0333333,0.2411765,0.0058824,-0.0803922,0.1392157,-0.3156863,0.0529412,-0.2607843,0.4019608,0.0647059,0.0058824,0.3431373
302,-0.1235294,0.3705882,0.0686275,0.0960784,0.3509804,0.2921569,-0.0647059,0.4215686,-0.3627451,0.2725490,-0.4294118,0.3000000,-0.1901961,0.4960784,0.3274510,0.3000000,-0.1235294,0.3705882,0.0686275,0.0960784,0.3509804,0.2921569,-0.0647059,0.4215686,-0.3627451,0.2725490,-0.4294118,0.3000000,-0.1901961,0.4960784,0.3274510,0.3000000
303,-0.1274510,-0.4490196,0.0725490,0.0529412,-0.2803922,-0.4137255,0.1235294,0.2607843,0.1313725,-0.1000000,0.2137255,-0.3274510,0.2058824,0.0215686,0.0568627,0.4098039,-0.1274510,-0.4490196,0.0725490,0.0529412,-0.2803922,-0.4137255,0.1235294,0.2607843,0.1313725,-0.1000000,0.2137255,-0.3274510,0.2058824,0.0215686,0.0568627,0.4098039
304,-0.0764706,0.4058824,0.3470588,-0.1235294,0.3196078,-0.1392157,-0.0843137,0.2921569,0.3078431,-0.0725490,-0.3078431,-0.0960784,0.0333333,-0.2568627,-0.4843137,0.2137255,-0.0764706,0.4058824,0.3470588,-0.1235294,0.3196078,-0.1392157,-0.0843137,0.2921569,0.3078431,-0.0725490,-0.3078431,-0.0960784,0.0333333,-0.2568627,-0.4843137,0.2137255
305,0.1274510,0.0490196,-0.0294118,-0.4803922,0.1509804,-0.3941176,-0.2882353,0.3078431,0.0294118,-0.3666667,-0.2607843,0.1000000,-0.2294118,0.0372549,0.3156863,0.2215686,0.1274510,0.0490196,-0.0294118,-0.4803922,0.1509804,-0.3941176,-0.2882353,0.3078431,0.0294118,-0.3666667,-0.2607843,0.1000000,-0.2294118,0.0372549,0.3156863,0.2215686
306,-0.2686275,0.2764706,0.4960784,-0.0411765,0.2411765,0.0921569,-0.2333333,0.4647059,-0.2607843,0.2333333,0.0215686,-0.1078431,-0.0215686,-0.1745098,0.1313725,-0.0529412,-0.2686275,0.2764706,0.4960784,-0.0411765,0.2411765,0.0921569,-0.2333333,0.4647059,-0.2607843,0.2333333,0.0215686,-0.1078431,-0.0215686,-0.1745098,0.1313725,-0.0529412
307,-0.4647059,-0.3627451,0.3509804,-0.1823529,0.1705882,-0.3627451,0.1823529,0.2725490,-0.2098039,0.3705882,-0.1549020,-0.0294118,0.1823529,-0.1705882,-0.3039216,0.2372549,-0.4647059,-0.3627451,0.3509804,-0.1823529,0.1705882,-0.3627451,0.1823529,0.2725490,-0.2098039,0.3705882,-0.1549020,-0.0294118,0.1823529,-0.1705882,-0.3039216,0.2372549
308,0.4176471,-0.3627451,-0.3666667,-0.1862745,0.4960784,0.2098039,-0.2215686,0.3000000,-0.3117647,0.2529412,-0.3588235,-0.2137255,-0.2490196,0.0960784,0.4411765,0.1666667,0.4176471,-0.3627451,-0.3666667,-0.1862745,0.4960784,0.2098039,-0.2215686,0.3000000,-0.3117647,0.2529412,-0.3588235,-0.2137255,-0.2490196,0.0960784,0.4411765,0.1666667
309,-0.0725490,-0.4372549,-0.4607843,-0.0960784,-0.1901961,-0.4960784,0.0921569,0.4764706,0.4137255,0.3470588,0.2137255,0.3156863,0.2568627,0.1901961,0.0529412,0.1431373,-0.0725490,-0.4372549,-0.4607843,-0.0960784,-0.1901961,-0.4960784,0.0921569,0.4764706,0.4137255,0.3470588,0.2137255,0.3156863,0.2568627,0.1901961,0.0529412,0.1431373
310,0.2215686,-0.0137255,0.4294118,-0.3862745,0.4098039,-0.2843137,0.4450980,-0.4490196,0.1549020,0.4490196,0.3470588,-0.4647059,-0.4686275,0.1666667,-0.0019608,0.0215686,0.2215686,-0.0137255,0.4294118,-0.3862745,0.4098039,-0.2843137,0.4450980,-0.4490196,0.1549020,0.4490196,0.3470588,-0.4647059,-0.4686275,0.1666667,-0.0019608,0.0215686
311,-0.3862745,0.3352941,-0.1431373,0.3392157,-0.2647059,0.1705882,0.3588235,0.0176471,0.3627451,0.1941176,-0.1666667,-0.2607843,0.2333333,0.0803922,0.2960784,0.2333333,-0.3862745,0.3352941,-0.1431373,0.3392157,-0.2647059,0.1705882,0.3588235,0.0176471,0.3627451,0.1941176,-0.1666667,-0.2607843,0.2333333,0.0803922,0.2960784,0.2333333
312,-0.4568627,0.0019608,-0.4294118,-0.2411765,0.4764706,0.0686275,0.1431373,-0.3274510,0.1235294,0.0294118,0.3156863,0.1509804,0.1666667,-0.3392157,-0.0686275,-0.1980392,-0.4568627,0.0019608,-0.4294118,-0.2411765,0.4764706,0.0686275,0.1431373,-0.3274510,0.1235294,0.0294118,0.3156863,0.1509804,0.1666667,-0.3392157,-0.0686275,-0.1980392
313,-0.0843137,0.1117647,-0.2450980,-0.2686275,-0.0137255,0.0450980,-0.4803922,-0.2568627,0.4529412,-0.0490196,-0.0411765,-0.0450980,-0.1823529,-0.3196078,-0.1196078,-0.1784314,-0.0843137,0.1117647,-0.2450980,-0.2686275,-0.0137255,0.0450980,-0.4803922,-0.2568627,0.4529412,-0.0490196,-0.0411765,-0.0450980,-0.1823529,-0.3196078,-0.1196078,-0.1784314
314,-0.3588235,0.3392157,-0.2960784,0.2686275,-0.3000000,0.2490196,-0.1666667,0.3313725,0.4176471,0.1352941,0.0058824,0.2294118,0.3784314,0.0686275,-0.3000000,0.0019608,-0.3588235,0.3392157,-0.2960784,0.2686275,-0.3000000,0.2490196,-0.1666667,0.3313725,0.4176471,0.1352941,0.0058824,0.2294118,0.3784314,0.0686275,-0.3000000,0.0019608
315,0.2686275,0.3705882,0.0529412,-0.3313725,-0.2019608,0.0568627,0.1392157,0.0372549,-0.1078431,-0.1980392,0.1705882,0.3705882,-0.0254902,-0.2529412,-0.4647059,-0.4490196,0.2686275,0.3705882,0.0529412,-0.3313725,-0.2019608,0.0568627,0.1392157,0.0372549,-0.1078431,-0.1980392,0.1705882,0.3705882,-0.0254902,-0.2529412,-0.4647059,-0.4490196
316,-0.4882353,0.3705882,-0.3823529,0.3549020,-0.1078431,-0.2960784,0.4411765,-0.1117647,0.4411765,0.1549020,-0.2921569,-0.1901961,-0.2294118,0.3588235,-0.3745098,0.0960784,-0.4882353,0.3705882,-0.3823529,0.3549020,-0.1078431,-0.2960784,0.4411765,-0.1117647,0.4411765,0.1549020,-0.2921569,-0.1901961,-0.2294118,0.3588235,-0.3745098,0.0960784
317,-0.4372549,-0.0411765,0.3117647,-0.1509804,0.2333333,0.0529412,-0.0568627,-0.2058824,0.4607843,-0.1745098,0.4450980,-0.3745098,0.1549020,0.0098039,0.0490196,-0.3352941,-0.4372549,-0.0411765,0.3117647,-0.1509804,0.2333333,0.0529412,-0.0568627,-0.2058824,0.4607843,-0.1745098,0.4450980,-0.3745098,0.1549020,0.0098039,0.0490196,-0.3352941
318,-0.1862745,-0.4843137,-0.2490196,0.2921569,0.1901961,0.0843137,-0.2764706,0.4294118,-0.1352941,-0.4686275,-0.4725490,0.4372549,0.4450980,0.2450980,0.0411765,-0.3470588,-0.1862745,-0.4843137,-0.2490196,0.2921569,0.1901961,0.0843137,-0.2764706,0.4294118,-0.1352941,-0.4686275,-0.4725490,0.4372549,0.4450980,0.2450980,0.0411765,-0.3470588
319,-0.3941176,-0.3235294,0.4607843,0.3588235,0.4019608,-0.2921569,-0.0607843,-0.1196078,-0.3000000,0.3313725,0.1313725,0.0921569,0.1901961,0.1313725,-0.2411765,0.2686275,-0.3941176,-0.3235294,0.4607843,0.3588235,0.4019608,-0.2921569,-0.0607843,-0.1196078,-0.3000000,0.3313725,0.1313725,0.0921569,0.1901961,0.1313725,-0.2411765,0.2686275
320,0.2450980,0.0058824,-0.4568627,-0.1588235,-0.2137255,0.3431373,-0.1470588,-0.3470588,-0.1156863,0.2843137,-0.2843137,-0.1196078,0.2450980,0.2215686,-0.1549020,0.1941176,0.2450980,0.0058824,-0.4568627,-0.1588235,-0.2137255,0.3431373,-0.1470588,-0.3470588,-0.1156863,0.2843137,-0.2843137,-0.1196078,0.2450980,0.2215686,-0.1549020,0.1941176
321,-0.1392157,-0.1509804,-0.0803922,0.3431373,0.3705882,0.3196078,-0.2607843,0.0568627,-0.4686275,0.1980392,-0.4921569,0.2372549,-0.1666667,-0.1196078,-0.2882353,-0.4058824,-0.1392157,-0.1509804,-0.0803922,0.3431373,0.3705882,0.3196078,-0.2607843,0.0568627,-0.4686275,0.1980392,-0.4921569,0.2372549,-0.1666667,-0.1196078,-0.2882353,-0.4058824
322,-0.0490196,-0.4960784,0.0411765,0.4215686,-0.0960784,-0.1941176,-0.2294118,0.3627451,-0.0921569,0.4725490,0.4137255,0.3392157,-0.4411765,-0.3313725,-0.1235294,-0.4647059,-0.0490196,-0.4960784,0.0411765,0.4215686,-0.0960784,-0.1941176,-0.2294118,0.3627451,-0.0921569,0.4725490,0.4137255,0.3392157,-0.4411765,-0.3313725,-0.1235294,-0.4647059
323,-0.2647059,-0.0764706,0.0137255,-0.2058824,-0.3745098,0.2568627,0.0450980,-0.1313725,-0.4686275,0.1392157,-0.2333333,-0.0529412,0.2254902,0.2450980,0.1509804,-0.0490196,-0.2647059,-0.0764706,0.0137255,-0.2058824,-0.3745098,0.2568627,0.0450980,-0.1313725,-0.4686275,0.1392157,-0.2333333,-0.0529412,0.2254902,0.2450980,0.1509804,-0.0490196
324,-0.3196078,-0.4137255,-0.1156863,-0.1627451,0.2215686,0.3588235,-0.2333333,-0.4607843,0.0529412,0.1156863,0.3000000,0.4686275,0.2294118,0.4647059,0.1235294,-0.1196078,-0.3196078,-0.4137255,-0.1156863,-0.1627451,0.2215686,0.3588235,-0.2333333,-0.4607843,0.0529412,0.1156863,0.3000000,0.4686275,0.2294118,0.4647059,0.1235294,-0.1196078
325,-0.3823529,-0.3039216,0.3313725,-0.2215686,-0.2921569,-0.1549020,-0.3627451,-0.0725490,0.4215686,0.0568627,0.1392157,-0.0921569,-0.2019608,0.1274510,-0.2098039,-0.3078431,-0.3823529,-0.3039216,0.3313725,-0.2215686,-0.2921569,-0.1549020,-0.3627451,-0.0725490,0.4215686,0.0568627,0.1392157,-0.0921569,-0.2019608,0.1274510,-0.2098039,-0.3078431
326,-0.3627451,0.2058824,0.0607843,-0.3392157,-0.3156863,0.2411765,0.0803922,-0.2529412,-0.4254902,-0.0450980,-0.3313725,0.0019608,-0.2058824,0.2019608,-0.4333333,0.2450980,-0.3627451,0.2058824,0.0607843,-0.3392157,-0.3156863,0.2411765,0.0803922,-0.2529412,-0.4254902,-0.0450980,-0.3313725,0.0019608,-0.2058824,0.2019608,-0.4333333,0.2450980
327,-0.2176471,0.4607843,0.2960784,-0.2686275,-0.3470588,-0.1745098,0.3901961,-0.1000000,0.4882353,-0.1745098,0.4882353,0.0843137,-0.2882353,-0.1352941,-0.1117647,-0.4921569,-0.2176471,0.4607843,0.2960784,-0.2686275,-0.3470588,-0.1745098,0.3901961,-0.1000000,0.4882353,-0.1745098,0.4882353,0.0843137,-0.2882353,-0.1352941,-0.1117647,-0.4921569
328,-0.0372549,-0.0568627,0.0137255,-0.3000000,0.4294118,-0.1705882,0.2215686,0.0529412,0.4098039,-0.4647059,0.4372549,-0.1509804,0.2450980,-0.5000000,0.1901961,0.3039216,-0.0372549,-0.0568627,0.0137255,-0.3000000,0.4294118,-0.1705882,0.2215686,0.0529412,0.4098039,-0.4647059,0.4372549,-0.1509804,0.2450980,-0.5000000,0.1901961,0.3039216
329,0.3431373,0.1235294,0.3784314,-0.0490196,-0.2019608,-0.0490196,0.2686275,0.3235294,-0.3235294,-0.4960784,0.1549020,0.2333333,0.0176471,-0.3078431,0.4490196,0.2098039,0.3431373,0.1235294,0.3784314,-0.0490196,-0.2019608,-0.0490196,0.2686275,0.3235294,-0.3235294,-0.4960784,0.1549020,0.2333333,0.0176471,-0.3078431,0.4490196,0.2098039
330,-0.3117647,-0.1235294,-0.2333333,-0.2921569,-0.2921569,0.3078431,-0.0764706,0.0843137,0.4882353,0.1117647,-0.4215686,0.4372549,-0.1431373,0.0803922,0.3549020,-0.1588235,-0.3117647,-0.1235294,-0.2333333,-0.2921569,-0.2921569,0.3078431,-0.0764706,0.0843137,0.4882353,0.1117647,-0.4215686,0.4372549,-0.1431373,0.0803922,0.3549020,-0.1588235
331,0.3509804,0.4294118,0.1627451,-0.0490196,-0.2607843,-0.0490196,0.2607843,-0.4803922,-0.3470588,-0.0411765,-0.2019608,0.2372549,0.2254902,0.0568627,-0.0333333,-0.2725490,0.3509804,0.4294118,0.1627451,-0.0490196,-0.2607843,-0.0490196,0.2607843,-0.4803922,-0.3470588,-0.0411765,-0.2019608,0.2372549,0.2254902,0.0568627,-0.0333333,-0.2725490
332,-0.4607843,0.0137255,0.3196078,-0.0294118,0.1392157,-0.2372549,-0.2019608,0.3705882,-0.2529412,0.4725490,-0.3588235,0.3901961,0.2372549,-0.3627451,-0.0254902,0.2803922,-0.4607843,0.0137255,0.3196078,-0.0294118,0.1392157,-0.2372549,-0.2019608,0.3705882,-0.2529412,0.4725490,-0.3588235,0.3901961,0.2372549,-0.3627451,-0.0254902,0.2803922
333,-0.1470588,0.3196078,-0.0490196,0.0333333,-0.0450980,0.2176471,-0.1235294,0.4529412,0.3431373,0.0333333,0.2529412,0.2607843,-0.3862745,-0.2607843,-0.4921569,0.1549020,-0.1470588,0.3196078,-0.0490196,0.0333333,-0.0450980,0.2176471,-0.1235294,0.4529412,0.3431373,0.0333333,0.2529412,0.2607843,-0.3862745,-0.2607843,-0.4921569,0.1549020
334,0.2960784,0.4333333,0.4058824,-0.0372549,0.0176471,-0.4803922,0.1941176,-0.3980392,0.4215686,0.3117647,-0.0686275,-0.3470588,0.1470588,0.0215686,0.3117647,0.1784314,0.2960784,0.4333333,0.4058824,-0.0372549,0.0176471,-0.4803922,0.1941176,-0.3980392,0.4215686,0.3117647,-0.0686275,-0.3470588,0.1470588,0.0215686,0.3117647,0.1784314
335,-0.3313725,0.2921569,-0.2764706,0.1392157,0.0294118,0.4686275,-0.4764706,-0.1588235,0.1156863,0.1549020,0.2764706,0.4882353,-0.1313725,-0.1509804,0.4294118,-0.0450980,-0.3313725,0.2921569,-0.2764706,0.1392157,0.0294118,0.4686275,-0.4764706,-0.1588235,0.1156863,0.1549020,0.2764706,0.4882353,-0.1313725,-0.1509804,0.4294118,-0.0450980
336,0.3313725,-0.3352941,-0.4372549,0.0607843,-0.2725490,-0.2568627,0.0529412,-0.0960784,0.2725490,0.2215686,-0.4450980,0.0098039,0.2294118,0.2411765,-0.0764706,0.1627451,0.3313725,-0.3352941,-0.4372549,0.0607843,-0.2725490,-0.2568627,0.0529412,-0.0960784,0.2725490,0.2215686,-0.4450980,0.0098039,0.2294118,0.2411765,-0.0764706,0.1627451
337,0.1823529,-0.1941176,0.3235294,-0.1980392,0.5000000,0.2058824,0.2372549,-0.2019608,0.0764706,-0.0686275,0.4647059,-0.4058824,0.1627451,0.4490196,0.2686275,0.3352941,0.1823529,-0.1941176,0.3235294,-0.1980392,0.5000000,0.2058824,0.2372549,-0.2019608,0.0764706,-0.0686275,0.4647059,-0.4058824,0.1627451,0.4490196,0.2686275,0.3352941
338,-0.3352941,0.0529412,-0.1352941,-0.4372549,-0.1431373,0.1470588,0.1156863,0.1470588,0.3156863,0.4411765,-0.4058824,-0.1235294,0.1470588,0.2882353,0.4803922,0.4333333,-0.3352941,0.0529412,-0.1352941,-0.4372549,-0.1431373,0.1470588,0.1156863,0.1470588,0.3156863,0.4411765,-0.4058824,-0.1235294,0.1470588,0.2882353,0.4803922,0.4333333
339,0.2372549,0.2450980,-0.1392157,0.1078431,-0.3392157,0.0098039,-0.4607843,-0.2176471,-0.4529412,-0.4137255,-0.4490196,-0.2294118,-0.3549020,0.2686275,-0.4294118,-0.4176471,0.2372549,0.2450980,-0.1392157,0.1078431,-0.3392157,0.0098039,-0.4607843,-0.2176471,-0.4529412,-0.4137255,-0.4490196,-0.2294118,-0.3549020,0.2686275,-0.4294118,-0.4176471
340,-0.2960784,0.3196078,0.2568627,-0.4725490,0.2843137,0.1823529,0.0607843,0.2843137,0.0098039,-0.3784314,-0.3627451,-0.3000000,-0.1627451,0.1117647,0.2843137,-0.2882353,-0.2960784,0.3196078,0.2568627,-0.4725490,0.2843137,0.1823529,0.0607843,0.2843137,0.0098039,-0.3784314,-0.3627451,-0.3000000,-0.1627451,0.1117647,0.2843137,-0.2882353
341,-0.1039216,-0.1196078,0.4254902,0.2137255,-0.4843137,-0.4843137,-0.2450980,-0.4254902,-0.4960784,-0.4254902,-0.3784314,-0.0490196,0.0019608,-0.1313725,0.1823529,-0.0764706,-0.1039216,-0.1196078,0.4254902,0.2137255,-0.4843137,-0.4843137,-0.2450980,-0.4254902,-0.4960784,-0.4254902,-0.3784314,-0.0490196,0.0019608,-0.1313725,0.1823529,-0.0764706
342,-0.3588235,0.1901961,-0.1313725,-0.1196078,-0.4058824,-0.0607843,0.3392157,-0.2411765,-0.4568627,-0.0607843,0.1000000,0.1274510,-0.3745098,0.1588235,0.4372549,0.3313725,-0.3588235,0.1901961,-0.1313725,-0.1196078,-0.4058824,-0.0607843,0.3392157,-0.2411765,-0.4568627,-0.0607843,0.1000000,0.1274510,-0.3745098,0.1588235,0.4372549,0.3313725
343,-0.2058824,-0.1313725,0.1627451,0.0215686,0.2921569,0.4529412,-0.1980392,-0.1274510,-0.0372549,-0.1156863,-0.3078431,0.1156863,-0.3431373,0.3274510,-0.3352941,0.0450980,-0.2058824,-0.1313725,0.1627451,0.0215686,0.2921569,0.4529412,-0.1980392,-0.1274510,-0.0372549,-0.1156863,-0.3078431,0.1156863,-0.3431373,0.3274510,-0.3352941,0.0450980
344,0.4372549,-0.2921569,0.2725490,-0.3196078,-0.4215686,0.3235294,0.2058824,-0.3588235,0.1352941,-0.2411765,0.0254902,0.0058824,-0.0254902,0.3156863,-0.3745098,0.3509804,0.4372549,-0.2921569,0.2725490,-0.3196078,-0.4215686,0.3235294,0.2058824,-0.3588235,0.1352941,-0.2411765,0.0254902,0.0058824,-0.0254902,0.3156863,-0.3745098,0.3509804
345,-0.3745098,-0.3313725,-0.3117647,-0.3509804,-0.0490196,-0.1980392,0.0921569,-0.3745098,0.1117647,-0.4803922,-0.1235294,0.0607843,0.1235294,0.2294118,0.2725490,-0.1823529,-0.3745098,-0.3313725,-0.3117647,-0.3509804,-0.0490196,-0.1980392,0.0921569,-0.3745098,0.1117647,-0.4803922,-0.1235294,0.0607843,0.1235294,0.2294118,0.2725490,-0.1823529
346,-0.1196078,0.2568627,0.4803922,0.3745098,0.2019608,0.3117647,0.2764706,-0.3392157,-0.2333333,0.3274510,0.4176471,-0.2686275,0.3901961,0.4764706,0.3862745,0.4921569,-0.1196078,0.2568627,0.4803922,0.3745098,0.2019608,0.3117647,0.2764706,-0.3392157,-0.2333333,0.3274510,0.4176471,-0.2686275,0.3901961,0.4764706,0.3862745,0.4921569
347,-0.1549020,0.4568627,0.3235294,-0.0529412,0.0058824,-0.3745098,-0.3980392,0.0019608,0.0647059,-0.0921569,0.3000000,0.3000000,0.3156863,-0.3313725,0.0333333,-0.2333333,-0.1549020,0.4568627,0.3235294,-0.0529412,0.0058824,-0.3745098,-0.3980392,0.0019608,0.0647059,-0.0921569,0.3000000,0.3000000,0.3156863,-0.3313725,0.0333333,-0.2333333
348,0.0647059,0.4568627,-0.2450980,0.1392157,0.4450980,0.0254902,0.4960784,0.3745098,-0.1509804,-0.2921569,0.1588235,-0.3470588,0.1627451,0.2294118,0.3549020,-0.2843137,0.0647059,0.4568627,-0.2450980,0.1392157,0.4450980,0.0254902,0.4960784,0.3745098,-0.1509804,-0.2921569,0.1588235,-0.3470588,0.1627451,0.2294118,0.3549020,-0.2843137
349,0.1196078,0.0019608,-0.2450980,0.3901961,-0.3470588,-0.2098039,0.1627451,0.3823529,-0.3156863,-0.1352941,-0.1823529,0.4725490,-0.0450980,-0.3549020,0.3941176,-0.0882353,0.1196078,0.0019608,-0.2450980,0.3901961,-0.3470588,-0.2098039,0.1627451,0.3823529,-0.3156863,-0.1352941,-0.1823529,0.4725490,-0.0450980,-0.3549020,0.3941176,-0.0882353
350,-0.3823529,-0.2411765,0.2333333,-0.2450980,0.1078431,0.0568627,0.2764706,0.4568627,-0.1039216,-0.2960784,0.3941176,-0.3039216,-0.4960784,0.3509804,-0.0647059,-0.3823529,-0.3823529,-0.2411765,0.2333333,-0.2450980,0.1078431,0.0568627,0.2764706,0.4568627,-0.1039216,-0.2960784,0.3941176,-0.3039216,-0.4960784,0.3509804,-0.0647059,-0.3823529
351,-0.2333333,0.1862745,-0.3313725,0.3705882,-0.4607843,0.3274510,-0.2921569,-0.2882353,0.3196078,0.0764706,0.1823529,0.0490196,-0.3745098,-0.1666667,-0.3156863,0.0176471,-0.2333333,0.1862745,-0.3313725,0.3705882,-0.4607843,0.3274510,-0.2921569,-0.2882353,0.3196078,0.0764706,0.1823529,0.0490196,-0.3745098,-0.1666667,-0.3156863,0.0176471
352,-0.0058824,-0.3235294,0.1745098,0.2411765,0.3588235,0.0490196,-0.2960784,-0.3549020,0.3705882,0.1000000,0.2647059,0.1431373,0.1705882,-0.3784314,0.2294118,0.1078431,-0.0058824,-0.3235294,0.1745098,0.2411765,0.3588235,0.0490196,-0.2960784,-0.3549020,0.3705882,0.1000000,0.2647059,0.1431373,0.1705882,-0.3784314,0.2294118,0.1078431
353,-0.0137255,0.0098039,-0.2058824,-0.2921569,0.3901961,0.1862745,0.0882353,0.0607843,-0.1078431,0.3862745,-0.3784314,-0.1235294,0.4450980,0.3980392,0.3196078,-0.4529412,-0.0137255,0.0098039,-0.2058824,-0.2921569,0.3901961,0.1862745,0.0882353,0.0607843,-0.1078431,0.3862745,-0.3784314,-0.1235294,0.4450980,0.3980392,0.3196078,-0.4529412
354,-0.1078431,-0.2058824,-0.4686275,0.4764706,-0.1156863,0.2411765,0.0607843,0.0333333,0.4647059,0.2490196,-0.1039216,-0.4411765,-0.3235294,-0.4098039,0.4607843,-0.4294118,-0.1078431,-0.2058824,-0.4686275,0.4764706,-0.1156863,0.2411765,0.0607843,0.0333333,0.4647059,0.2490196,-0.1039216,-0.4411765,-0.3235294,-0.4098039,0.4607843,-0.4294118
355,-0.1784314,0.1980392,-0.4450980,0.3784314,-0.1039216,-0.3666667,-0.1000000,0.1823529,-0.0098039,0.3313725,-0.2764706,-0.0529412,-0.3117647,0.0137255,0.3980392,-0.2215686,-0.1784314,0.1980392,-0.4450980,0.3784314,-0.1039216,-0.3666667,-0.1000000,0.1823529,-0.0098039,0.3313725,-0.2764706,-0.0529412,-0.3117647,0.0137255,0.3980392,-0.2215686
356,0.2725490,-0.1117647,-0.3509804,0.3509804,-0.4647059,-0.5000000,-0.3627451,0.2333333,-0.1784314,0.4764706,-0.3666667,-0.0333333,0.3980392,-0.2333333,-0.4411765,-0.1274510,0.2725490,-0.1117647,-0.3509804,0.3509804,-0.4647059,-0.5000000,-0.3627451,0.2333333,-0.1784314,0.4764706,-0.3666667,-0.0333333,0.3980392,-0.2333333,-0.4411765,-0.1274510
357,0.0215686,0.3117647,-0.3235294,0.1039216,0.0411765,0.0882353,0.4294118,0.1941176,-0.0450980,-0.0411765,0.0764706,-0.0882353,0.5000000,-0.0333333,0.0960784,-0.4098039,0.0215686,0.3117647,-0.3235294,0.1039216,0.0411765,0.0882353,0.4294118,0.1941176,-0.0450980,-0.0411765,0.0764706,-0.0882353,0.5000000,-0.0333333,0.0960784,-0.4098039
358,-0.2686275,0.1745098,-0.3627451,-0.1196078,0.1196078,0.2254902,-0.2686275,-0.4490196,-0.5000000,-0.3196078,0.3392157,-0.3039216,0.0607843,-0.3941176,-0.2215686,0.1392157,-0.2686275,0.1745098,-0.3627451,-0.1196078,0.1196078,0.2254902,-0.2686275,-0.4490196,-0.5000000,-0.3196078,0.3392157,-0.3039216,0.0607843,-0.3941176,-0.2215686,0.1392157
359,0.3627451,0.3313725,0.2333333,-0.0019608,-0.4568627,0.4921569,0.3941176,0.1313725,-0.4019608,0.3470588,0.0803922,-0.3000000,-0.4529412,0.4960784,-0.4764706,0.1313725,0.3627451,0.3313725,0.2333333,-0.0019608,-0.4568627,0.4921569,0.3941176,0.1313725,-0.4019608,0.3470588,0.0803922,-0.3000000,-0.4529412,0.4960784,-0.4764706,0.1313725
360,0.1627451,0.0019608,0.2529412,0.0137255,-0.4686275,-0.2568627,0.4215686,0.1352941,0.3000000,-0.1823529,-0.1901961,-0.2960784,-0.0607843,-0.1274510,-0.1274510,-0.3588235,0.1627451,0.0019608,0.2529412,0.0137255,-0.4686275,-0.2568627,0.4215686,0.1352941,0.3000000,-0.1823529,-0.1901961,-0.2960784,-0.0607843,-0.1274510,-0.1274510,-0.3588235
361,-0.0254902,-0.2450980,-0.2411765,0.2176471,-0.1196078,-0.2960784,0.2882353,-0.0176471,0.2529412,0.3862745,-0.1431373,0.2686275,0.1352941,-0.2098039,-0.3823529,-0.4411765,-0.0254902,-0.2450980,-0.2411765,0.2176471,-0.1196078,-0.2960784,0.2882353,-0.0176471,0.2529412,0.3862745,-0.1431373,0.2686275,0.1352941,-0.2098039,-0.3823529,-0.4411765
362,-0.1627451,0.4607843,-0.3235294,-0.1901961,-0.1549020,0.1196078,0.1901961,-0.2137255,0.4529412,-0.0411765,0.4098039,-0.3470588,0.3745098,-0.3941176,0.2568627,-0.0607843,-0.1627451,0.4607843,-0.3235294,-0.1901961,-0.1549020,0.1196078,0.1901961,-0.2137255,0.4529412,-0.0411765,0.4098039,-0.3470588,0.3745098,-0.3941176,0.2568627,-0.0607843
363,0.3392157,-0.3588235,0.3000000,-0.3941176,-0.4647059,0.3901961,0.2803922,-0.3627451,-0.1862745,-0.2607843,0.3941176,0.2725490,-0.3666667,0.1431373,0.0058824,-0.2568627,0.3392157,-0.3588235,0.3000000,-0.3941176,-0.4647059,0.3901961,0.2803922,-0.3627451,-0.1862745,-0.2607843,0.3941176,0.2725490,-0.3666667,0.1431373,0.0058824,-0.2568627
364,-0.4294118,-0.1313725,0.0254902,-0.3901961,-0.4137255,-0.2137255,0.2137255,-0.0019608,0.4725490,0.1313725,0.0921569,0.1000000,0.4254902,-0.4529412,0.3274510,-0.2176471,-0.4294118,-0.1313725,0.0254902,-0.3901961,-0.4137255,-0.2137255,0.2137255,-0.0019608,0.4725490,0.1313725,0.0921569,0.1000000,0.4254902,-0.4529412,0.3274510,-0.2176471
365,0.4450980,-0.3470588,0.1196078,0.2215686,0.4568627,-0.4647059,-0.1117647,0.4843137,0.3666667,0.1588235,-0.4137255,-0.0803922,-0.2647059,-0.0137255,-0.2686275,0.1274510,0.4450980,-0.3470588,0.1196078,0.2215686,0.4568627,-0.4647059,-0.1117647,0.4843137,0.3666667,0.1588235,-0.4137255,-0.0803922,-0.2647059,-0.0137255,-0.2686275,0.1274510
366,0.3274510,0.4450980,-0.3627451,0.4921569,0.3431373,-0.4176471,-0.0960784,0.3392157,0.3509804,0.4568627,0.3431373,0.3392157,0.3274510,0.3666667,0.1509804,-0.1588235,0.3274510,0.4450980,-0.3627451,0.4921569,0.3431373,-0.4176471,-0.0960784,0.3392157,0.3509804,0.4568627,0.3431373,0.3392157,0.3274510,0.3666667,0.1509804,-0.1588235
367,-0.1549020,0.0372549,0.4333333,-0.5000000,0.2725490,0.0294118,0.3000000,-0.4215686,0.0372549,0.4372549,-0.0254902,-0.1274510,-0.3156863,0.4960784,0.1549020,-0.3392157,-0.1549020,0.0372549,0.4333333,-0.5000000,0.2725490,0.0294118,0.3000000,-0.4215686,0.0372549,0.4372549,-0.0254902,-0.1274510,-0.3156863,0.4960784,0.1549020,-0.3392157
368,0.5000000,0.1823529,0.0725490,-0.4843137,0.1470588,0.3588235,0.0568627,0.1549020,0.0803922,-0.2490196,-0.4411765,0.0137255,-0.2490196,-0.3588235,-0.2137255,0.1352941,0.5000000,0.1823529,0.0725490,-0.4843137,0.1470588,0.3588235,0.0568627,0.1549020,0.0803922,-0.2490196,-0.4411765,0.0137255,-0.2490196,-0.3588235,-0.2137255,0.1352941
369,0.1823529,0.2098039,-0.0137255,-0.0607843,-0.3235294,0.2568627,0.4490196,-0.3156863,-0.3509804,-0.3392157,-0.4960784,0.0803922,-0.1784314,-0.0333333,0.4372549,0.1117647,0.1823529,0.2098039,-0.0137255,-0.0607843,-0.3235294,0.2568627,0.4490196,-0.3156863,-0.3509804,-0.3392157,-0.4960784,0.0803922,-0.1784314,-0.0333333,0.4372549,0.1117647
370,-0.1470588,0.0960784,0.2686275,0.4411765,-0.2411765,0.0215686,0.4803922,0.0333333,-0.2372549,0.1980392,-0.2450980,-0.0450980,-0.0843137,-0.1862745,0.1392157,0.0568627,-0.1470588,0.0960784,0.2686275,0.4411765,-0.2411765,0.0215686,0.4803922,0.0333333,-0.2372549,0.1980392,-0.2450980,-0.0450980,-0.0843137,-0.1862745,0.1392157,0.0568627
371,-0.2921569,0.3117647,0.0372549,0.1509804,0.4058824,0.0725490,-0.1980392,-0.4921569,0.0843137,-0.4490196,-0.2019608,-0.3980392,-0.1588235,0.1784314,-0.2058824,0.4490196,-0.2921569,0.3117647,0.0372549,0.1509804,0.4058824,0.0725490,-0.1980392,-0.4921569,0.0843137,-0.4490196,-0.2019608,-0.3980392,-0.1588235,0.1784314,-0.2058824,0.4490196
372,-0.3549020,0.4137255,0.1274510,0.1980392,0.4764706,0.4058824,0.2607843,-0.1235294,-0.4176471,0.4254902,0.3901961,-0.0294118,-0.1862745,-0.3274510,0.3549020,-0.0529412,-0.3549020,0.4137255,0.1274510,0.1980392,0.4764706,0.4058824,0.2607843,-0.1235294,-0.4176471,0.4254902,0.3901961,-0.0294118,-0.1862745,-0.3274510,0.3549020,-0.0529412
373,0.2960784,-0.0921569,-0.0215686,0.0450980,-0.1862745,0.4176471,-0.0450980,-0.0960784,-0.2372549,-0.4019608,0.0019608,-0.4058824,-0.2058824,-0.1941176,-0.0843137,-0.3588235,0.2960784,-0.0921569,-0.0215686,0.0450980,-0.1862745,0.4176471,-0.0450980,-0.0960784,-0.2372549,-0.4019608,0.0019608,-0.4058824,-0.2058824,-0.1941176,-0.0843137,-0.3588235
374,-0.2803922,0.4137255,0.3313725,0.2725490,0.4764706,0.0960784,-0.1313725,0.0764706,-0.3392157,0.2333333,0.2686275,-0.4411765,-0.3431373,0.4921569,-0.4215686,0.3784314,-0.2803922,0.4137255,0.3313725,0.2725490,0.4764706,0.0960784,-0.1313725,0.0764706,-0.3392157,0.2333333,0.2686275,-0.4411765,-0.3431373,0.4921569,-0.4215686,0.3784314
375,0.1117647,0.0882353,0.0254902,-0.0098039,-0.2098039,0.4019608,0.3666667,-0.0843137,0.4843137,-0.1156863,-0.0294118,0.1784314,0.4019608,-0.3039216,0.3549020,-0.0882353,0.1117647,0.0882353,0.0254902,-0.0098039,-0.2098039,0.4019608,0.3666667,-0.0843137,0.4843137,-0.1156863,-0.0294118,0.1784314,0.4019608,-0.3039216,0.3549020,-0.0882353
376,-0.2294118,0.2294118,0.1509804,0.1000000,0.3627451,0.3549020,0.1627451,0.1862745,-0.1352941,-0.1901961,0.2019608,-0.1235294,-0.2803922,0.2725490,-0.1274510,-0.4254902,-0.2294118,0.2294118,0.1509804,0.1000000,0.3627451,0.3549020,0.1627451,0.1862745,-0.1352941,-0.1901961,0.2019608,-0.1235294,-0.2803922,0.2725490,-0.1274510,-0.4254902
377,0.0254902,0.2333333,0.2058824,0.2098039,0.3196078,0.3823529,-0.1666667,0.3705882,-0.0725490,-0.3431373,-0.4450980,-0.0725490,0.1941176,0.1078431,-0.3588235,0.4019608,0.0254902,0.2333333,0.2058824,0.2098039,0.3196078,0.3823529,-0.1666667,0.3705882,-0.0725490,-0.3431373,-0.4450980,-0.0725490,0.1941176,0.1078431,-0.3588235,0.4019608
378,0.0568627,-0.2607843,0.0411765,0.4176471,-0.1509804,-0.2960784,0.3274510,-0.1470588,-0.0215686,-0.3235294,-0.4215686,-0.0137255,0.1274510,-0.2764706,0.0960784,-0.3235294,0.0568627,-0.2607843,0.0411765,0.4176471,-0.1509804,-0.2960784,0.3274510,-0.1470588,-0.0215686,-0.3235294,-0.4215686,-0.0137255,0.1274510,-0.2764706,0.0960784,-0.3235294
379,-0.4803922,-0.4137255,0.2098039,-0.3588235,-0.0725490,-0.3588235,-0.3313725,0.3392157,0.0137255,-0.0411765,-0.1666667,-0.2960784,0.0882353,-0.0529412,-0.0019608,-0.2960784,-0.4803922,-0.4137255,0.2098039,-0.3588235,-0.0725490,-0.3588235,-0.3313725,0.3392157,0.0137255,-0.0411765,-0.1666667,-0.2960784,0.0882353,-0.0529412,-0.0019608,-0.2960784
380,0.4450980,0.0529412,0.2098039,-0.3980392,-0.1862745,0.1980392,0.3078431,0.1117647,-0.4764706,-0.3470588,-0.4490196,0.3156863,0.0764706,-0.4411765,0.3000000,-0.1196078,0.4450980,0.0529412,0.2098039,-0.3980392,-0.1862745,0.1980392,0.3078431,0.1117647,-0.4764706,-0.3470588,-0.4490196,0.3156863,0.0764706,-0.4411765,0.3000000,-0.1196078
381,0.0294118,0.3352941,-0.3627451,0.0098039,0.1823529,0.0215686,-0.0372549,0.4843137,-0.0254902,0.4882353,-0.4803922,-0.1274510,0.3666667,-0.1941176,0.3470588,-0.3588235,0.0294118,0.3352941,-0.3627451,0.0098039,0.1823529,0.0215686,-0.0372549,0.4843137,-0.0254902,0.4882353,-0.4803922,-0.1274510,0.3666667,-0.1941176,0.3470588,-0.3588235
382,0.1666667,0.4019608,0.0098039,0.4176471,-0.0843137,-0.2921569,0.3862745,0.4254902,0.1901961,0.2098039,-0.2019608,-0.2843137,0.3196078,-0.0058824,-0.1196078,-0.3392157,0.1666667,0.4019608,0.0098039,0.4176471,-0.0843137,-0.2921569,0.3862745,0.4254902,0.1901961,0.2098039,-0.2019608,-0.2843137,0.3196078,-0.0058824,-0.1196078,-0.3392157
383,0.3470588,0.3352941,0.1980392,0.2607843,-0.2725490,-0.4176471,0.2921569,-0.3627451,-0.4725490,0.3078431,0.2647059,0.0764706,-0.3666667,-0.2725490,0.3274510,0.2215686,0.3470588,0.3352941,0.1980392,0.2607843,-0.2725490,-0.4176471,0.2921569,-0.3627451,-0.4725490,0.3078431,0.2647059,0.0764706,-0.3666667,-0.2725490,0.3274510,0.2215686
384,-0.2607843,-0.2686275,-0.4568627,0.1235294,-0.4529412,-0.2411765,-0.5000000,0.2607843,0.2647059,0.1588235,0.4921569,0.4568627,0.0450980,0.4254902,-0.1117647,0.1274510,-0.2607843,-0.2686275,-0.4568627,0.1235294,-0.4529412,-0.2411765,-0.5000000,0.2607843,0.2647059,0.1588235,0.4921569,0.4568627,0.0450980,0.4254902,-0.1117647,0.1274510
385,-0.1784314,0.2176471,-0.1235294,-0.4137255,0.1901961,0.3823529,-0.4529412,0.0294118,0.1509804,0.1509804,0.0490196,-0.0058824,0.4960784,0.3235294,0.0921569,-0.3352941,-0.1784314,0.2176471,-0.1235294,-0.4137255,0.1901961,0.3823529,-0.4529412,0.0294118,0.1509804,0.1509804,0.0490196,-0.0058824,0.4960784,0.3235294,0.0921569,-0.3352941
386,-0.2882353,0.0725490,-0.1352941,0.3392157,0.2725490,-0.3705882,0.1980392,0.3431373,0.1313725,0.2490196,0.3509804,-0.0882353,0.3352941,0.0450980,-0.0686275,0.1549020,-0.2882353,0.0725490,-0.1352941,0.3392157,0.2725490,-0.3705882,0.1980392,0.3431373,0.1313725,0.2490196,0.3509804,-0.0882353,0.3352941,0.0450980,-0.0686275,0.1549020
387,0.4490196,0.1862745,-0.4333333,0.0294118,-0.2176471,-0.5000000,0.3823529,0.4607843,-0.1901961,0.4254902,-0.2215686,-0.3352941,0.0960784,0.2764706,-0.0764706,-0.1392157,0.4490196,0.1862745,-0.4333333,0.0294118,-0.2176471,-0.5000000,0.3823529,0.4607843,-0.1901961,0.4254902,-0.2215686,-0.3352941,0.0960784,0.2764706,-0.0764706,-0.1392157
388,0.4960784,-0.3941176,0.4372549,0.2568627,-0.3549020,-0.4882353,-0.4764706,-0.1823529,-0.3901961,-0.3313725,-0.4882353,0.1117647,0.3901961,-0.1980392,-0.3823529,0.3627451,0.4960784,-0.3941176,0.4372549,0.2568627,-0.3549020,-0.4882353,-0.4764706,-0.1823529,-0.3901961,-0.3313725,-0.4882353,0.1117647,0.3901961,-0.1980392,-0.3823529,0.3627451
389,0.3352941,0.2333333,-0.3823529,0.4058824,0.4921569,0.0098039,-0.3509804,-0.1549020,-0.4333333,-0.2215686,-0.2686275,0.2058824,0.1862745,0.3509804,-0.2725490,0.2960784,0.3352941,0.2333333,-0.3823529,0.4058824,0.4921569,0.0098039,-0.3509804,-0.1549020,-0.4333333,-0.2215686,-0.2686275,0.2058824,0.1862745,0.3509804,-0.2725490,0.2960784
390,0.0254902,-0.1666667,-0.2921569,-0.0215686,-0.4215686,0.0450980,-0.4568627,-0.5000000,0.2137255,0.3509804,0.4686275,-0.0019608,0.0803922,-0.3117647,-0.2960784,-0.3549020,0.0254902,-0.1666667,-0.2921569,-0.0215686,-0.4215686,0.0450980,-0.4568627,-0.5000000,0.2137255,0.3509804,0.4686275,-0.0019608,0.0803922,-0.3117647,-0.2960784,-0.3549020
391,-0.1549020,0.3078431,-0.1941176,-0.1784314,-0.0137255,-0.0372549,0.1745098,0.3627451,0.0215686,-0.3431373,0.0019608,0.2490196,-0.0176471,0.1156863,-0.2607843,0.4254902,-0.1549020,0.3078431,-0.1941176,-0.1784314,-0.0137255,-0.0372549,0.1745098,0.3627451,0.0215686,-0.3431373,0.0019608,0.2490196,-0.0176471,0.1156863,-0.2607843,0.4254902
392,0.1745098,-0.2960784,-0.4882353,-0.0098039,0.3862745,-0.3117647,-0.4372549,0.0098039,-0.4529412,-0.2058824,-0.1901961,0.3901961,0.4019608,-0.3235294,0.3000000,0.4411765,0.1745098,-0.2960784,-0.4882353,-0.0098039,0.3862745,-0.3117647,-0.4372549,0.0098039,-0.4529412,-0.2058824,-0.1901961,0.3901961,0.4019608,-0.3235294,0.3000000,0.4411765
393,0.2176471,-0.1156863,0.4529412,0.4607843,-0.1784314,0.0843137,0.3352941,0.0137255,0.3549020,0.4058824,0.2490196,-0.3745098,-0.3274510,0.2058824,0.0568627,0.4411765,0.2176471,-0.1156863,0.4529412,0.4607843,-0.1784314,0.0843137,0.3352941,0.0137255,0.3549020,0.4058824,0.2490196,-0.3745098,-0.3274510,0.2058824,0.0568627,0.4411765
394,0.4960784,-0.2764706,-0.0960784,-0.3313725,-0.2960784,-0.0686275,-0.4254902,0.0803922,-0.4215686,-0.2960784,0.1901961,0.1862745,0.4058824,-0.1549020,0.3313725,0.0450980,0.4960784,-0.2764706,-0.0960784,-0.3313725,-0.2960784,-0.0686275,-0.4254902,0.0803922,-0.4215686,-0.2960784,0.1901961,0.1862745,0.4058824,-0.1549020,0.3313725,0.0450980
395,0.1235294,0.1352941,0.0411765,-0.2843137,0.1470588,-0.0647059,-0.3745098,-0.3431373,-0.2529412,0.0529412,0.4098039,-0.2019608,0.0647059,-0.1666667,-0.4803922,0.2725490,0.1235294,0.1352941,0.0411765,-0.2843137,0.1470588,-0.0647059,-0.3745098,-0.3431373,-0.2529412,0.0529412,0.4098039,-0.2019608,0.0647059,-0.1666667,-0.4803922,0.2725490
396,-0.4882353,-0.1509804,0.2098039,-0.0294118,-0.0372549,0.3549020,0.3980392,0.2411765,0.1745098,0.3235294,0.3509804,-0.4333333,-0.2764706,0.4254902,0.0607843,-0.2921569,-0.4882353,-0.1509804,0.2098039,-0.0294118,-0.0372549,0.3549020,0.3980392,0.2411765,0.1745098,0.3235294,0.3509804,-0.4333333,-0.2764706,0.4254902,0.0607843,-0.2921569
397,-0.4176471,0.3823529,-0.1941176,-0.3352941,0.2882353,0.4960784,0.2764706,-0.0490196,-0.3666667,-0.2254902,-0.0725490,-0.0450980,-0.3745098,0.3117647,-0.1392157,-0.0725490,-0.4176471,0.3823529,-0.1941176,-0.3352941,0.2882353,0.4960784,0.2764706,-0.0490196,-0.3666667,-0.2254902,-0.0725490,-0.0450980,-0.3745098,0.3117647,-0.1392157,-0.0725490
398,-0.4019608,-0.0607843,0.2882353,0.3941176,0.3705882,-0.4568627,0.2372549,0.2607843,-0.2215686,0.1078431,0.0803922,-0.4764706,-0.2333333,-0.5000000,-0.4450980,-0.4725490,-0.4019608,-0.0607843,0.2882353,0.3941176,0.3705882,-0.4568627,0.2372549,0.2607843,-0.2215686,0.1078431,0.0803922,-0.4764706,-0.2333333,-0.5000000,-0.4450980,-0.4725490
399,0.4450980,0.2490196,-0.2686275,-0.2529412,-0.4098039,-0.4254902,-0.3000000,-0.0490196,-0.3980392,0.0843137,-0.1117647,-0.5000000,0.0568627,-0.3117647,0.3666667,0.3705882,0.4450980,0.2490196,-0.2686275,-0.2529412,-0.4098039,-0.4254902,-0.3000000,-0.0490196,-0.3980392,0.0843137,-0.1117647,-0.5000000,0.0568627,-0.3117647,0.3666667,0.3705882
400,-0.0411765,-0.0764706,-0.0529412,-0.0294118,0.4568627,-0.0882353,-0.1666667,0.1392157,-0.3705882,0.1549020,0.2490196,0.0725490,-0.4529412,-0.1941176,-0.4294118,0.3980392,-0.0411765,-0.0764706,-0.0529412,-0.0294118,0.4568627,-0.0882353,-0.1666667,0.1392157,-0.3705882,0.1549020,0.2490196,0.0725490,-0.4529412,-0.1941176,-0.4294118,0.3980392
401,-0.1901961,0.4529412,-0.3313725,0.4058824,-0.0333333,0.2411765,0.0058824,-0.0803922,0.1392157,-0.3156863,0.0529412,-0.2607843,0.4019608,0.0647059,0.0058824,0.3431373,-0.1901961,0.4529412,-0.3313725,0.4058824,-0.0333333,0.2411765,0.0058824,-0.0803922,0.1392157,-0.3156863,0.0529412,-0.2607843,0.4019608,0.0647059,0.0058824,0.3431373
402,-0.1235294,0.3705882,0.0686275,0.0960784,0.3509804,0.2921569,-0.0647059,0.4215686,-0.3627451,0.2725490,-0.4294118,0.3000000,-0.1901961,0.4960784,0.3274510,0.3000000,-0.1235294,0.3705882,0.0686275,0.0960784,0.3509804,0.2921569,-0.0647059,0.4215686,-0.3627451,0.2725490,-0.4294118,0.3000000,-0.1901961,0.4960784,0.3274510,0.3000000
403,-0.1274510,-0.4490196,0.0725490,0.0529412,-0.2803922,-0.4137255,0.1235294,0.2607843,0.1313725,-0.1000000,0.2137255,-0.3274510,0.2058824,0.0215686,0.0568627,0.4098039,-0.1274510,-0.4490196,0.0725490,0.0529412,-0.2803922,-0.4137255,0.1235294,0.2607843,0.1313725,-0.1000000,0.2137255,-0.3274510,0.2058824,0.0215686,0.0568627,0.4098039
404,-0.0764706,0.4058824,0.3470588,-0.1235294,0.3196078,-0.1392157,-0.0843137,0.2921569,0.3078431,-0.0725490,-0.3078431,-0.0960784,0.0333333,-0.2568627,-0.4843137,0.2137255,-0.0764706,0.4058824,0.3470588,-0.1235294,0.3196078,-0.1392157,-0.0843137,0.2921569,0.3078431,-0.0725490,-0.3078431,-0.0960784,0.0333333,-0.2568627,-0.4843137,0.2137255
405,0.1274510,0.0490196,-0.0294118,-0.4803922,0.1509804,-0.3941176,-0.2882353,0.3078431,0.0294118,-0.3666667,-0.2607843,0.1000000,-0.2294118,0.0372549,0.3156863,0.2215686,0.1274510,0.0490196,-0.0294118,-0.4803922,0.1509804,-0.3941176,-0.2882353,0.3078431,0.0294118,-0.3666667,-0.2607843,0.1000000,-0.2294118,0.0372549,0.3156863,0.2215686
406,-0.2686275,0.2764706,0.4960784,-0.0411765,0.2411765,0.0921569,-0.2333333,0.4647059,-0.2607843,0.2333333,0.0215686,-0.1078431,-0.0215686,-0.1745098,0.1313725,-0.0529412,-0.2686275,0.2764706,0.4960784,-0.0411765,0.2411765,0.0921569,-0.2333333,0.4647059,-0.2607843,0.2333333,0.0215686,-0.1078431,-0.0215686,-0.1745098,0.1313725,-0.0529412
407,-0.4647059,-0.3627451,0.3509804,-0.1823529,0.1705882,-0.3627451,0.1823529,0.2725490,-0.2098039,0.3705882,-0.1549020,-0.0294118,0.1823529,-0.1705882,-0.3039216,0.2372549,-0.4647059,-0.3627451,0.3509804,-0.1823529,0.1705882,-0.3627451,0.1823529,0.2725490,-0.2098039,0.3705882,-0.1549020,-0.0294118,0.1823529,-0.1705882,-0.3039216,0.2372549
408,0.4176471,-0.3627451,-0.3666667,-0.1862745,0.4960784,0.2098039,-0.2215686,0.3000000,-0.3117647,0.2529412,-0.3588235,-0.2137255,-0.2490196,0.0960784,0.4411765,0.1666667,0.4176471,-0.3627451,-0.3666667,-0.1862745,0.4960784,0.2098039,-0.2215686,0.3000000,-0.3117647,0.2529412,-0.3588235,-0.2137255,-0.2490196,0.0960784,0.4411765,0.1666667
409,-0.0725490,-0.4372549,-0.4607843,-0.0960784,-0.1901961,-0.4960784,0.0921569,0.4764706,0.4137255,0.3470588,0.2137255,0.3156863,0.2568627,0.1901961,0.0529412,0.1431373,-0.0725490,-0.4372549,-0.4607843,-0.0960784,-0.1901961,-0.4960784,0.0921569,0.4764706,0.4137255,0.3470588,0.2137255,0.3156863,0.2568627,0.1901961,0.0529412,0.1431373
410,0.2215686,-0.0137255,0.4294118,-0.3862745,0.4098039,-0.2843137,0.4450980,-0.4490196,0.1549020,0.4490196,0.3470588,-0.4647059,-0.4686275,0.1666667,-0.0019608,0.0215686,0.2215686,-0.0137255,0.4294118,-0.3862745,0.4098039,-0.2843137,0.4450980,-0.4490196,0.1549020,0.4490196,0.3470588,-0.4647059,-0.4686275,0.1666667,-0.0019608,0.0215686
411,-0.3862745,0.3352941,-0.1431373,0.3392157,-0.2647059,0.1705882,0.3588235,0.0176471,0.3627451,0.1941176,-0.1666667,-0.2607843,0.2333333,0.0803922,0.2960784,0.2333333,-0.3862745,0.3352941,-0.1431373,0.3392157,-0.2647059,0.1705882,0.3588235,0.0176471,0.3627451,0.1941176,-0.1666667,-0.2607843,0.2333333,0.0803922,0.2960784,0.2333333
412,-0.4568627,0.0019608,-0.4294118,-0.2411765,0.4764706,0.0686275,0.1431373,-0.3274510,0.1235294,0.0294118,0.3156863,0.1509804,0.1666667,-0.3392157,-0.0686275,-0.1980392,-0.4568627,0.0019608,-0.4294118,-0.2411765,0.4764706,0.0686275,0.1431373,-0.3274510,0.1235294,0.0294118,0.3156863,0.1509804,0.1666667,-0.3392157,-0.0686275,-0.1980392
413,-0.0843137,0.1117647,-0.2450980,-0.2686275,-0.0137255,0.0450980,-0.4803922,-0.2568627,0.4529412,-0.0490196,-0.0411765,-0.0450980,-0.1823529,-0.3196078,-0.1196078,-0.1784314,-0.0843137,0.1117647,-0.2450980,-0.2686275,-0.0137255,0.0450980,-0.4803922,-0.2568627,0.4529412,-0.0490196,-0.0411765,-0.0450980,-0.1823529,-0.3196078,-0.1196078,-0.1784314
414,-0.3588235,0.3392157,-0.2960784,0.2686275,-0.3000000,0.2490196,-0.1666667,0.3313725,0.4176471,0.1352941,0.0058824,0.2294118,0.3784314,0.0686275,-0.3000000,0.0019608,-0.3588235,0.3392157,-0.2960784,0.2686275,-0.3000000,0.2490196,-0.1666667,0.3313725,0.4176471,0.1352941,0.0058824,0.2294118,0.3784314,0.0686275,-0.3000000,0.0019608
415,0.2686275,0.3705882,0.0529412,-0.3313725,-0.2019608,0.0568627,0.1392157,0.0372549,-0.1078431,-0.1980392,0.1705882,0.3705882,-0.0254902,-0.2529412,-0.4647059,-0.4490196,0.2686275,0.3705882,0.0529412,-0.3313725,-0.2019608,0.0568627,0.1392157,0.0372549,-0.1078431,-0.1980392,0.1705882,0.3705882,-0.0254902,-0.2529412,-0.4647059,-0.4490196
416,-0.4882353,0.3705882,-0.3823529,0.3549020,-0.1078431,-0.2960784,0.4411765,-0.1117647,0.4411765,0.1549020,-0.2921569,-0.1901961,-0.2294118,0.3588235,-0.3745098,0.0960784,-0.4882353,0.3705882,-0.3823529,0.3549020,-0.1078431,-0.2960784,0.4411765,-0.1117647,0.4411765,0.1549020,-0.2921569,-0.1901961,-0.2294118,0.3588235,-0.3745098,0.0960784
417,-0.4372549,-0.0411765,0.3117647,-0.1509804,0.2333333,0.0529412,-0.0568627,-0.2058824,0.4607843,-0.1745098,0.4450980,-0.3745098,0.1549020,0.0098039,0.0490196,-0.3352941,-0.4372549,-0.0411765,0.3117647,-0.1509804,0.2333333,0.0529412,-0.0568627,-0.2058824,0.4607843,-0.1745098,0.4450980,-0.3745098,0.1549020,0.0098039,0.0490196,-0.3352941
418,-0.1862745,-0.4843137,-0.2490196,0.2921569,0.1901961,0.0843137,-0.2764706,0.4294118,-0.1352941,-0.4686275,-0.4725490,0.4372549,0.4450980,0.2450980,0.0411765,-0.3470588,-0.1862745,-0.4843137,-0.2490196,0.2921569,0.1901961,0.0843137,-0.2764706,0.4294118,-0.1352941,-0.4686275,-0.4725490,0.4372549,0.4450980,0.2450980,0.0411765,-0.3470588
419,-0.3941176,-0.3235294,0.4607843,0.3588235,0.4019608,-0.2921569,-0.0607843,-0.1196078,-0.3000000,0.3313725,0.1313725,0.0921569,0.1901961,0.1313725,-0.2411765,0.2686275,-0.3941176,-0.3235294,0.4607843,0.3588235,0.4019608,-0.2921569,-0.0607843,-0.1196078,-0.3000000,0.3313725,0.1313725,0.0921569,0.1901961,0.1313725,-0.2411765,0.2686275
420,0.2450980,0.0058824,-0.4568627,-0.1588235,-0.2137255,0.3431373,-0.1470588,-0.3470588,-0.1156863,0.2843137,-0.2843137,-0.1196078,0.2450980,0.2215686,-0.1549020,0.1941176,0.2450980,0.0058824,-0.4568627,-0.1588235,-0.2137255,0.3431373,-0.1470588,-0.3470588,-0.1156863,0.2843137,-0.2843137,-0.1196078,0.2450980,0.2215686,-0.1549020,0.1941176
421,-0.1392157,-0.1509804,-0.0803922,0.3431373,0.3705882,0.3196078,-0.2607843,0.0568627,-0.4686275,0.1980392,-0.4921569,0.2372549,-0.1666667,-0.1196078,-0.2882353,-0.4058824,-0.1392157,-0.1509804,-0.0803922,0.3431373,0.3705882,0.3196078,-0.2607843,0.0568627,-0.4686275,0.1980392,-0.4921569,0.2372549,-0.1666667,-0.1196078,-0.2882353,-0.4058824
422,-0.0490196,-0.4960784,0.0411765,0.4215686,-0.0960784,-0.1941176,-0.2294118,0.3627451,-0.0921569,0.4725490,0.4137255,0.3392157,-0.4411765,-0.3313725,-0.1235294,-0.4647059,-0.0490196,-0.4960784,0.0411765,0.4215686,-0.0960784,-0.1941176,-0.2294118,0.3627451,-0.0921569,0.4725490,0.4137255,0.3392157,-0.4411765,-0.3313725,-0.1235294,-0.4647059
423,-0.2647059,-0.0764706,0.0137255,-0.2058824,-0.3745098,0.2568627,0.0450980,-0.1313725,-0.4686275,0.1392157,-0.2333333,-0.0529412,0.2254902,0.2450980,0.1509804,-0.0490196,-0.2647059,-0.0764706,0.0137255,-0.2058824,-0.3745098,0.2568627,0.0450980,-0.1313725,-0.4686275,0.1392157,-0.2333333,-0.0529412,0.2254902,0.2450980,0.1509804,-0.0490196
424,-0.3196078,-0.4137255,-0.1156863,-0.1627451,0.2215686,0.3588235,-0.2333333,-0.4607843,0.0529412,0.1156863,0.3000000,0.4686275,0.2294118,0.4647059,0.1235294,-0.1196078,-0.3196078,-0.4137255,-0.1156863,-0.1627451,0.2215686,0.3588235,-0.2333333,-0.4607843,0.0529412,0.1156863,0.3000000,0.4686275,0.2294118,0.4647059,0.1235294,-0.1196078
425,-0.3823529,-0.3039216,0.3313725,-0.2215686,-0.2921569,-0.1549020,-0.3627451,-0.0725490,0.4215686,0.0568627,0.1392157,-0.0921569,-0.2019608,0.1274510,-0.2098039,-0.3078431,-0.3823529,-0.3039216,0.3313725,-0.2215686,-0.2921569,-0.1549020,-0.3627451,-0.0725490,0.4215686,0.0568627,0.1392157,-0.0921569,-0.2019608,0.1274510,-0.2098039,-0.3078431
426,-0.3627451,0.2058824,0.0607843,-0.3392157,-0.3156863,0.2411765,0.0803922,-0.2529412,-0.4254902,-0.0450980,-0.3313725,0.0019608,-0.2058824,0.2019608,-0.4333333,0.2450980,-0.3627451,0.2058824,0.0607843,-0.3392157,-0.3156863,0.2411765,0.0803922,-0.2529412,-0.4254902,-0.0450980,-0.3313725,0.0019608,-0.2058824,0.2019608,-0.4333333,0.2450980
427,-0.2176471,0.4607843,0.2960784,-0.2686275,-0.3470588,-0.1745098,0.3901961,-0.1000000,0.4882353,-0.1745098,0.4882353,0.0843137,-0.2882353,-0.1352941,-0.1117647,-0.4921569,-0.2176471,0.4607843,0.2960784,-0.2686275,-0.3470588,-0.1745098,0.3901961,-0.1000000,0.4882353,-0.1745098,0.4882353,0.0843137,-0.2882353,-0.1352941,-0.1117647,-0.4921569
428,-0.0372549,-0.0568627,0.0137255,-0.3000000,0.4294118,-0.1705882,0.2215686,0.0529412,0.4098039,-0.4647059,0.4372549,-0.1509804,0.2450980,-0.5000000,0.1901961,0.3039216,-0.0372549,-0.0568627,0.0137255,-0.3000000,0.4294118,-0.1705882,0.2215686,0.0529412,0.4098039,-0.4647059,0.4372549,-0.1509804,0.2450980,-0.5000000,0.1901961,0.3039216
429,0.3431373,0.1235294,0.3784314,-0.0490196,-0.2019608,-0.0490196,0.2686275,0.3235294,-0.3235294,-0.4960784,0.1549020,0.2333333,0.0176471,-0.3078431,0.4490196,0.2098039,0.3431373,0.1235294,0.3784314,-0.0490196,-0.2019608,-0.0490196,0.2686275,0.3235294,-0.3235294,-0.4960784,0.1549020,0.2333333,0.0176471,-0.3078431,0.4490196,0.2098039
430,-0.3117647,-0.1235294,-0.2333333,-0.2921569,-0.2921569,0.3078431,-0.0764706,0.0843137,0.4882353,0.1117647,-0.4215686,0.4372549,-0.1431373,0.0803922,0.3549020,-0.1588235,-0.3117647,-0.1235294,-0.2333333,-0.2921569,-0.2921569,0.3078431,-0.0764706,0.0843137,0.4882353,0.1117647,-0.4215686,0.4372549,-0.1431373,0.0803922,0.3549020,-0.1588235
431,0.3509804,0.4294118,0.1627451,-0.0490196,-0.2607843,-0.0490196,0.2607843,-0.4803922,-0.3470588,-0.0411765,-0.2019608,0.2372549,0.2254902,0.0568627,-0.0333333,-0.2725490,0.3509804,0.4294118,0.1627451,-0.0490196,-0.2607843,-0.0490196,0.2607843,-0.4803922,-0.3470588,-0.0411765,-0.2019608,0.2372549,0.2254902,0.0568627,-0.0333333,-0.2725490
432,-0.4607843,0.0137255,0.3196078,-0.0294118,0.1392157,-0.2372549,-0.2019608,0.3705882,-0.2529412,0.4725490,-0.3588235,0.3901961,0.2372549,-0.3627451,-0.0254902,0.2803922,-0.4607843,0.0137255,0.3196078,-0.0294118,0.1392157,-0.2372549,-0.2019608,0.3705882,-0.2529412,0.4725490,-0.3588235,0.3901961,0.2372549,-0.3627451,-0.0254902,0.2803922
433,-0.1470588,0.3196078,-0.0490196,0.0333333,-0.0450980,0.2176471,-0.1235294,0.4529412,0.3431373,0.0333333,0.2529412,0.2607843,-0.3862745,-0.2607843,-0.4921569,0.1549020,-0.1470588,0.3196078,-0.0490196,0.0333333,-0.0450980,0.2176471,-0.1235294,0.4529412,0.3431373,0.0333333,0.2529412,0.2607843,-0.3862745,-0.2607843,-0.4921569,0.1549020
434,0.2960784,0.4333333,0.4058824,-0.0372549,0.0176471,-0.4803922,0.1941176,-0.3980392,0.4215686,0.3117647,-0.0686275,-0.3470588,0.1470588,0.0215686,0.3117647,0.1784314,0.2960784,0.4333333,0.4058824,-0.0372549,0.0176471,-0.4803922,0.1941176,-0.3980392,0.4215686,0.3117647,-0.0686275,-0.3470588,0.1470588,0.0215686,0.3117647,0.1784314
435,-0.3313725,0.2921569,-0.2764706,0.1392157,0.0294118,0.4686275,-0.4764706,-0.1588235,0.1156863,0.1549020,0.2764706,0.4882353,-0.1313725,-0.1509804,0.4294118,-0.0450980,-0.3313725,0.2921569,-0.2764706,0.1392157,0.0294118,0.4686275,-0.4764706,-0.1588235,0.1156863,0.1549020,0.2764706,0.4882353,-0.1313725,-0.1509804,0.4294118,-0.0450980
436,0.3313725,-0.3352941,-0.4372549,0.0607843,-0.2725490,-0.2568627,0.0529412,-0.0960784,0.2725490,0.2215686,-0.4450980,0.0098039,0.2294118,0.2411765,-0.0764706,0.1627451,0.3313725,-0.3352941,-0.4372549,0.0607843,-0.2725490,-0.2568627,0.0529412,-0.0960784,0.2725490,0.2215686,-0.4450980,0.0098039,0.2294118,0.2411765,-0.0764706,0.1627451
437,0.1823529,-0.1941176,0.3235294,-0.1980392,0.5000000,0.2058824,0.2372549,-0.2019608,0.0764706,-0.0686275,0.4647059,-0.4058824,0.1627451,0.4490196,0.2686275,0.3352941,0.1823529,-0.1941176,0.3235294,-0.1980392,0.5000000,0.2058824,0.2372549,-0.2019608,0.0764706,-0.0686275,0.4647059,-0.4058824,0.1627451,0.4490196,0.2686275,0.3352941
438,-0.3352941,0.0529412,-0.1352941,-0.4372549,-0.1431373,0.1470588,0.1156863,0.1470588,0.3156863,0.4411765,-0.4058824,-0.1235294,0.1470588,0.2882353,0.4803922,0.4333333,-0.3352941,0.0529412,-0.1352941,-0.4372549,-0.1431373,0.1470588,0.1156863,0.1470588,0.3156863,0.4411765,-0.4058824,-0.1235294,0.1470588,0.2882353,0.4803922,0.4333333
439,0.2372549,0.2450980,-0.1392157,0.1078431,-0.3392157,0.0098039,-0.4607843,-0.2176471,-0.4529412,-0.4137255,-0.4490196,-0.2294118,-0.3549020,0.2686275,-0.4294118,-0.4176471,0.2372549,0.2450980,-0.1392157,0.1078431,-0.3392157,0.0098039,-0.4607843,-0.2176471,-0.4529412,-0.4137255,-0.4490196,-0.2294118,-0.3549020,0.2686275,-0.4294118,-0.4176471
440,-0.2960784,0.3196078,0.2568627,-0.4725490,0.2843137,0.1823529,0.0607843,0.2843137,0.0098039,-0.3784314,-0.3627451,-0.3000000,-0.1627451,0.1117647,0.2843137,-0.2882353,-0.2960784,0.3196078,0.2568627,-0.4725490,0.2843137,0.1823529,0.0607843,0.2843137,0.0098039,-0.3784314,-0.3627451,-0.3000000,-0.1627451,0.1117647,0.2843137,-0.2882353
441,-0.1039216,-0.1196078,0.4254902,0.2137255,-0.4843137,-0.4843137,-0.2450980,-0.4254902,-0.4960784,-0.4254902,-0.3784314,-0.0490196,0.0019608,-0.1313725,0.1823529,-0.0764706,-0.1039216,-0.1196078,0.4254902,0.2137255,-0.4843137,-0.4843137,-0.2450980,-0.4254902,-0.4960784,-0.4254902,-0.3784314,-0.0490196,0.0019608,-0.1313725,0.1823529,-0.0764706
442,-0.3588235,0.1901961,-0.1313725,-0.1196078,-0.4058824,-0.0607843,0.3392157,-0.2411765,-0.4568627,-0.0607843,0.1000000,0.1274510,-0.3745098,0.1588235,0.4372549,0.3313725,-0.3588235,0.1901961,-0.1313725,-0.1196078,-0.4058824,-0.0607843,0.3392157,-0.2411765,-0.4568627,-0.0607843,0.1000000,0.1274510,-0.3745098,0.1588235,0.4372549,0.3313725
443,-0.2058824,-0.1313725,0.1627451,0.0215686,0.2921569,0.4529412,-0.1980392,-0.1274510,-0.0372549,-0.1156863,-0.3078431,0.1156863,-0.3431373,0.3274510,-0.3352941,0.0450980,-0.2058824,-0.1313725,0.1627451,0.0215686,0.2921569,0.4529412,-0.1980392,-0.1274510,-0.0372549,-0.1156863,-0.3078431,0.1156863,-0.3431373,0.3274510,-0.3352941,0.0450980
444,0.4372549,-0.2921569,0.2725490,-0.3196078,-0.4215686,0.3235294,0.2058824,-0.3588235,0.1352941,-0.2411765,0.0254902,0.0058824,-0.0254902,0.3156863,-0.3745098,0.3509804,0.4372549,-0.2921569,0.2725490,-0.3196078,-0.4215686,0.3235294,0.2058824,-0.3588235,0.1352941,-0.2411765,0.0254902,0.0058824,-0.0254902,0.3156863,-0.3745098,0.3509804
445,-0.3745098,-0.3313725,-0.3117647,-0.3509804,-0.0490196,-0.1980392,0.0921569,-0.3745098,0.1117647,-0.4803922,-0.1235294,0.0607843,0.1235294,0.2294118,0.2725490,-0.1823529,-0.3745098,-0.3313725,-0.3117647,-0.3509804,-0.0490196,-0.1980392,0.0921569,-0.3745098,0.1117647,-0.4803922,-0.1235294,0.0607843,0.1235294,0.2294118,0.2725490,-0.1823529
446,-0.1196078,0.2568627,0.4803922,0.3745098,0.2019608,0.3117647,0.2764706,-0.3392157,-0.2333333,0.3274510,0.4176471,-0.2686275,0.3901961,0.4764706,0.3862745,0.4921569,-0.1196078,0.2568627,0.4803922,0.3745098,0.2019608,0.3117647,0.2764706,-0.3392157,-0.2333333,0.3274510,0.4176471,-0.2686275,0.3901961,0.4764706,0.3862745,0.4921569
447,-0.1549020,0.4568627,0.3235294,-0.0529412,0.0058824,-0.3745098,-0.3980392,0.0019608,0.0647059,-0.0921569,0.3000000,0.3000000,0.3156863,-0.3313725,0.0333333,-0.2333333,-0.1549020,0.4568627,0.3235294,-0.0529412,0.0058824,-0.3745098,-0.3980392,0.0019608,0.0647059,-0.0921569,0.3000000,0.3000000,0.3156863,-0.3313725,0.0333333,-0.2333333
448,0.0647059,0.4568627,-0.2450980,0.1392157,0.4450980,0.0254902,0.4960784,0.3745098,-0.1509804,-0.2921569,0.1588235,-0.3470588,0.1627451,0.2294118,0.3549020,-0.2843137,0.0647059,0.4568627,-0.2450980,0.1392157,0.4450980,0.0254902,0.4960784,0.3745098,-0.1509804,-0.2921569,0.1588235,-0.3470588,0.1627451,0.2294118,0.3549020,-0.2843137
449,0.1196078,0.0019608,-0.2450980,0.3901961,-0.3470588,-0.2098039,0.1627451,0.3823529,-0.3156863,-0.1352941,-0.1823529,0.4725490,-0.0450980,-0.3549020,0.3941176,-0.0882353,0.1196078,0.0019608,-0.2450980,0.3901961,-0.3470588,-0.2098039,0.1627451,0.3823529,-0.3156863,-0.1352941,-0.1823529,0.4725490,-0.0450980,-0.3549020,0.3941176,-0.0882353
450,-0.3823529,-0.2411765,0.2333333,-0.2450980,0.1078431,0.0568627,0.2764706,0.4568627,-0.1039216,-0.2960784,0.3941176,-0.3039216,-0.4960784,0.3509804,-0.0647059,-0.3823529,-0.3823529,-0.2411765,0.2333333,-0.2450980,0.1078431,0.0568627,0.2764706,0.4568627,-0.1039216,-0.2960784,0.3941176,-0.3039216,-0.4960784,0.3509804,-0.0647059,-0.3823529
451,-0.2333333,0.1862745,-0.3313725,0.3705882,-0.4607843,0.3274510,-0.2921569,-0.2882353,0.3196078,0.0764706,0.1823529,0.0490196,-0.3745098,-0.1666667,-0.3156863,0.0176471,-0.2333333,0.1862745,-0.3313725,0.3705882,-0.4607843,0.3274510,-0.2921569,-0.2882353,0.3196078,0.0764706,0.1823529,0.0490196,-0.3745098,-0.1666667,-0.3156863,0.0176471
452,-0.0058824,-0.3235294,0.1745098,0.2411765,0.3588235,0.0490196,-0.2960784,-0.3549020,0.3705882,0.1000000,0.2647059,0.1431373,0.1705882,-0.3784314,0.2294118,0.1078431,-0.0058824,-0.3235294,0.1745098,0.2411765,0.3588235,0.0490196,-0.2960784,-0.3549020,0.3705882,0.1000000,0.2647059,0.1431373,0.1705882,-0.3784314,0.2294118,0.1078431
453,-0.0137255,0.0098039,-0.2058824,-0.2921569,0.3901961,0.1862745,0.0882353,0.0607843,-0.1078431,0.3862745,-0.3784314,-0.1235294,0.4450980,0.3980392,0.3196078,-0.4529412,-0.0137255,0.0098039,-0.2058824,-0.2921569,0.3901961,0.1862745,0.0882353,0.0607843,-0.1078431,0.3862745,-0.3784314,-0.1235294,0.4450980,0.3980392,0.3196078,-0.4529412
454,-0.1078431,-0.2058824,-0.4686275,0.4764706,-0.1156863,0.2411765,0.0607843,0.0333333,0.4647059,0.2490196,-0.1039216,-0.4411765,-0.3235294,-0.4098039,0.4607843,-0.4294118,-0.1078431,-0.2058824,-0.4686275,0.4764706,-0.1156863,0.2411765,0.0607843,0.0333333,0.4647059,0.2490196,-0.1039216,-0.4411765,-0.3235294,-0.4098039,0.4607843,-0.4294118
455,-0.1784314,0.1980392,-0.4450980,0.3784314,-0.1039216,-0.3666667,-0.1000000,0.1823529,-0.0098039,0.3313725,-0.2764706,-0.0529412,-0.3117647,0.0137255,0.3980392,-0.2215686,-0.1784314,0.1980392,-0.4450980,0.3784314,-0.1039216,-0.3666667,-0.1000000,0.1823529,-0.0098039,0.3313725,-0.2764706,-0.0529412,-0.3117647,0.0137255,0.3980392,-0.2215686
456,0.2725490,-0.1117647,-0.3509804,0.3509804,-0.4647059,-0.5000000,-0.3627451,0.2333333,-0.1784314,0.4764706,-0.3666667,-0.0333333,0.3980392,-0.2333333,-0.4411765,-0.1274510,0.2725490,-0.1117647,-0.3509804,0.3509804,-0.4647059,-0.5000000,-0.3627451,0.2333333,-0.1784314,0.4764706,-0.3666667,-0.0333333,0.3980392,-0.2333333,-0.4411765,-0.1274510
457,0.0215686,0.3117647,-0.3235294,0.1039216,0.0411765,0.0882353,0.4294118,0.1941176,-0.0450980,-0.0411765,0.0764706,-0.0882353,0.5000000,-0.0333333,0.0960784,-0.4098039,0.0215686,0.3117647,-0.3235294,0.1039216,0.0411765,0.0882353,0.4294118,0.1941176,-0.0450980,-0.0411765,0.0764706,-0.0882353,0.5000000,-0.0333333,0.0960784,-0.4098039
458,-0.2686275,0.1745098,-0.3627451,-0.1196078,0.1196078,0.2254902,-0.2686275,-0.4490196,-0.5000000,-0.3196078,0.3392157,-0.3039216,0.0607843,-0.3941176,-0.2215686,0.1392157,-0.2686275,0.1745098,-0.3627451,-0.1196078,0.1196078,0.2254902,-0.2686275,-0.4490196,-0.5000000,-0.3196078,0.3392157,-0.3039216,0.0607843,-0.3941176,-0.2215686,0.1392157
459,0.3627451,0.3313725,0.2333333,-0.0019608,-0.4568627,0.4921569,0.3941176,0.1313725,-0.4019608,0.3470588,0.0803922,-0.3000000,-0.4529412,0.4960784,-0.4764706,0.1313725,0.3627451,0.3313725,0.2333333,-0.0019608,-0.4568627,0.4921569,0.3941176,0.1313725,-0.4019608,0.3470588,0.0803922,-0.3000000,-0.4529412,0.4960784,-0.4764706,0.1313725
460,0.1627451,0.0019608,0.2529412,0.0137255,-0.4686275,-0.2568627,0.4215686,0.1352941,0.3000000,-0.1823529,-0.1901961,-0.2960784,-0.0607843,-0.1274510,-0.1274510,-0.3588235,0.1627451,0.0019608,0.2529412,0.0137255,-0.4686275,-0.2568627,0.4215686,0.1352941,0.3000000,-0.1823529,-0.1901961,-0.2960784,-0.0607843,-0.1274510,-0.1274510,-0.3588235
461,-0.0254902,-0.2450980,-0.2411765,0.2176471,-0.1196078,-0.2960784,0.2882353,-0.0176471,0.2529412,0.3862745,-0.1431373,0.2686275,0.1352941,-0.2098039,-0.3823529,-0.4411765,-0.0254902,-0.2450980,-0.2411765,0.2176471,-0.1196078,-0.2960784,0.2882353,-0.0176471,0.2529412,0.3862745,-0.1431373,0.2686275,0.1352941,-0.2098039,-0.3823529,-0.4411765
462,-0.1627451,0.4607843,-0.3235294,-0.1901961,-0.1549020,0.1196078,0.1901961,-0.2137255,0.4529412,-0.0411765,0.4098039,-0.3470588,0.3745098,-0.3941176,0.2568627,-0.0607843,-0.1627451,0.4607843,-0.3235294,-0.1901961,-0.1549020,0.1196078,0.1901961,-0.2137255,0.4529412,-0.0411765,0.4098039,-0.3470588,0.3745098,-0.3941176,0.2568627,-0.0607843
463,0.3392157,-0.3588235,0.3000000,-0.3941176,-0.4647059,0.3901961,0.2803922,-0.3627451,-0.1862745,-0.2607843,0.3941176,0.2725490,-0.3666667,0.1431373,0.0058824,-0.2568627,0.3392157,-0.3588235,0.3000000,-0.3941176,-0.4647059,0.3901961,0.2803922,-0.3627451,-0.1862745,-0.2607843,0.3941176,0.2725490,-0.3666667,0.1431373,0.0058824,-0.2568627
464,-0.4294118,-0.1313725,0.0254902,-0.3901961,-0.4137255,-0.2137255,0.2137255,-0.0019608,0.4725490,0.1313725,0.0921569,0.1000000,0.4254902,-0.4529412,0.3274510,-0.2176471,-0.4294118,-0.1313725,0.0254902,-0.3901961,-0.4137255,-0.2137255,0.2137255,-0.0019608,0.4725490,0.1313725,0.0921569,0.1000000,0.4254902,-0.4529412,0.3274510,-0.2176471
465,0.4450980,-0.3470588,0.1196078,0.2215686,0.4568627,-0.4647059,-0.1117647,0.4843137,0.3666667,0.1588235,-0.4137255,-0.0803922,-0.2647059,-0.0137255,-0.2686275,0.1274510,0.4450980,-0.3470588,0.1196078,0.2215686,0.4568627,-0.4647059,-0.1117647,0.4843137,0.3666667,0.1588235,-0.4137255,-0.0803922,-0.2647059,-0.0137255,-0.2686275,0.1274510
466,0.3274510,0.4450980,-0.3627451,0.4921569,0.3431373,-0.4176471,-0.0960784,0.3392157,0.3509804,0.4568627,0.3431373,0.3392157,0.3274510,0.3666667,0.1509804,-0.1588235,0.3274510,0.4450980,-0.3627451,0.4921569,0.3431373,-0.4176471,-0.0960784,0.3392157,0.3509804,0.4568627,0.3431373,0.3392157,0.3274510,0.3666667,0.1509804,-0.1588235
467,-0.1549020,0.0372549,0.4333333,-0.5000000,0.2725490,0.0294118,0.3000000,-0.4215686,0.0372549,0.4372549,-0.0254902,-0.1274510,-0.3156863,0.4960784,0.1549020,-0.3392157,-0.1549020,0.0372549,0.4333333,-0.5000000,0.2725490,0.0294118,0.3000000,-0.4215686,0.0372549,0.4372549,-0.0254902,-0.1274510,-0.3156863,0.4960784,0.1549020,-0.3392157
468,0.5000000,0.1823529,0.0725490,-0.4843137,0.1470588,0.3588235,0.0568627,0.1549020,0.0803922,-0.2490196,-0.4411765,0.0137255,-0.2490196,-0.3588235,-0.2137255,0.1352941,0.5000000,0.1823529,0.0725490,-0.4843137,0.1470588,0.3588235,0.0568627,0.1549020,0.0803922,-0.2490196,-0.4411765,0.0137255,-0.2490196,-0.3588235,-0.2137255,0.1352941
469,0.1823529,0.2098039,-0.0137255,-0.0607843,-0.3235294,0.2568627,0.4490196,-0.3156863,-0.3509804,-0.3392157,-0.4960784,0.0803922,-0.1784314,-0.0333333,0.4372549,0.1117647,0.1823529,0.2098039,-0.0137255,-0.0607843,-0.3235294,0.2568627,0.4490196,-0.3156863,-0.3509804,-0.3392157,-0.4960784,0.0803922,-0.1784314,-0.0333333,0.4372549,0.1117647
470,-0.1470588,0.0960784,0.2686275,0.4411765,-0.2411765,0.0215686,0.4803922,0.0333333,-0.2372549,0.1980392,-0.2450980,-0.0450980,-0.0843137,-0.1862745,0.1392157,0.0568627,-0.1470588,0.0960784,0.2686275,0.4411765,-0.2411765,0.0215686,0.4803922,0.0333333,-0.2372549,0.1980392,-0.2450980,-0.0450980,-0.0843137,-0.1862745,0.1392157,0.0568627
471,-0.2921569,0.3117647,0.0372549,0.1509804,0.4058824,0.0725490,-0.1980392,-0.4921569,0.0843137,-0.4490196,-0.2019608,-0.3980392,-0.1588235,0.1784314,-0.2058824,0.4490196,-0.2921569,0.3117647,0.0372549,0.1509804,0.4058824,0.0725490,-0.1980392,-0.4921569,0.0843137,-0.4490196,-0.2019608,-0.3980392,-0.1588235,0.1784314,-0.2058824,0.4490196
472,-0.3549020,0.4137255,0.1274510,0.1980392,0.4764706,0.4058824,0.2607843,-0.1235294,-0.4176471,0.4254902,0.3901961,-0.0294118,-0.1862745,-0.3274510,0.3549020,-0.0529412,-0.3549020,0.4137255,0.1274510,0.1980392,0.4764706,0.4058824,0.2607843,-0.1235294,-0.4176471,0.4254902,0.3901961,-0.0294118,-0.1862745,-0.3274510,0.3549020,-0.0529412
473,0.2960784,-0.0921569,-0.0215686,0.0450980,-0.1862745,0.4176471,-0.0450980,-0.0960784,-0.2372549,-0.4019608,0.0019608,-0.4058824,-0.2058824,-0.1941176,-0.0843137,-0.3588235,0.2960784,-0.0921569,-0.0215686,0.0450980,-0.1862745,0.4176471,-0.0450980,-0.0960784,-0.2372549,-0.4019608,0.0019608,-0.4058824,-0.2058824,-0.1941176,-0.0843137,-0.3588235
474,-0.2803922,0.4137255,0.3313725,0.2725490,0.4764706,0.0960784,-0.1313725,0.0764706,-0.3392157,0.2333333,0.2686275,-0.4411765,-0.3431373,0.4921569,-0.4215686,0.3784314,-0.2803922,0.4137255,0.3313725,0.2725490,0.4764706,0.0960784,-0.1313725,0.0764706,-0.3392157,0.2333333,0.2686275,-0.4411765,-0.3431373,0.4921569,-0.4215686,0.3784314
475,0.1117647,0.0882353,0.0254902,-0.0098039,-0.2098039,0.4019608,0.3666667,-0.0843137,0.4843137,-0.1156863,-0.0294118,0.1784314,0.4019608,-0.3039216,0.3549020,-0.0882353,0.1117647,0.0882353,0.0254902,-0.0098039,-0.2098039,0.4019608,0.3666667,-0.0843137,0.4843137,-0.1156863,-0.0294118,0.1784314,0.4019608,-0.3039216,0.3549020,-0.0882353
476,-0.2294118,0.2294118,0.1509804,0.1000000,0.3627451,0.3549020,0.1627451,0.1862745,-0.1352941,-0.1901961,0.2019608,-0.1235294,-0.2803922,0.2725490,-0.1274510,-0.4254902,-0.2294118,0.2294118,0.1509804,0.1000000,0.3627451,0.3549020,0.1627451,0.1862745,-0.1352941,-0.1901961,0.2019608,-0.1235294,-0.2803922,0.2725490,-0.1274510,-0.4254902
477,0.0254902,0.2333333,0.2058824,0.2098039,0.3196078,0.3823529,-0.1666667,0.3705882,-0.0725490,-0.3431373,-0.4450980,-0.0725490,0.1941176,0.1078431,-0.3588235,0.4019608,0.0254902,0.2333333,0.2058824,0.2098039,0.3196078,0.3823529,-0.1666667,0.3705882,-0.0725490,-0.3431373,-0.4450980,-0.0725490,0.1941176,0.1078431,-0.3588235,0.4019608
478,0.0568627,-0.2607843,0.0411765,0.4176471,-0.1509804,-0.2960784,0.3274510,-0.1470588,-0.0215686,-0.3235294,-0.4215686,-0.0137255,0.1274510,-0.2764706,0.0960784,-0.3235294,0.0568627,-0.2607843,0.0411765,0.4176471,-0.1509804,-0.2960784,0.3274510,-0.1470588,-0.0215686,-0.3235294,-0.4215686,-0.0137255,0.1274510,-0.2764706,0.0960784,-0.3235294
479,-0.4803922,-0.4137255,0.2098039,-0.3588235,-0.0725490,-0.3588235,-0.3313725,0.3392157,0.0137255,-0.0411765,-0.1666667,-0.2960784,0.0882353,-0.0529412,-0.0019608,-0.2960784,-0.4803922,-0.4137255,0.2098039,-0.3588235,-0.0725490,-0.3588235,-0.3313725,0.3392157,0.0137255,-0.0411765,-0.1666667,-0.2960784,0.0882353,-0.0529412,-0.0019608,-0.2960784
480,0.4450980,0.0529412,0.2098039,-0.3980392,-0.1862745,0.1980392,0.3078431,0.1117647,-0.4764706,-0.3470588,-0.4490196,0.3156863,0.0764706,-0.4411765,0.3000000,-0.1196078,0.4450980,0.0529412,0.2098039,-0.3980392,-0.1862745,0.1980392,0.3078431,0.1117647,-0.4764706,-0.3470588,-0.4490196,0.3156863,0.0764706,-0.4411765,0.3000000,-0.1196078
481,0.0294118,0.3352941,-0.3627451,0.0098039,0.1823529,0.0215686,-0.0372549,0.4843137,-0.0254902,0.4882353,-0.4803922,-0.1274510,0.3666667,-0.1941176,0.3470588,-0.3588235,0.0294118,0.3352941,-0.3627451,0.0098039,0.1823529,0.0215686,-0.0372549,0.4843137,-0.0254902,0.4882353,-0.4803922,-0.1274510,0.3666667,-0.1941176,0.3470588,-0.3588235
482,0.1666667,0.4019608,0.0098039,0.4176471,-0.0843137,-0.2921569,0.3862745,0.4254902,0.1901961,0.2098039,-0.2019608,-0.2843137,0.3196078,-0.0058824,-0.1196078,-0.3392157,0.1666667,0.4019608,0.0098039,0.4176471,-0.0843137,-0.2921569,0.3862745,0.4254902,0.1901961,0.2098039,-0.2019608,-0.2843137,0.3196078,-0.0058824,-0.1196078,-0.3392157
483,0.3470588,0.3352941,0.1980392,0.2607843,-0.2725490,-0.4176471,0.2921569,-0.3627451,-0.4725490,0.3078431,0.2647059,0.0764706,-0.3666667,-0.2725490,0.3274510,0.2215686,0.3470588,0.3352941,0.1980392,0.2607843,-0.2725490,-0.4176471,0.2921569,-0.3627451,-0.4725490,0.3078431,0.2647059,0.0764706,-0.3666667,-0.2725490,0.3274510,0.2215686
484,-0.2607843,-0.2686275,-0.4568627,0.1235294,-0.4529412,-0.2411765,-0.5000000,0.2607843,0.2647059,0.1588235,0.4921569,0.4568627,0.0450980,0.4254902,-0.1117647,0.1274510,-0.2607843,-0.2686275,-0.4568627,0.1235294,-0.4529412,-0.2411765,-0.5000000,0.2607843,0.2647059,0.1588235,0.4921569,0.4568627,0.0450980,0.4254902,-0.1117647,0.1274510
485,-0.1784314,0.2176471,-0.1235294,-0.4137255,0.1901961,0.3823529,-0.4529412,0.0294118,0.1509804,0.1509804,0.0490196,-0.0058824,0.4960784,0.3235294,0.0921569,-0.3352941,-0.1784314,0.2176471,-0.1235294,-0.4137255,0.1901961,0.3823529,-0.4529412,0.0294118,0.1509804,0.1509804,0.0490196,-0.0058824,0.4960784,0.3235294,0.0921569,-0.3352941
486,-0.2882353,0.0725490,-0.1352941,0.3392157,0.2725490,-0.3705882,0.1980392,0.3431373,0.1313725,0.2490196,0.3509804,-0.0882353,0.3352941,0.0450980,-0.0686275,0.1549020,-0.2882353,0.0725490,-0.1352941,0.3392157,0.2725490,-0.3705882,0.1980392,0.3431373,0.1313725,0.2490196,0.3509804,-0.0882353,0.3352941,0.0450980,-0.0686275,0.1549020
487,0.4490196,0.1862745,-0.4333333,0.0294118,-0.2176471,-0.5000000,0.3823529,0.4607843,-0.1901961,0.4254902,-0.2215686,-0.3352941,0.0960784,0.2764706,-0.0764706,-0.1392157,0.4490196,0.1862745,-0.4333333,0.0294118,-0.2176471,-0.5000000,0.3823529,0.4607843,-0.1901961,0.4254902,-0.2215686,-0.3352941,0.0960784,0.2764706,-0.0764706,-0.1392157
488,0.4960784,-0.3941176,0.4372549,0.2568627,-0.3549020,-0.4882353,-0.4764706,-0.1823529,-0.3901961,-0.3313725,-0.4882353,0.1117647,0.3901961,-0.1980392,-0.3823529,0.3627451,0.4960784,-0.3941176,0.4372549,0.2568627,-0.3549020,-0.4882353,-0.4764706,-0.1823529,-0.3901961,-0.3313725,-0.4882353,0.1117647,0.3901961,-0.1980392,-0.3823529,0.3627451
489,0.3352941,0.2333333,-0.3823529,0.4058824,0.4921569,0.0098039,-0.3509804,-0.1549020,-0.4333333,-0.2215686,-0.2686275,0.2058824,0.1862745,0.3509804,-0.2725490,0.2960784,0.3352941,0.2333333,-0.3823529,0.4058824,0.4921569,0.0098039,-0.3509804,-0.1549020,-0.4333333,-0.2215686,-0.2686275,0.2058824,0.1862745,0.3509804,-0.2725490,0.2960784
490,0.0254902,-0.1666667,-0.2921569,-0.0215686,-0.4215686,0.0450980,-0.4568627,-0.5000000,0.2137255,0.3509804,0.4686275,-0.0019608,0.0803922,-0.3117647,-0.2960784,-0.3549020,0.0254902,-0.1666667,-0.2921569,-0.0215686,-0.4215686,0.0450980,-0.4568627,-0.5000000,0.2137255,0.3509804,0.4686275,-0.0019608,0.0803922,-0.3117647,-0.2960784,-0.3549020
491,-0.1549020,0.3078431,-0.1941176,-0.1784314,-0.0137255,-0.0372549,0.1745098,0.3627451,0.0215686,-0.3431373,0.0019608,0.2490196,-0.0176471,0.1156863,-0.2607843,0.4254902,-0.1549020,0.3078431,-0.1941176,-0.1784314,-0.0137255,-0.0372549,0.1745098,0.3627451,0.0215686,-0.3431373,0.0019608,0.2490196,-0.0176471,0.1156863,-0.2607843,0.4254902
492,0.1745098,-0.2960784,-0.4882353,-0.0098039,0.3862745,-0.3117647,-0.4372549,0.0098039,-0.4529412,-0.2058824,-0.1901961,0.3901961,0.4019608,-0.3235294,0.3000000,0.4411765,0.1745098,-0.2960784,-0.4882353,-0.0098039,0.3862745,-0.3117647,-0.4372549,0.0098039,-0.4529412,-0.2058824,-0.1901961,0.3901961,0.4019608,-0.3235294,0.3000000,0.4411765
493,0.2176471,-0.1156863,0.4529412,0.4607843,-0.1784314,0.0843137,0.3352941,0.0137255,0.3549020,0.4058824,0.2490196,-0.3745098,-0.3274510,0.2058824,0.0568627,0.4411765,0.2176471,-0.1156863,0.4529412,0.4607843,-0.1784314,0.0843137,0.3352941,0.0137255,0.3549020,0.4058824,0.2490196,-0.3745098,-0.3274510,0.2058824,0.0568627,0.4411765
494,0.4960784,-0.2764706,-0.0960784,-0.3313725,-0.2960784,-0.0686275,-0.4254902,0.0803922,-0.4215686,-0.2960784,0.1901961,0.1862745,0.4058824,-0.1549020,0.3313725,0.0450980,0.4960784,-0.2764706,-0.0960784,-0.3313725,-0.2960784,-0.0686275,-0.4254902,0.0803922,-0.4215686,-0.2960784,0.1901961,0.1862745,0.4058824,-0.1549020,0.3313725,0.0450980
495,0.1235294,0.1352941,0.0411765,-0.2843137,0.1470588,-0.0647059,-0.3745098,-0.3431373,-0.2529412,0.0529412,0.4098039,-0.2019608,0.0647059,-0.1666667,-0.4803922,0.2725490,0.1235294,0.1352941,0.0411765,-0.2843137,0.1470588,-0.0647059,-0.3745098,-0.3431373,-0.2529412,0.0529412,0.4098039,-0.2019608,0.0647059,-0.1666667,-0.4803922,0.2725490
496,-0.4882353,-0.1509804,0.2098039,-0.0294118,-0.0372549,0.3549020,0.3980392,0.2411765,0.1745098,0.3235294,0.3509804,-0.4333333,-0.2764706,0.4254902,0.0607843,-0.2921569,-0.4882353,-0.1509804,0.2098039,-0.0294118,-0.0372549,0.3549020,0.3980392,0.2411765,0.1745098,0.3235294,0.3509804,-0.4333333,-0.2764706,0.4254902,0.0607843,-0.2921569
497,-0.4176471,0.3823529,-0.1941176,-0.3352941,0.2882353,0.4960784,0.2764706,-0.0490196,-0.3666667,-0.2254902,-0.0725490,-0.0450980,-0.3745098,0.3117647,-0.1392157,-0.0725490,-0.4176471,0.3823529,-0.1941176,-0.3352941,0.2882353,0.4960784,0.2764706,-0.0490196,-0.3666667,-0.2254902,-0.0725490,-0.0450980,-0.3745098,0.3117647,-0.1392157,-0.0725490
498,-0.4019608,-0.0607843,0.2882353,0.3941176,0.3705882,-0.4568627,0.2372549,0.2607843,-0.2215686,0.1078431,0.0803922,-0.4764706,-0.2333333,-0.5000000,-0.4450980,-0.4725490,-0.4019608,-0.0607843,0.2882353,0.3941176,0.3705882,-0.4568627,0.2372549,0.2607843,-0.2215686,0.1078431,0.0803922,-0.4764706,-0.2333333,-0.5000000,-0.4450980,-0.4725490
499,0.4450980,0.2490196,-0.2686275,-0.2529412,-0.4098039,-0.4254902,-0.3000000,-0.0490196,-0.3980392,0.0843137,-0.1117647,-0.5000000,0.0568627,-0.3117647,0.3666667,0.3705882,0.4450980,0.2490196,-0.2686275,-0.2529412,-0.4098039,-0.4254902,-0.3000000,-0.0490196,-0.3980392,0.0843137,-0.1117647,-0.5000000,0.0568627,-0.3117647,0.3666667,0.3705882
