id,v0,v1,v2,v3,v4,v5,v6,v7,v8,v9,v10,v11,v12,v13,v14,v15,v16,v17,v18,v19,v20,v21,v22,v23,v24,v25,v26,v27,v28,v29,v30,v31
1fa2e733a9d83a9b,-0.3784314,0.1352941,0.4058824,-0.3000000,0.1627451,0.3470588,-0.2725490,0.1078431,0.1039216,0.1705882,0.2137255,-0.3156863,-0.0921569,-0.4294118,-0.4372549,-0.4098039,-0.3784314,0.1352941,0.4058824,-0.3000000,0.1627451,0.3470588,-0.2725490,0.1078431,0.1039216,0.1705882,0.2137255,-0.3156863,-0.0921569,-0.4294118,-0.4372549,-0.4098039
d2e78f80468eb0c9,0.3235294,0.4058824,0.0607843,0.0019608,-0.2254902,0.0568627,0.1901961,0.2882353,-0.3392157,0.1901961,-0.0215686,0.3980392,-0.3980392,0.0176471,-0.1431373,-0.3196078,0.3235294,0.4058824,0.0607843,0.0019608,-0.2254902,0.0568627,0.1901961,0.2882353,-0.3392157,0.1901961,-0.0215686,0.3980392,-0.3980392,0.0176471,-0.1431373,-0.3196078
0e53f764c3ae8354,-0.4450980,-0.1745098,0.4686275,-0.1078431,0.2647059,0.1823529,0.0137255,-0.1705882,-0.3078431,0.1588235,0.0490196,0.3980392,0.3549020,-0.3509804,-0.0137255,0.4725490,-0.4450980,-0.1745098,0.4686275,-0.1078431,0.2647059,0.1823529,0.0137255,-0.1705882,-0.3078431,0.1588235,0.0490196,0.3980392,0.3549020,-0.3509804,-0.0137255,0.4725490
918fc608d57a20ea,0.0686275,0.0607843,0.2764706,-0.4686275,0.3352941,-0.0215686,-0.3745098,0.4176471,0.0294118,-0.0764706,-0.1980392,0.4725490,-0.4607843,-0.3627451,-0.1980392,-0.3156863,0.0686275,0.0607843,0.2764706,-0.4686275,0.3352941,-0.0215686,-0.3745098,0.4176471,0.0294118,-0.0764706,-0.1980392,0.4725490,-0.4607843,-0.3627451,-0.1980392,-0.3156863
d6bb2de6d39b6f32,0.3392157,0.2333333,-0.3235294,0.4019608,0.3274510,0.1078431,-0.0647059,-0.3039216,-0.4294118,-0.3431373,0.3313725,-0.3784314,0.3705882,-0.4607843,0.4960784,0.3549020,0.3392157,0.2333333,-0.3235294,0.4019608,0.3274510,0.1078431,-0.0647059,-0.3039216,-0.4294118,-0.3431373,0.3313725,-0.3784314,0.3705882,-0.4607843,0.4960784,0.3549020
cdec948ba7c248df,0.3039216,0.4254902,0.0803922,0.0450980,0.1549020,0.2607843,-0.2176471,0.3745098,0.2215686,0.1588235,0.2019608,-0.3941176,-0.3901961,-0.3980392,-0.3627451,-0.0843137,0.3039216,0.4254902,0.0803922,0.0450980,0.1549020,0.2607843,-0.2176471,0.3745098,0.2215686,0.1588235,0.2019608,-0.3941176,-0.3901961,-0.3980392,-0.3627451,-0.0843137
42a0d41fe3002050,-0.2411765,0.1274510,0.3313725,-0.3784314,0.3901961,-0.5000000,-0.3745098,-0.1862745,0.2882353,0.3588235,0.4333333,-0.4254902,0.4098039,0.3352941,0.2882353,-0.2725490,-0.2411765,0.1274510,0.3313725,-0.3784314,0.3901961,-0.5000000,-0.3745098,-0.1862745,0.2882353,0.3588235,0.4333333,-0.4254902,0.4098039,0.3352941,0.2882353,-0.2725490
c24b9487202b86b1,0.2607843,-0.2058824,0.0803922,0.0294118,-0.3745098,-0.3313725,0.0254902,0.1941176,0.3117647,-0.1392157,-0.4019608,0.3549020,0.2215686,-0.2176471,-0.4254902,0.4137255,0.2607843,-0.2058824,0.0803922,0.0294118,-0.3745098,-0.3313725,0.0254902,0.1941176,0.3117647,-0.1392157,-0.4019608,0.3549020,0.2215686,-0.2176471,-0.4254902,0.4137255
5bce8932fa2e5f0e,-0.1431373,0.3078431,0.0372549,-0.3039216,0.4803922,-0.3196078,-0.1274510,-0.4450980,-0.3666667,-0.3000000,-0.2647059,0.4254902,0.0176471,-0.2411765,0.0450980,-0.4882353,-0.1431373,0.3078431,0.0372549,-0.3039216,0.4803922,-0.3196078,-0.1274510,-0.4450980,-0.3666667,-0.3000000,-0.2647059,0.4254902,0.0176471,-0.2411765,0.0450980,-0.4882353
c7169cffc52c49fb,0.2803922,-0.4137255,0.1117647,0.5000000,0.2725490,-0.3274510,-0.2137255,0.4843137,-0.0803922,-0.1823529,0.1078431,0.2882353,0.3862745,0.4607843,0.3392157,-0.3901961,0.2803922,-0.4137255,0.1117647,0.5000000,0.2725490,-0.3274510,-0.2137255,0.4843137,-0.0803922,-0.1823529,0.1078431,0.2882353,0.3862745,0.4607843,0.3392157,-0.3901961
37f7dd0c89f257f7,-0.2843137,0.4686275,0.3666667,-0.4529412,0.0372549,0.4490196,-0.1588235,0.4686275,0.4725490,-0.2568627,0.4019608,-0.3666667,-0.1235294,0.0960784,-0.1117647,0.2960784,-0.2843137,0.4686275,0.3666667,-0.4529412,0.0372549,0.4490196,-0.1588235,0.4686275,0.4725490,-0.2568627,0.4019608,-0.3666667,-0.1235294,0.0960784,-0.1117647,0.2960784
04821ae311045715,-0.4843137,0.0098039,-0.3980392,0.3901961,-0.4333333,-0.4843137,-0.1588235,-0.4176471,0.2254902,-0.3392157,0.0450980,-0.1078431,-0.0568627,-0.1588235,-0.3392157,0.2215686,-0.4843137,0.0098039,-0.3980392,0.3901961,-0.4333333,-0.4843137,-0.1588235,-0.4176471,0.2254902,-0.3392157,0.0450980,-0.1078431,-0.0568627,-0.1588235,-0.3392157,0.2215686
6d100a674f0197f9,-0.0725490,-0.4372549,-0.4607843,-0.0960784,-0.1901961,-0.4960784,0.0921569,0.4764706,0.4137255,0.3470588,0.2137255,0.3156863,0.2568627,0.1901961,0.0529412,0.1431373,-0.0725490,-0.4372549,-0.4607843,-0.0960784,-0.1901961,-0.4960784,0.0921569,0.4764706,0.4137255,0.3470588,0.2137255,0.3156863,0.2568627,0.1901961,0.0529412,0.1431373
1ec1eb75babbc1ae,-0.3823529,0.2568627,0.4215686,-0.0411765,0.2294118,0.2333333,0.2568627,0.1823529,-0.1705882,-0.4529412,0.2137255,-0.2411765,0.4803922,-0.1627451,-0.4019608,-0.3196078,-0.3823529,0.2568627,0.4215686,-0.0411765,0.2294118,0.2333333,0.2568627,0.1823529,-0.1705882,-0.4529412,0.2137255,-0.2411765,0.4803922,-0.1627451,-0.4019608,-0.3196078
0171b3835c0c9609,-0.4960784,-0.0568627,0.2019608,0.0137255,-0.1392157,-0.4529412,0.0882353,-0.4647059,0.2137255,-0.3196078,0.2764706,-0.3392157,0.4019608,0.2725490,0.3196078,-0.1627451,-0.4960784,-0.0568627,0.2019608,0.0137255,-0.1392157,-0.4529412,0.0882353,-0.4647059,0.2137255,-0.3196078,0.2764706,-0.3392157,0.4019608,0.2725490,0.3196078,-0.1627451
1f53565b8042b8a8,-0.3784314,-0.1745098,-0.1627451,-0.1431373,0.0019608,-0.2411765,0.2215686,0.1588235,0.3823529,-0.4882353,0.3745098,-0.4176471,0.1274510,-0.1901961,-0.1666667,-0.0725490,-0.3784314,-0.1745098,-0.1627451,-0.1431373,0.0019608,-0.2411765,0.2215686,0.1588235,0.3823529,-0.4882353,0.3745098,-0.4176471,0.1274510,-0.1901961,-0.1666667,-0.0725490
7cc031be00022312,-0.0137255,0.2529412,-0.3078431,0.2450980,-0.5000000,-0.4921569,-0.3627451,-0.4294118,0.4450980,0.1784314,0.3627451,-0.4490196,0.1901961,-0.4764706,0.0372549,-0.0098039,-0.0137255,0.2529412,-0.3078431,0.2450980,-0.5000000,-0.4921569,-0.3627451,-0.4294118,0.4450980,0.1784314,0.3627451,-0.4490196,0.1901961,-0.4764706,0.0372549,-0.0098039
c90f1bd7572eb72b,0.2882353,-0.4411765,-0.3941176,0.3431373,-0.1588235,-0.3196078,0.2176471,-0.3313725,0.3000000,0.1862745,-0.0960784,-0.1000000,-0.3235294,-0.3313725,-0.1313725,-0.2607843,0.2882353,-0.4411765,-0.3941176,0.3431373,-0.1588235,-0.3196078,0.2176471,-0.3313725,0.3000000,0.1862745,-0.0960784,-0.1000000,-0.3235294,-0.3313725,-0.1313725,-0.2607843
9d540512299203c9,0.1156863,-0.1705882,-0.4803922,-0.4294118,-0.3392157,0.0725490,-0.4882353,0.2882353,-0.2607843,-0.3509804,0.0803922,0.1509804,-0.4333333,-0.3352941,0.1901961,0.0098039,0.1156863,-0.1705882,-0.4803922,-0.4294118,-0.3392157,0.0725490,-0.4882353,0.2882353,-0.2607843,-0.3509804,0.0803922,0.1509804,-0.4333333,-0.3352941,0.1901961,0.0098039
1eac0ec78b3a9d26,-0.3823529,0.1745098,-0.4450980,0.2803922,0.0450980,-0.2725490,0.1156863,-0.3509804,-0.1392157,0.3470588,0.1196078,-0.0764706,-0.1470588,0.4960784,-0.0411765,0.0098039,-0.3823529,0.1745098,-0.4450980,0.2803922,0.0450980,-0.2725490,0.1156863,-0.3509804,-0.1392157,0.3470588,0.1196078,-0.0764706,-0.1470588,0.4960784,-0.0411765,0.0098039
1993ef8d7736c201,-0.4019608,0.0764706,0.4372549,0.0529412,-0.0333333,-0.2882353,0.2607843,-0.4960784,-0.0490196,-0.1117647,0.3235294,-0.4411765,0.4019608,0.3509804,0.2764706,-0.3078431,-0.4019608,0.0764706,0.4372549,0.0529412,-0.0333333,-0.2882353,0.2607843,-0.4960784,-0.0490196,-0.1117647,0.3235294,-0.4411765,0.4019608,0.3509804,0.2764706,-0.3078431
67b2fdc1e3f9a483,-0.0960784,0.1980392,0.4921569,0.2568627,0.3901961,0.4764706,0.1431373,0.0137255,-0.1156863,-0.0058824,0.1000000,-0.2647059,-0.3470588,-0.1901961,0.1235294,0.1156863,-0.0960784,0.1980392,0.4921569,0.2568627,0.3901961,0.4764706,0.1431373,0.0137255,-0.1156863,-0.0058824,0.1000000,-0.2647059,-0.3470588,-0.1901961,0.1235294,0.1156863
35e9eddf2ff6d7bc,-0.2921569,0.4137255,0.4294118,0.3745098,-0.3156863,0.4647059,0.3431373,0.2372549,-0.2921569,-0.1431373,0.1549020,-0.3274510,-0.4411765,-0.3156863,-0.4960784,-0.1431373,-0.2921569,0.4137255,0.4294118,0.3745098,-0.3156863,0.4647059,0.3431373,0.2372549,-0.2921569,-0.1431373,0.1549020,-0.3274510,-0.4411765,-0.3156863,-0.4960784,-0.1431373
bb72c1b121cca907,0.2333333,-0.0529412,0.2568627,0.1941176,-0.3705882,0.3000000,0.1627451,-0.4725490,-0.4019608,0.2607843,0.1901961,0.4921569,-0.2686275,-0.4843137,0.2372549,-0.1705882,0.2333333,-0.0529412,0.2568627,0.1941176,-0.3705882,0.3000000,0.1627451,-0.4725490,-0.4019608,0.2607843,0.1901961,0.4921569,-0.2686275,-0.4843137,0.2372549,-0.1705882
1e32d4473558236d,-0.3823529,-0.3039216,0.3313725,-0.2215686,-0.2921569,-0.1549020,-0.3627451,-0.0725490,0.4215686,0.0568627,0.1392157,-0.0921569,-0.2019608,0.1274510,-0.2098039,-0.3078431,-0.3823529,-0.3039216,0.3313725,-0.2215686,-0.2921569,-0.1549020,-0.3627451,-0.0725490,0.4215686,0.0568627,0.1392157,-0.0921569,-0.2019608,0.1274510,-0.2098039,-0.3078431
23b48f292fbd943f,-0.3627451,0.2058824,0.0607843,-0.3392157,-0.3156863,0.2411765,0.0803922,-0.2529412,-0.4254902,-0.0450980,-0.3313725,0.0019608,-0.2058824,0.2019608,-0.4333333,0.2450980,-0.3627451,0.2058824,0.0607843,-0.3392157,-0.3156863,0.2411765,0.0803922,-0.2529412,-0.4254902,-0.0450980,-0.3313725,0.0019608,-0.2058824,0.2019608,-0.4333333,0.2450980
02565483a4f657a6,-0.4921569,-0.1627451,-0.1705882,0.0137255,0.1431373,0.4647059,-0.1588235,0.1509804,-0.4215686,-0.2411765,-0.0960784,-0.1039216,0.4686275,-0.4803922,0.4215686,-0.3705882,-0.4921569,-0.1627451,-0.1705882,0.0137255,0.1431373,0.4647059,-0.1588235,0.1509804,-0.4215686,-0.2411765,-0.0960784,-0.1039216,0.4686275,-0.4803922,0.4215686,-0.3705882
fbe4e0ced3eec24e,0.4843137,0.3941176,0.3784314,0.3078431,0.3274510,0.4333333,0.2607843,-0.1941176,0.0333333,-0.4176471,-0.3549020,0.3431373,0.0960784,0.1431373,0.3588235,0.0137255,0.4843137,0.3941176,0.3784314,0.3078431,0.3274510,0.4333333,0.2607843,-0.1941176,0.0333333,-0.4176471,-0.3549020,0.3431373,0.0960784,0.1431373,0.3588235,0.0137255
aea32d5707251d42,0.1823529,0.1392157,-0.3235294,-0.1588235,-0.4725490,-0.3549020,-0.3862745,-0.2411765,0.1705882,-0.0647059,-0.0490196,0.2843137,-0.0843137,0.1000000,0.2764706,-0.2803922,0.1823529,0.1392157,-0.3235294,-0.1588235,-0.4725490,-0.3549020,-0.3862745,-0.2411765,0.1705882,-0.0647059,-0.0490196,0.2843137,-0.0843137,0.1000000,0.2764706,-0.2803922
5dc1861c8d3a856e,-0.1352941,0.2568627,0.0254902,-0.3901961,0.0529412,-0.2725490,0.0215686,-0.0686275,0.2019608,-0.1470588,0.3156863,-0.4215686,-0.1313725,-0.0254902,0.0921569,0.2176471,-0.1352941,0.2568627,0.0254902,-0.3901961,0.0529412,-0.2725490,0.0215686,-0.0686275,0.2019608,-0.1470588,0.3156863,-0.4215686,-0.1313725,-0.0254902,0.0921569,0.2176471
5ad1738874b760f3,-0.1470588,0.3196078,-0.0490196,0.0333333,-0.0450980,0.2176471,-0.1235294,0.4529412,0.3431373,0.0333333,0.2529412,0.2607843,-0.3862745,-0.2607843,-0.4921569,0.1549020,-0.1470588,0.3196078,-0.0490196,0.0333333,-0.0450980,0.2176471,-0.1235294,0.4529412,0.3431373,0.0333333,0.2529412,0.2607843,-0.3862745,-0.2607843,-0.4921569,0.1549020
9c8104455516a1f2,0.1117647,0.0058824,-0.4843137,-0.2294118,-0.1666667,-0.4137255,0.1313725,0.4490196,0.3392157,0.1274510,-0.3627451,0.0411765,0.3705882,0.3196078,-0.3588235,-0.0215686,0.1117647,0.0058824,-0.4843137,-0.2294118,-0.1666667,-0.4137255,0.1313725,0.4490196,0.3392157,0.1274510,-0.3627451,0.0411765,0.3705882,0.3196078,-0.3588235,-0.0215686
3e1f46215afc29a0,-0.2568627,-0.3784314,-0.2254902,-0.3705882,-0.1470588,0.4882353,-0.3392157,0.1274510,-0.1705882,-0.1627451,0.1117647,0.1156863,0.1039216,0.2176471,-0.0725490,-0.3549020,-0.2568627,-0.3784314,-0.2254902,-0.3705882,-0.1470588,0.4882353,-0.3392157,0.1274510,-0.1705882,-0.1627451,0.1117647,0.1156863,0.1039216,0.2176471,-0.0725490,-0.3549020
4fa9c258f49bfa4e,-0.1901961,0.1627451,0.2607843,-0.1549020,0.4568627,0.1078431,0.4803922,-0.1941176,-0.1352941,-0.2725490,-0.4411765,-0.3156863,0.2960784,-0.2019608,-0.1509804,-0.1666667,-0.1901961,0.1627451,0.2607843,-0.1549020,0.4568627,0.1078431,0.4803922,-0.1941176,-0.1352941,-0.2725490,-0.4411765,-0.3156863,0.2960784,-0.2019608,-0.1509804,-0.1666667
9c5d8df64bd5f95e,0.1117647,-0.1352941,0.0529412,0.4647059,-0.2058824,0.3352941,0.4764706,-0.1313725,0.4568627,-0.2137255,0.3941176,0.3862745,-0.0568627,-0.3117647,-0.3901961,0.2294118,0.1117647,-0.1352941,0.0529412,0.4647059,-0.2058824,0.3352941,0.4764706,-0.1313725,0.4568627,-0.2137255,0.3941176,0.3862745,-0.0568627,-0.3117647,-0.3901961,0.2294118
bd4225ec85c2cca4,0.2411765,-0.2411765,-0.3549020,0.4254902,0.0215686,0.2607843,0.3000000,0.1431373,0.3196078,-0.0490196,0.2725490,-0.0176471,-0.0843137,0.2372549,-0.3196078,0.2333333,0.2411765,-0.2411765,-0.3549020,0.4254902,0.0215686,0.2607843,0.3000000,0.1431373,0.3196078,-0.0490196,0.2725490,-0.0176471,-0.0843137,0.2372549,-0.3196078,0.2333333
0eb01e258bb6213b,-0.4450980,0.1901961,-0.3823529,-0.3549020,0.0450980,0.2137255,-0.3705882,-0.2686275,-0.1039216,-0.1588235,-0.4058824,0.3588235,0.3470588,-0.2529412,0.3431373,0.0803922,-0.4450980,0.1901961,-0.3823529,-0.3549020,0.0450980,0.2137255,-0.3705882,-0.2686275,-0.1039216,-0.1588235,-0.4058824,0.3588235,0.3470588,-0.2529412,0.3431373,0.0803922
9e7ce8aeec470168,0.1196078,-0.0137255,0.4098039,0.1823529,0.4254902,-0.2215686,-0.4960784,-0.0921569,-0.2450980,-0.2411765,0.3196078,0.4137255,-0.0607843,-0.2843137,0.2215686,-0.4647059,0.1196078,-0.0137255,0.4098039,0.1823529,0.4254902,-0.2215686,-0.4960784,-0.0921569,-0.2450980,-0.2411765,0.3196078,0.4137255,-0.0607843,-0.2843137,0.2215686,-0.4647059
851091f35d051ee7,0.0215686,-0.4372549,0.0686275,0.4529412,-0.1352941,-0.4803922,-0.3823529,0.4058824,0.1862745,-0.4019608,-0.3823529,-0.3666667,-0.2803922,0.0098039,0.4294118,0.4098039,0.0215686,-0.4372549,0.0686275,0.4529412,-0.1352941,-0.4803922,-0.3823529,0.4058824,0.1862745,-0.4019608,-0.3823529,-0.3666667,-0.2803922,0.0098039,0.4294118,0.4098039
9527edd1eade8259,0.0843137,-0.3470588,0.4294118,0.3196078,0.4176471,0.3705882,0.0098039,-0.1509804,0.2843137,-0.0725490,-0.1588235,-0.3549020,0.1941176,0.4764706,0.2333333,-0.0137255,0.0843137,-0.3470588,0.4294118,0.3196078,0.4176471,0.3705882,0.0098039,-0.1509804,0.2843137,-0.0725490,-0.1588235,-0.3549020,0.1941176,0.4764706,0.2333333,-0.0137255
53c12dcac750f808,-0.1745098,0.2568627,-0.3235294,0.2921569,0.2803922,-0.1862745,0.4725490,-0.4686275,0.2137255,-0.3000000,0.0764706,0.2294118,-0.3941176,-0.1627451,-0.0215686,0.0764706,-0.1745098,0.2568627,-0.3235294,0.2921569,0.2803922,-0.1862745,0.4725490,-0.4686275,0.2137255,-0.3000000,0.0764706,0.2294118,-0.3941176,-0.1627451,-0.0215686,0.0764706
9f90b45cdb1e145a,0.1235294,0.0647059,0.2058824,-0.1392157,0.3588235,-0.3823529,-0.4215686,-0.1470588,-0.2176471,-0.3823529,0.4333333,-0.2176471,-0.3078431,0.3039216,-0.1705882,0.0098039,0.1235294,0.0647059,0.2058824,-0.1392157,0.3588235,-0.3823529,-0.4215686,-0.1470588,-0.2176471,-0.3823529,0.4333333,-0.2176471,-0.3078431,0.3039216,-0.1705882,0.0098039
202b3026734d9720,-0.3745098,-0.3313725,-0.3117647,-0.3509804,-0.0490196,-0.1980392,0.0921569,-0.3745098,0.1117647,-0.4803922,-0.1235294,0.0607843,0.1235294,0.2294118,0.2725490,-0.1823529,-0.3745098,-0.3313725,-0.3117647,-0.3509804,-0.0490196,-0.1980392,0.0921569,-0.3745098,0.1117647,-0.4803922,-0.1235294,0.0607843,0.1235294,0.2294118,0.2725490,-0.1823529
0a3836ab284f232d,-0.4607843,-0.2803922,-0.2882353,0.1705882,-0.3431373,-0.1901961,-0.3627451,-0.3235294,-0.2215686,-0.3705882,-0.1039216,0.1509804,-0.2686275,-0.3666667,-0.2725490,0.1666667,-0.4607843,-0.2803922,-0.2882353,0.1705882,-0.3431373,-0.1901961,-0.3627451,-0.3235294,-0.2215686,-0.3705882,-0.1039216,0.1509804,-0.2686275,-0.3666667,-0.2725490,0.1666667
c393dffbcf46b9a0,0.2647059,0.0764706,0.3745098,0.4843137,0.3117647,-0.2254902,0.2254902,0.1274510,0.0176471,0.2686275,-0.0176471,0.1352941,0.2294118,0.0647059,0.3156863,0.3078431,0.2647059,0.0764706,0.3745098,0.4843137,0.3117647,-0.2254902,0.2254902,0.1274510,0.0176471,0.2686275,-0.0176471,0.1352941,0.2294118,0.0647059,0.3156863,0.3078431
52b20ee0652266ae,-0.1784314,0.1980392,-0.4450980,0.3784314,-0.1039216,-0.3666667,-0.1000000,0.1823529,-0.0098039,0.3313725,-0.2764706,-0.0529412,-0.3117647,0.0137255,0.3980392,-0.2215686,-0.1784314,0.1980392,-0.4450980,0.3784314,-0.1039216,-0.3666667,-0.1000000,0.1823529,-0.0098039,0.3313725,-0.2764706,-0.0529412,-0.3117647,0.0137255,0.3980392,-0.2215686
fa02abf7c309b280,0.4803922,-0.4921569,0.1705882,0.4686275,0.2647059,-0.4647059,0.1980392,0.0019608,-0.4960784,-0.3705882,-0.4019608,-0.1745098,-0.1588235,0.1156863,0.0372549,-0.2647059,0.4803922,-0.4921569,0.1705882,0.4686275,0.2647059,-0.4647059,0.1980392,0.0019608,-0.4960784,-0.3705882,-0.4019608,-0.1745098,-0.1588235,0.1156863,0.0372549,-0.2647059
95a9de929fe39525,0.0843137,0.1627451,0.3705882,0.0725490,0.1235294,0.3901961,0.0843137,-0.3549020,-0.4686275,0.3862745,-0.1078431,0.1431373,-0.4568627,-0.3980392,-0.4882353,-0.3039216,0.0843137,0.1627451,0.3705882,0.0725490,0.1235294,0.3901961,0.0843137,-0.3549020,-0.4686275,0.3862745,-0.1078431,0.1431373,-0.4568627,-0.3980392,-0.4882353,-0.3039216
f36b6822a3c5969b,0.4529412,-0.0803922,-0.0921569,-0.3666667,0.1392157,0.2725490,0.0882353,0.1078431,-0.3117647,0.2450980,-0.2294118,-0.1235294,-0.2372549,-0.1196078,-0.3980392,0.1235294,0.4529412,-0.0803922,-0.0921569,-0.3666667,0.1392157,0.2725490,0.0882353,0.1078431,-0.3117647,0.2450980,-0.2294118,-0.1235294,-0.2372549,-0.1196078,-0.3980392,0.1235294
5ee28ffbc6f3d9c6,-0.1313725,0.3862745,0.0607843,0.4843137,0.2764706,0.4529412,0.3509804,0.2764706,-0.1627451,-0.2568627,-0.2372549,0.0960784,0.1627451,-0.0529412,0.1666667,0.1862745,-0.1313725,0.3862745,0.0607843,0.4843137,0.2764706,0.4529412,0.3509804,0.2764706,-0.1627451,-0.2568627,-0.2372549,0.0960784,0.1627451,-0.0529412,0.1666667,0.1862745
d397e0bfd8d879c4,0.3274510,0.0921569,0.3784314,0.2490196,0.3470588,0.3470588,-0.0254902,0.2686275,-0.3431373,-0.4960784,0.4490196,-0.1196078,-0.4882353,0.2882353,0.4725490,0.0960784,0.3274510,0.0921569,0.3784314,0.2490196,0.3470588,0.3470588,-0.0254902,0.2686275,-0.3431373,-0.4960784,0.4490196,-0.1196078,-0.4882353,0.2882353,0.4725490,0.0960784
1a27dbf9936b1144,-0.3980392,-0.3470588,0.3588235,0.4764706,0.0764706,-0.0803922,-0.4333333,-0.2333333,-0.2333333,0.1823529,-0.2215686,0.2176471,-0.3078431,-0.4176471,0.4843137,-0.2372549,-0.3980392,-0.3470588,0.3588235,0.4764706,0.0764706,-0.0803922,-0.4333333,-0.2333333,-0.2333333,0.1823529,-0.2215686,0.2176471,-0.3078431,-0.4176471,0.4843137,-0.2372549
5064fb0f72b86831,-0.1862745,-0.1078431,0.4843137,-0.4411765,-0.0529412,0.2215686,-0.0921569,-0.3078431,-0.0882353,0.4137255,-0.3039216,0.1980392,-0.4058824,-0.3745098,0.1039216,0.1941176,-0.1862745,-0.1078431,0.4843137,-0.4411765,-0.0529412,0.2215686,-0.0921569,-0.3078431,-0.0882353,0.4137255,-0.3039216,0.1980392,-0.4058824,-0.3745098,0.1039216,0.1941176
928e839b2a70fbc4,0.0725490,0.0568627,0.0137255,0.1078431,-0.3352941,-0.0607843,0.4843137,0.2686275,0.3000000,-0.3274510,-0.2490196,0.2921569,-0.3941176,0.0058824,0.1235294,0.4294118,0.0725490,0.0568627,0.0137255,0.1078431,-0.3352941,-0.0607843,0.4843137,0.2686275,0.3000000,-0.3274510,-0.2490196,0.2921569,-0.3941176,0.0058824,0.1235294,0.4294118
ef66d785299af2bc,0.4372549,-0.1000000,0.3431373,0.0215686,-0.3392157,0.1039216,0.4490196,0.2372549,0.4568627,0.1549020,0.3274510,-0.4490196,-0.3117647,-0.2411765,-0.3000000,0.3431373,0.4372549,-0.1000000,0.3431373,0.0215686,-0.3392157,0.1039216,0.4490196,0.2372549,0.4568627,0.1549020,0.3274510,-0.4490196,-0.3117647,-0.2411765,-0.3000000,0.3431373
7745c3f1788a9ded,-0.0333333,-0.2294118,0.2647059,0.4450980,-0.0294118,0.0411765,0.1156863,0.4294118,0.0960784,-0.4137255,0.0843137,0.3823529,0.1980392,-0.2294118,0.3549020,0.4529412,-0.0333333,-0.2294118,0.2647059,0.4450980,-0.0294118,0.0411765,0.1156863,0.4294118,0.0960784,-0.4137255,0.0843137,0.3823529,0.1980392,-0.2294118,0.3549020,0.4529412
aeac5bd6d81de89f,0.1823529,0.1745098,-0.1431373,0.3392157,0.3470588,-0.3862745,0.4098039,0.1235294,0.1352941,0.4294118,0.4176471,-0.1784314,-0.4450980,-0.3862745,0.0372549,0.2568627,0.1823529,0.1745098,-0.1431373,0.3392157,0.3470588,-0.3862745,0.4098039,0.1235294,0.1352941,0.4294118,0.4176471,-0.1784314,-0.4450980,-0.3862745,0.0372549,0.2568627
e8fa03d2dd873453,0.4098039,0.4803922,-0.4882353,0.3235294,0.3666667,0.0294118,-0.2960784,-0.1745098,0.3470588,-0.3823529,-0.4450980,0.2333333,-0.2098039,-0.4294118,0.1117647,-0.4411765,0.4098039,0.4803922,-0.4882353,0.3235294,0.3666667,0.0294118,-0.2960784,-0.1745098,0.3470588,-0.3823529,-0.4450980,0.2333333,-0.2098039,-0.4294118,0.1117647,-0.4411765
ce1633a53f40a719,0.3078431,-0.4137255,-0.3000000,0.1470588,-0.2529412,-0.2490196,0.1549020,-0.4019608,0.4411765,0.4058824,0.2098039,-0.0176471,0.2568627,0.4921569,0.1392157,-0.0607843,0.3078431,-0.4137255,-0.3000000,0.1470588,-0.2529412,-0.2490196,0.1549020,-0.4019608,0.4411765,0.4058824,0.2098039,-0.0176471,0.2568627,0.4921569,0.1392157,-0.0607843
8c9090a37ca73378,0.0490196,0.0647059,0.0647059,0.1392157,-0.0137255,0.1549020,-0.3000000,-0.0294118,-0.1352941,-0.2607843,0.1588235,-0.3117647,-0.5000000,-0.2372549,-0.1274510,-0.3156863,0.0490196,0.0647059,0.0647059,0.1392157,-0.0137255,0.1549020,-0.3000000,-0.0294118,-0.1352941,-0.2607843,0.1588235,-0.3117647,-0.5000000,-0.2372549,-0.1274510,-0.3156863
ae78be9a90bf29c1,0.1823529,-0.0294118,0.2450980,0.1039216,0.0647059,0.2490196,-0.3392157,0.2568627,-0.0333333,-0.0803922,-0.4176471,-0.2450980,0.0372549,0.4764706,-0.2254902,-0.0333333,0.1823529,-0.0294118,0.2450980,0.1039216,0.0647059,0.2490196,-0.3392157,0.2568627,-0.0333333,-0.0803922,-0.4176471,-0.2450980,0.0372549,0.4764706,-0.2254902,-0.0333333
205ac8d495cb13aa,-0.3745098,-0.1470588,0.2843137,0.3313725,0.0843137,0.2960784,-0.4254902,0.1666667,-0.4137255,-0.4176471,0.4294118,-0.1549020,-0.2058824,-0.3352941,0.2686275,-0.2372549,-0.3745098,-0.1470588,0.2843137,0.3313725,0.0843137,0.2960784,-0.4254902,0.1666667,-0.4137255,-0.4176471,0.4294118,-0.1549020,-0.2058824,-0.3352941,0.2686275,-0.2372549
b2166f57af2ea777,0.1980392,-0.4137255,-0.0647059,-0.1588235,0.1862745,-0.3196078,0.1549020,-0.0333333,0.1627451,-0.1235294,0.1470588,-0.4647059,0.3666667,0.3980392,-0.3235294,0.2058824,0.1980392,-0.4137255,-0.0647059,-0.1588235,0.1862745,-0.3196078,0.1549020,-0.0333333,0.1627451,-0.1235294,0.1470588,-0.4647059,0.3666667,0.3980392,-0.3235294,0.2058824
80d986b3e1cb111b,0.0019608,0.3509804,0.0254902,0.2019608,0.3823529,0.2960784,-0.4333333,-0.3941176,-0.4294118,0.1549020,0.2843137,0.3196078,0.1901961,-0.0568627,-0.4882353,0.3196078,0.0019608,0.3509804,0.0254902,0.2019608,0.3823529,0.2960784,-0.4333333,-0.3941176,-0.4294118,0.1549020,0.2843137,0.3196078,0.1901961,-0.0568627,-0.4882353,0.3196078
42a61807da707825,-0.2411765,0.1509804,-0.4058824,-0.4725490,0.3549020,-0.0607843,-0.0294118,-0.3549020,0.3352941,0.0058824,-0.1470588,0.3705882,-0.4215686,-0.4450980,0.0176471,-0.3901961,-0.2411765,0.1509804,-0.4058824,-0.4725490,0.3549020,-0.0607843,-0.0294118,-0.3549020,0.3352941,0.0058824,-0.1470588,0.3705882,-0.4215686,-0.4450980,0.0176471,-0.3901961
09641a1a18c66dcb,-0.4647059,-0.1078431,-0.3980392,-0.3980392,-0.4058824,0.2764706,-0.0725490,0.2960784,-0.1313725,0.3549020,0.3470588,0.1509804,-0.2137255,0.4882353,-0.3117647,-0.1862745,-0.4647059,-0.1078431,-0.3980392,-0.3980392,-0.4058824,0.2764706,-0.0725490,0.2960784,-0.1313725,0.3549020,0.3470588,0.1509804,-0.2137255,0.4882353,-0.3117647,-0.1862745
d3f123fdd71567d6,0.3274510,0.4450980,-0.3627451,0.4921569,0.3431373,-0.4176471,-0.0960784,0.3392157,0.3509804,0.4568627,0.3431373,0.3392157,0.3274510,0.3666667,0.1509804,-0.1588235,0.3274510,0.4450980,-0.3627451,0.4921569,0.3431373,-0.4176471,-0.0960784,0.3392157,0.3509804,0.4568627,0.3431373,0.3392157,0.3274510,0.3666667,0.1509804,-0.1588235
884798aa5563a5af,0.0333333,-0.2215686,0.0960784,0.1666667,-0.1666667,-0.1117647,0.1470588,0.1862745,-0.4372549,-0.4882353,-0.3627451,-0.3823529,0.2019608,0.4137255,0.4254902,-0.1039216,0.0333333,-0.2215686,0.0960784,0.1666667,-0.1666667,-0.1117647,0.1470588,0.1862745,-0.4372549,-0.4882353,-0.3627451,-0.3823529,0.2019608,0.4137255,0.4254902,-0.1039216
54e6ccbb9ea5b8a2,-0.1705882,0.4019608,0.3000000,0.2333333,0.1196078,0.1470588,0.2215686,0.1352941,-0.2607843,-0.2725490,-0.0607843,0.1431373,0.4647059,-0.1627451,0.4686275,0.3470588,-0.1705882,0.4019608,0.3000000,0.2333333,0.1196078,0.1470588,0.2215686,0.1352941,-0.2607843,-0.2725490,-0.0607843,0.1431373,0.4647059,-0.1627451,0.4686275,0.3470588
ffae9204a5db8ea7,0.5000000,0.1823529,0.0725490,-0.4843137,0.1470588,0.3588235,0.0568627,0.1549020,0.0803922,-0.2490196,-0.4411765,0.0137255,-0.2490196,-0.3588235,-0.2137255,0.1352941,0.5000000,0.1823529,0.0725490,-0.4843137,0.1470588,0.3588235,0.0568627,0.1549020,0.0803922,-0.2490196,-0.4411765,0.0137255,-0.2490196,-0.3588235,-0.2137255,0.1352941
0cd60d5b5a95c8b1,-0.4529412,0.3392157,-0.4490196,-0.1431373,-0.1470588,0.0843137,0.2843137,0.1941176,0.3117647,0.0294118,-0.2647059,0.4882353,0.1117647,0.1235294,-0.2529412,-0.4215686,-0.4529412,0.3392157,-0.4490196,-0.1431373,-0.1470588,0.0843137,0.2843137,0.1941176,0.3117647,0.0294118,-0.2647059,0.4882353,0.1117647,0.1235294,-0.2529412,-0.4215686
55b2afd4ea27e672,-0.1666667,0.1980392,0.1862745,0.3313725,0.4176471,-0.3470588,0.4019608,-0.0529412,0.1745098,0.3000000,0.3431373,0.4372549,-0.2254902,-0.3313725,0.4607843,-0.2764706,-0.1666667,0.1980392,0.1862745,0.3313725,0.4176471,-0.3470588,0.4019608,-0.0529412,0.1745098,0.3000000,0.3431373,0.4372549,-0.2254902,-0.3313725,0.4607843,-0.2764706
7d68ff0254c071f2,-0.0098039,-0.0921569,0.5000000,-0.4921569,-0.1705882,0.2529412,-0.0568627,0.4490196,-0.3941176,0.4921569,0.1235294,0.0607843,0.1901961,0.2098039,0.0450980,0.1549020,-0.0098039,-0.0921569,0.5000000,-0.4921569,-0.1705882,0.2529412,-0.0568627,0.4490196,-0.3941176,0.4921569,0.1235294,0.0607843,0.1901961,0.2098039,0.0450980,0.1549020
3e905e0e00591b78,-0.2568627,0.0647059,-0.1313725,-0.4450980,-0.5000000,-0.1509804,-0.3941176,-0.0294118,0.0568627,0.0333333,-0.2411765,-0.1235294,0.1784314,0.1196078,-0.1705882,0.1431373,-0.2568627,0.0647059,-0.1313725,-0.4450980,-0.5000000,-0.1509804,-0.3941176,-0.0294118,0.0568627,0.0333333,-0.2411765,-0.1235294,0.1784314,0.1196078,-0.1705882,0.1431373
31d50a9fd251e2d5,-0.3078431,0.3352941,-0.4607843,0.1235294,0.3235294,-0.1823529,0.3862745,0.3352941,0.2176471,-0.3039216,-0.3509804,-0.0647059,-0.0215686,0.2019608,-0.0333333,0.4411765,-0.3078431,0.3352941,-0.4607843,0.1235294,0.3235294,-0.1823529,0.3862745,0.3352941,0.2176471,-0.3039216,-0.3509804,-0.0647059,-0.0215686,0.2019608,-0.0333333,0.4411765
3269f7d2440bbb30,-0.3039216,-0.0882353,0.4686275,0.3235294,-0.2333333,-0.4568627,0.2333333,-0.3117647,-0.0137255,-0.0058824,0.4372549,0.1509804,-0.1941176,-0.1784314,0.3745098,-0.4764706,-0.3039216,-0.0882353,0.4686275,0.3235294,-0.2333333,-0.4568627,0.2333333,-0.3117647,-0.0137255,-0.0058824,0.4372549,0.1509804,-0.1941176,-0.1784314,0.3745098,-0.4764706
b1161990c118c3c6,0.1941176,-0.4137255,-0.4019608,0.0647059,0.2568627,-0.4058824,0.2647059,0.2764706,-0.3509804,0.2568627,-0.3078431,0.1039216,-0.1431373,0.3196078,-0.1705882,-0.4725490,0.1941176,-0.4137255,-0.4019608,0.0647059,0.2568627,-0.4058824,0.2647059,0.2764706,-0.3509804,0.2568627,-0.3078431,0.1039216,-0.1431373,0.3196078,-0.1705882,-0.4725490
23c33893f6516083,-0.3627451,0.2647059,-0.2803922,0.0764706,0.4647059,-0.1823529,-0.1235294,0.0137255,-0.4058824,-0.2372549,0.2725490,-0.4686275,0.3392157,0.1509804,0.5000000,0.3039216,-0.3627451,0.2647059,-0.2803922,0.0764706,0.4647059,-0.1823529,-0.1235294,0.0137255,-0.4058824,-0.2372549,0.2725490,-0.4686275,0.3392157,0.1509804,0.5000000,0.3039216
0088a58cb44dd617,-0.5000000,0.0333333,0.1470588,0.0490196,0.2058824,-0.1980392,0.3392157,-0.4098039,0.2843137,-0.1627451,0.4215686,0.0607843,-0.4215686,-0.0686275,-0.4647059,-0.3627451,-0.5000000,0.0333333,0.1470588,0.0490196,0.2058824,-0.1980392,0.3392157,-0.4098039,0.2843137,-0.1627451,0.4215686,0.0607843,-0.4215686,-0.0686275,-0.4647059,-0.3627451
9ad16c9d289b8cef,0.1039216,0.3196078,-0.0764706,0.1156863,-0.3431373,0.1078431,0.0490196,0.4372549,-0.3431373,-0.2647059,0.3470588,-0.2764706,0.0764706,-0.3078431,-0.2294118,-0.1862745,0.1039216,0.3196078,-0.0764706,0.1156863,-0.3431373,0.1078431,0.0490196,0.4372549,-0.3431373,-0.2647059,0.3470588,-0.2764706,0.0764706,-0.3078431,-0.2294118,-0.1862745
3c557def3e7becf4,-0.2647059,-0.1666667,-0.0098039,0.4372549,-0.2568627,-0.0176471,0.4254902,0.4568627,0.2882353,0.1666667,-0.1431373,-0.1000000,0.1705882,0.0137255,-0.0960784,0.2098039,-0.2647059,-0.1666667,-0.0098039,0.4372549,-0.2568627,-0.0176471,0.4254902,0.4568627,0.2882353,0.1666667,-0.1431373,-0.1000000,0.1705882,0.0137255,-0.0960784,0.2098039
b19907ec852f2626,0.1941176,0.1000000,-0.4725490,0.4254902,0.0215686,-0.3156863,-0.3509804,-0.3509804,-0.3901961,-0.3509804,0.3705882,0.0215686,-0.4137255,-0.0607843,-0.4333333,-0.1156863,0.1941176,0.1000000,-0.4725490,0.4254902,0.0215686,-0.3156863,-0.3509804,-0.3509804,-0.3901961,-0.3509804,0.3705882,0.0215686,-0.4137255,-0.0607843,-0.4333333,-0.1156863
2305c59b391093f0,-0.3627451,-0.4803922,0.2725490,0.1078431,-0.2764706,-0.4372549,0.0764706,0.4411765,0.3078431,-0.2607843,0.3941176,0.2254902,0.2294118,0.2254902,0.2294118,0.4725490,-0.3627451,-0.4803922,0.2725490,0.1078431,-0.2764706,-0.4372549,0.0764706,0.4411765,0.3078431,-0.2607843,0.3941176,0.2254902,0.2294118,0.2254902,0.2294118,0.4725490
599bd4dd53f037e0,-0.1509804,0.1078431,0.3313725,0.3666667,-0.1745098,0.4411765,-0.2843137,0.3784314,-0.3666667,-0.3862745,-0.0176471,-0.4372549,-0.4803922,0.1156863,0.1705882,-0.2411765,-0.1509804,0.1078431,0.3313725,0.3666667,-0.1745098,0.4411765,-0.2843137,0.3784314,-0.3666667,-0.3862745,-0.0176471,-0.4372549,-0.4803922,0.1156863,0.1705882,-0.2411765
f479cc4a7e994f79,0.4568627,-0.0254902,0.3000000,-0.2098039,-0.0058824,0.1000000,-0.1901961,-0.0254902,-0.0921569,-0.3862745,0.2882353,0.1823529,-0.3431373,-0.0019608,0.3156863,0.2686275,0.4568627,-0.0254902,0.3000000,-0.2098039,-0.0058824,0.1000000,-0.1901961,-0.0254902,-0.0921569,-0.3862745,0.2882353,0.1823529,-0.3431373,-0.0019608,0.3156863,0.2686275
c545a9162947de59,0.2725490,-0.2294118,0.1627451,-0.4137255,-0.3392157,-0.2215686,0.3705882,-0.1509804,0.0686275,0.2529412,0.1156863,-0.1509804,0.0333333,-0.4137255,0.2411765,0.0725490,0.2725490,-0.2294118,0.1627451,-0.4137255,-0.3392157,-0.2215686,0.3705882,-0.1509804,0.0686275,0.2529412,0.1156863,-0.1509804,0.0333333,-0.4137255,0.2411765,0.0725490
7901c47d36b16c1f,-0.0254902,-0.4960784,0.2686275,-0.0098039,-0.2882353,0.1941176,-0.0764706,-0.3784314,0.1470588,0.2490196,-0.3901961,0.2372549,-0.1509804,0.0568627,0.1588235,0.0960784,-0.0254902,-0.4960784,0.2686275,-0.0098039,-0.2882353,0.1941176,-0.0764706,-0.3784314,0.1470588,0.2490196,-0.3901961,0.2372549,-0.1509804,0.0568627,0.1588235,0.0960784
630011e3dc1a003e,-0.1117647,-0.5000000,-0.4333333,0.3901961,0.3627451,-0.3980392,-0.5000000,-0.2568627,-0.1431373,0.3196078,-0.3470588,-0.1431373,0.3470588,0.4333333,-0.2725490,-0.1745098,-0.1117647,-0.5000000,-0.4333333,0.3901961,0.3627451,-0.3980392,-0.5000000,-0.2568627,-0.1431373,0.3196078,-0.3470588,-0.1431373,0.3470588,0.4333333,-0.2725490,-0.1745098
1ff5c5ae0c8d50b6,-0.3784314,0.4607843,0.2725490,0.1823529,-0.4529412,0.0529412,-0.1862745,0.2137255,0.3039216,-0.3431373,0.3549020,-0.0411765,0.0607843,-0.3039216,0.0215686,0.1470588,-0.3784314,0.4607843,0.2725490,0.1823529,-0.4529412,0.0529412,-0.1862745,0.2137255,0.3039216,-0.3431373,0.3549020,-0.0411765,0.0607843,-0.3039216,0.0215686,0.1470588
da98fa1e99f01466,0.3549020,0.0960784,0.4803922,-0.3823529,0.1000000,0.4411765,-0.4215686,-0.1000000,0.2960784,0.0098039,-0.0607843,0.3745098,0.1784314,-0.2843137,-0.1313725,0.2529412,0.3549020,0.0960784,0.4803922,-0.3823529,0.1000000,0.4411765,-0.4215686,-0.1000000,0.2960784,0.0098039,-0.0607843,0.3745098,0.1784314,-0.2843137,-0.1313725,0.2529412
9fa14fea6eddc724,0.1235294,0.1313725,-0.1901961,0.4176471,-0.0686275,0.3666667,0.2803922,-0.3588235,-0.0411765,-0.4215686,-0.3039216,0.1039216,0.2725490,0.1470588,0.0529412,0.1078431,0.1235294,0.1313725,-0.1901961,0.4176471,-0.0686275,0.3666667,0.2803922,-0.3588235,-0.0411765,-0.4215686,-0.3039216,0.1039216,0.2725490,0.1470588,0.0529412,0.1078431
b2d09c9fa75569fa,0.1980392,0.3156863,0.1117647,0.1235294,0.1549020,-0.1666667,-0.0882353,0.4803922,-0.4137255,-0.3274510,-0.1470588,-0.5000000,0.1313725,-0.1392157,-0.1588235,-0.1549020,0.1980392,0.3156863,0.1117647,0.1235294,0.1549020,-0.1666667,-0.0882353,0.4803922,-0.4137255,-0.3274510,-0.1470588,-0.5000000,0.1313725,-0.1392157,-0.1588235,-0.1549020
e47ec4d38a36a70c,0.3941176,-0.0058824,0.2686275,0.3274510,0.0411765,-0.2882353,0.1549020,-0.4529412,0.4098039,0.2843137,0.2254902,0.3117647,-0.0960784,0.0294118,-0.1000000,-0.1392157,0.3941176,-0.0058824,0.2686275,0.3274510,0.0411765,-0.2882353,0.1549020,-0.4529412,0.4098039,0.2843137,0.2254902,0.3117647,-0.0960784,0.0294118,-0.1000000,-0.1392157
ca4299e0a2dab984,0.2921569,-0.2411765,0.1000000,0.3784314,0.1352941,0.3549020,0.2254902,0.0176471,0.4058824,-0.0411765,-0.1823529,-0.1274510,0.0058824,-0.0058824,0.2568627,-0.0254902,0.2921569,-0.2411765,0.1000000,0.3784314,0.1352941,0.3549020,0.2254902,0.0176471,0.4058824,-0.0411765,-0.1823529,-0.1274510,0.0058824,-0.0058824,0.2568627,-0.0254902
5074eaa053962e43,-0.1862745,-0.0450980,0.4176471,0.1274510,-0.1745098,0.0882353,-0.3196078,-0.2372549,0.3274510,-0.1745098,0.3000000,-0.3941176,0.0607843,-0.1941176,-0.3039216,-0.1823529,-0.1862745,-0.0450980,0.4176471,0.1274510,-0.1745098,0.0882353,-0.3196078,-0.2372549,0.3274510,-0.1745098,0.3000000,-0.3941176,0.0607843,-0.1941176,-0.3039216,-0.1823529
b9db117dba06835e,0.2254902,0.3588235,-0.4333333,-0.0098039,0.2294118,-0.4764706,0.0137255,-0.1313725,-0.4529412,0.0019608,0.0960784,-0.0960784,0.3352941,0.3313725,0.4607843,-0.4607843,0.2254902,0.3588235,-0.4333333,-0.0098039,0.2294118,-0.4764706,0.0137255,-0.1313725,-0.4529412,0.0019608,0.0960784,-0.0960784,0.3352941,0.3313725,0.4607843,-0.4607843
4501f5ef59ce2563,-0.2294118,-0.4960784,0.4607843,0.4372549,-0.1509804,0.3078431,-0.3549020,-0.1117647,0.1352941,0.4450980,-0.3666667,0.3823529,-0.0803922,-0.1627451,-0.3196078,-0.3980392,-0.2294118,-0.4960784,0.4607843,0.4372549,-0.1509804,0.3078431,-0.3549020,-0.1117647,0.1352941,0.4450980,-0.3666667,0.3823529,-0.0803922,-0.1627451,-0.3196078,-0.3980392
5cb2be0de0b79028,-0.1392157,0.1980392,0.2450980,-0.4490196,0.3784314,0.2176471,0.0647059,-0.3431373,0.1196078,0.2960784,0.3941176,-0.4686275,-0.1274510,-0.4960784,0.4372549,-0.2411765,-0.1392157,0.1980392,0.2450980,-0.4490196,0.3784314,0.2176471,0.0647059,-0.3431373,0.1196078,0.2960784,0.3941176,-0.4686275,-0.1274510,-0.4960784,0.4372549,-0.2411765
37b74d024603b869,-0.2843137,0.2176471,-0.1980392,-0.4921569,-0.2254902,-0.4882353,0.2215686,-0.0882353,-0.0647059,0.1000000,-0.2647059,0.1588235,-0.1274510,0.2215686,-0.2176471,0.0176471,-0.2843137,0.2176471,-0.1980392,-0.4921569,-0.2254902,-0.4882353,0.2215686,-0.0882353,-0.0647059,0.1000000,-0.2647059,0.1588235,-0.1274510,0.2215686,-0.2176471,0.0176471
e9626f90dc6b2892,0.4137255,-0.1156863,-0.0647059,0.0647059,0.3627451,-0.0803922,-0.3431373,0.0725490,-0.0019608,-0.3627451,-0.0176471,-0.1941176,0.1588235,-0.2137255,-0.3117647,0.0725490,0.4137255,-0.1156863,-0.0647059,0.0647059,0.3627451,-0.0803922,-0.3431373,0.0725490,-0.0019608,-0.3627451,-0.0176471,-0.1941176,0.1588235,-0.2137255,-0.3117647,0.0725490
725a450d8a132174,-0.0529412,-0.1470588,-0.2294118,-0.4490196,0.0411765,-0.4254902,-0.3705882,-0.0450980,0.3784314,-0.1509804,0.3470588,0.0411765,-0.2411765,0.1509804,0.3235294,-0.1392157,-0.0529412,-0.1470588,-0.2294118,-0.4490196,0.0411765,-0.4254902,-0.3705882,-0.0450980,0.3784314,-0.1509804,0.3470588,0.0411765,-0.2411765,0.1509804,0.3235294,-0.1392157
7ec35a7b09b8764d,-0.0058824,0.2647059,-0.1470588,-0.0176471,-0.4647059,0.2215686,-0.0372549,-0.1980392,0.3039216,-0.2529412,0.2294118,-0.1352941,0.3862745,-0.1000000,0.1274510,0.3431373,-0.0058824,0.2647059,-0.1470588,-0.0176471,-0.4647059,0.2215686,-0.0372549,-0.1980392,0.3039216,-0.2529412,0.2294118,-0.1352941,0.3862745,-0.1000000,0.1274510,0.3431373
0c0f6094282e3eff,-0.4529412,-0.4411765,-0.1235294,0.0803922,-0.3431373,-0.3196078,-0.2568627,0.5000000,-0.3509804,0.3235294,0.0019608,-0.4294118,0.4411765,0.4568627,0.1000000,-0.5000000,-0.4529412,-0.4411765,-0.1235294,0.0803922,-0.3431373,-0.3196078,-0.2568627,0.5000000,-0.3509804,0.3235294,0.0019608,-0.4294118,0.4411765,0.4568627,0.1000000,-0.5000000
a04868138fe2b1a7,0.1274510,-0.2176471,-0.0921569,-0.4254902,0.0607843,0.3862745,0.1941176,0.1549020,0.3509804,0.0019608,-0.4960784,-0.3470588,-0.4764706,0.4843137,0.1156863,0.4686275,0.1274510,-0.2176471,-0.0921569,-0.4254902,0.0607843,0.3862745,0.1941176,0.1549020,0.3509804,0.0019608,-0.4960784,-0.3470588,-0.4764706,0.4843137,0.1156863,0.4686275
0e7885408fcbf1ec,-0.4450980,-0.0294118,0.0215686,-0.2490196,0.0607843,0.2960784,0.4450980,0.4254902,-0.0960784,-0.0450980,0.1980392,-0.0764706,-0.2607843,-0.0960784,-0.5000000,-0.4019608,-0.4450980,-0.0294118,0.0215686,-0.2490196,0.0607843,0.2960784,0.4450980,0.4254902,-0.0960784,-0.0450980,0.1980392,-0.0764706,-0.2607843,-0.0960784,-0.5000000,-0.4019608
f97c1dc8a24bb4fb,0.4764706,-0.0137255,-0.3862745,0.2843137,0.1352941,-0.2058824,0.2058824,0.4843137,0.3470588,0.2254902,-0.4019608,0.0215686,-0.2490196,0.2058824,-0.0686275,0.3745098,0.4764706,-0.0137255,-0.3862745,0.2843137,0.1352941,-0.2058824,0.2058824,0.4843137,0.3470588,0.2254902,-0.4019608,0.0215686,-0.2490196,0.2058824,-0.0686275,0.3745098
fc014b6bf97e812f,0.4882353,-0.4960784,-0.2058824,-0.0803922,0.4764706,-0.0058824,0.0058824,-0.3156863,0.1705882,0.3705882,0.3627451,0.0725490,0.2686275,0.1196078,-0.4450980,0.0647059,0.4882353,-0.4960784,-0.2058824,-0.0803922,0.4764706,-0.0058824,0.0058824,-0.3156863,0.1705882,0.3705882,0.3627451,0.0725490,0.2686275,0.1196078,-0.4450980,0.0647059
a6d32ae13ea23e43,0.1509804,0.3274510,-0.3352941,0.3823529,-0.2568627,0.1352941,-0.2568627,-0.2372549,-0.2921569,-0.4607843,0.1117647,0.4372549,-0.1784314,0.1078431,0.3980392,0.0568627,0.1509804,0.3274510,-0.3352941,0.3823529,-0.2568627,0.1352941,-0.2568627,-0.2372549,-0.2921569,-0.4607843,0.1117647,0.4372549,-0.1784314,0.1078431,0.3980392,0.0568627
8e10199a63b132af,0.0568627,-0.4372549,-0.4019608,0.1039216,-0.1117647,0.1941176,-0.3039216,0.1862745,-0.0176471,0.4176471,0.1627451,-0.3784314,0.3862745,-0.2843137,0.4019608,0.1039216,0.0568627,-0.4372549,-0.4019608,0.1039216,-0.1117647,0.1941176,-0.3039216,0.1862745,-0.0176471,0.4176471,0.1627451,-0.3784314,0.3862745,-0.2843137,0.4019608,0.1039216
0dfb04439e99d052,-0.4490196,0.4843137,-0.4843137,-0.2372549,0.1196078,0.1000000,0.3156863,-0.1784314,-0.3627451,-0.0921569,0.0019608,-0.2137255,0.3941176,0.4058824,0.0882353,-0.2019608,-0.4490196,0.4843137,-0.4843137,-0.2372549,0.1196078,0.1000000,0.3156863,-0.1784314,-0.3627451,-0.0921569,0.0019608,-0.2137255,0.3941176,0.4058824,0.0882353,-0.2019608
13d6df1d046933de,-0.4254902,0.3392157,0.3745098,-0.3862745,-0.4843137,-0.0882353,-0.3000000,0.3705882,-0.3352941,0.2176471,0.4098039,0.0686275,-0.1549020,0.2372549,-0.1313725,-0.3941176,-0.4254902,0.3392157,0.3745098,-0.3862745,-0.4843137,-0.0882353,-0.3000000,0.3705882,-0.3352941,0.2176471,0.4098039,0.0686275,-0.1549020,0.2372549,-0.1313725,-0.3941176
ce8d6dd8e4972d93,0.3078431,0.0529412,-0.0725490,0.3470588,0.3941176,0.0921569,-0.3235294,0.0764706,0.3705882,-0.1078431,-0.0803922,0.2490196,0.0372549,-0.2333333,0.0725490,-0.1352941,0.3078431,0.0529412,-0.0725490,0.3470588,0.3941176,0.0921569,-0.3235294,0.0764706,0.3705882,-0.1078431,-0.0803922,0.2490196,0.0372549,-0.2333333,0.0725490,-0.1352941
fe39e2cd40ee67c1,0.4960784,-0.2764706,0.3862745,0.3039216,-0.2490196,0.4333333,-0.0960784,0.2568627,0.4490196,-0.3784314,-0.2372549,0.0450980,0.4372549,-0.1549020,0.3784314,-0.3666667,0.4960784,-0.2764706,0.3862745,0.3039216,-0.2490196,0.4333333,-0.0960784,0.2568627,0.4490196,-0.3784314,-0.2372549,0.0450980,0.4372549,-0.1549020,0.3784314,-0.3666667
523990c40d4814f8,-0.1784314,-0.2764706,0.0647059,0.2686275,-0.4490196,-0.2176471,-0.4215686,0.4725490,-0.2960784,-0.0254902,0.1117647,-0.0960784,-0.2176471,0.4058824,0.2215686,0.3941176,-0.1784314,-0.2764706,0.0647059,0.2686275,-0.4490196,-0.2176471,-0.4215686,0.4725490,-0.2960784,-0.0254902,0.1117647,-0.0960784,-0.2176471,0.4058824,0.2215686,0.3941176
6960be4014482589,-0.0882353,-0.1235294,0.2450980,-0.2490196,-0.4215686,-0.2176471,-0.3549020,0.0372549,0.3313725,-0.4607843,-0.3039216,-0.0450980,-0.1666667,0.0843137,-0.1078431,0.2607843,-0.0882353,-0.1235294,0.2450980,-0.2490196,-0.4215686,-0.2176471,-0.3549020,0.0372549,0.3313725,-0.4607843,-0.3039216,-0.0450980,-0.1666667,0.0843137,-0.1078431,0.2607843
36b9ea00dc6383a1,-0.2882353,0.2254902,0.4176471,-0.5000000,0.3627451,-0.1117647,0.0137255,0.1313725,0.0843137,0.2686275,-0.0215686,-0.0490196,-0.2058824,-0.2529412,0.4607843,0.2215686,-0.2882353,0.2254902,0.4176471,-0.5000000,0.3627451,-0.1117647,0.0137255,0.1313725,0.0843137,0.2686275,-0.0215686,-0.0490196,-0.2058824,-0.2529412,0.4607843,0.2215686
08bce1e6b2e45b6c,-0.4686275,0.2372549,0.3823529,0.4019608,0.1980392,0.3941176,-0.1431373,-0.0764706,-0.3627451,0.4568627,-0.3156863,0.2568627,0.0176471,0.3745098,0.3235294,-0.4529412,-0.4686275,0.2372549,0.3823529,0.4019608,0.1980392,0.3941176,-0.1431373,-0.0764706,-0.3627451,0.4568627,-0.3156863,0.2568627,0.0176471,0.3745098,0.3235294,-0.4529412
d07d0a9eeae6811b,0.3156863,-0.0098039,-0.4607843,0.1196078,0.4176471,0.4019608,0.0058824,-0.3941176,-0.3470588,0.0058824,-0.0568627,-0.0372549,0.4960784,-0.2607843,0.1156863,0.1980392,0.3156863,-0.0098039,-0.4607843,0.1196078,0.4176471,0.4019608,0.0058824,-0.3941176,-0.3470588,0.0058824,-0.0568627,-0.0372549,0.4960784,-0.2607843,0.1156863,0.1980392
47e687731c8b07c8,-0.2215686,0.4019608,0.0294118,-0.0490196,-0.3901961,0.0450980,-0.4725490,0.2843137,-0.4019608,0.4686275,0.0490196,-0.1392157,-0.0960784,0.3862745,-0.4294118,0.3745098,-0.2215686,0.4019608,0.0294118,-0.0490196,-0.3901961,0.0450980,-0.4725490,0.2843137,-0.4019608,0.4686275,0.0490196,-0.1392157,-0.0960784,0.3862745,-0.4294118,0.3745098
6f432b1b56d688ad,-0.0647059,-0.2372549,-0.3313725,-0.3941176,-0.1627451,0.3392157,0.0333333,0.1784314,-0.2254902,0.3627451,0.4921569,0.2764706,-0.4411765,0.0254902,0.2450980,0.4686275,-0.0647059,-0.2372549,-0.3313725,-0.3941176,-0.1627451,0.3392157,0.0333333,0.1784314,-0.2254902,0.3627451,0.4921569,0.2764706,-0.4411765,0.0254902,0.2450980,0.4686275
6ebaca5e95897d74,-0.0686275,0.2294118,0.2921569,-0.1313725,0.0843137,0.0372549,-0.0098039,-0.0450980,-0.1705882,0.0607843,0.3705882,0.0019608,0.0294118,0.3392157,-0.0568627,-0.4882353,-0.0686275,0.2294118,0.2921569,-0.1313725,0.0843137,0.0372549,-0.0098039,-0.0450980,-0.1705882,0.0607843,0.3705882,0.0019608,0.0294118,0.3392157,-0.0568627,-0.4882353
75414ffd2883b220,-0.0411765,-0.2450980,-0.1901961,0.4921569,-0.3431373,0.0137255,0.1980392,-0.3745098,-0.3078431,0.4764706,-0.3705882,-0.1274510,0.1117647,-0.2450980,0.4960784,0.4058824,-0.0411765,-0.2450980,-0.1901961,0.4921569,-0.3431373,0.0137255,0.1980392,-0.3745098,-0.3078431,0.4764706,-0.3705882,-0.1274510,0.1117647,-0.2450980,0.4960784,0.4058824
eb1e53b73d1e43ee,0.4215686,-0.3823529,-0.1745098,0.2176471,-0.2607843,-0.3823529,-0.2372549,0.4333333,0.0803922,-0.2411765,0.2686275,0.4843137,0.4333333,-0.4372549,0.3745098,-0.2960784,0.4215686,-0.3823529,-0.1745098,0.2176471,-0.2607843,-0.3823529,-0.2372549,0.4333333,0.0803922,-0.2411765,0.2686275,0.4843137,0.4333333,-0.4372549,0.3745098,-0.2960784
f492157e429132a6,0.4568627,0.0725490,-0.4176471,-0.0058824,-0.2411765,0.0686275,-0.3039216,0.1509804,-0.4529412,0.0843137,-0.4333333,-0.2450980,0.2568627,-0.1078431,0.1941176,0.3784314,0.4568627,0.0725490,-0.4176471,-0.0058824,-0.2411765,0.0686275,-0.3039216,0.1509804,-0.4529412,0.0843137,-0.4333333,-0.2450980,0.2568627,-0.1078431,0.1941176,0.3784314
62c0e3bfe1fea3f7,-0.1156863,0.2529412,0.3901961,0.2490196,0.3823529,0.4960784,0.1392157,0.4686275,-0.2098039,0.1862745,-0.1078431,-0.1235294,-0.4607843,0.1313725,0.2803922,0.0725490,-0.1156863,0.2529412,0.3901961,0.2490196,0.3823529,0.4960784,0.1392157,0.4686275,-0.2098039,0.1862745,-0.1078431,-0.1235294,-0.4607843,0.1313725,0.2803922,0.0725490
aa3cbe7af7a939e7,0.1666667,-0.2647059,0.2450980,-0.0215686,0.4686275,0.1627451,-0.2764706,0.4058824,0.1627451,0.3941176,0.4372549,-0.0921569,0.2058824,-0.1901961,0.4647059,0.3313725,0.1666667,-0.2647059,0.2450980,-0.0215686,0.4686275,0.1627451,-0.2764706,0.4058824,0.1627451,0.3941176,0.4372549,-0.0921569,0.2058824,-0.1901961,0.4647059,0.3313725
4c9eaa3347383782,-0.2019608,0.1196078,0.1666667,-0.3000000,-0.2215686,-0.2803922,-0.2843137,0.0098039,0.1274510,0.4647059,-0.1078431,0.4960784,0.1470588,0.4960784,0.1823529,0.2686275,-0.2019608,0.1196078,0.1666667,-0.3000000,-0.2215686,-0.2803922,-0.2843137,0.0098039,0.1274510,0.4647059,-0.1078431,0.4960784,0.1470588,0.4960784,0.1823529,0.2686275
5f1812ac197d45c8,-0.1274510,-0.4058824,-0.4294118,0.1745098,-0.4019608,-0.0098039,-0.2294118,0.2843137,0.3745098,0.3705882,-0.4254902,-0.2921569,-0.3941176,-0.0803922,-0.2215686,0.3117647,-0.1274510,-0.4058824,-0.4294118,0.1745098,-0.4019608,-0.0098039,-0.2294118,0.2843137,0.3745098,0.3705882,-0.4254902,-0.2921569,-0.3941176,-0.0803922,-0.2215686,0.3117647
5a091d22469226f6,-0.1470588,-0.4647059,-0.3862745,-0.3666667,-0.2254902,0.0725490,-0.3509804,0.4647059,-0.1117647,0.4176471,-0.1509804,-0.4137255,0.0803922,-0.0411765,0.3078431,-0.2098039,-0.1470588,-0.4647059,-0.3862745,-0.3666667,-0.2254902,0.0725490,-0.3509804,0.4647059,-0.1117647,0.4176471,-0.1509804,-0.4137255,0.0803922,-0.0411765,0.3078431,-0.2098039
0a15fca69ae23a13,-0.4607843,-0.4176471,0.4882353,0.1509804,0.1039216,0.3862745,-0.2725490,-0.4254902,0.4490196,-0.1549020,0.4607843,-0.1588235,0.4098039,-0.3039216,0.0294118,0.0960784,-0.4607843,-0.4176471,0.4882353,0.1509804,0.1039216,0.3862745,-0.2725490,-0.4254902,0.4490196,-0.1549020,0.4607843,-0.1588235,0.4098039,-0.3039216,0.0294118,0.0960784
e0047fcaf8ee1e7b,0.3784314,-0.4843137,-0.0019608,0.2921569,0.4725490,0.4333333,-0.3823529,-0.0176471,0.3549020,0.3941176,-0.4960784,0.5000000,0.5000000,0.2568627,0.3352941,0.1352941,0.3784314,-0.4843137,-0.0019608,0.2921569,0.4725490,0.4333333,-0.3823529,-0.0176471,0.3549020,0.3941176,-0.4960784,0.5000000,0.5000000,0.2568627,0.3352941,0.1352941
d5c5c9b3398b36b3,0.3352941,0.2725490,0.2882353,0.2019608,-0.2764706,0.0450980,-0.2882353,0.2019608,0.1392157,-0.4686275,0.3078431,0.0372549,0.3784314,0.0098039,0.3078431,0.3627451,0.3352941,0.2725490,0.2882353,0.2019608,-0.2764706,0.0450980,-0.2882353,0.2019608,0.1392157,-0.4686275,0.3078431,0.0372549,0.3784314,0.0098039,0.3078431,0.3627451
20b53a4c7d6136cc,-0.3745098,0.2098039,-0.2725490,-0.2019608,-0.0098039,-0.1196078,-0.2882353,0.3000000,-0.1313725,0.2098039,0.0960784,0.0098039,0.4215686,-0.4921569,-0.4686275,0.4647059,-0.3745098,0.2098039,-0.2725490,-0.2019608,-0.0098039,-0.1196078,-0.2882353,0.3000000,-0.1313725,0.2098039,0.0960784,0.0098039,0.4215686,-0.4921569,-0.4686275,0.4647059
868588f40c20c76a,0.0254902,0.0215686,0.0333333,0.4568627,-0.4529412,-0.3745098,0.2803922,-0.0843137,-0.0647059,-0.0686275,-0.4490196,-0.3901961,-0.1980392,-0.0254902,-0.0647059,-0.4058824,0.0254902,0.0215686,0.0333333,0.4568627,-0.4529412,-0.3745098,0.2803922,-0.0843137,-0.0647059,-0.0686275,-0.4490196,-0.3901961,-0.1980392,-0.0254902,-0.0647059,-0.4058824
dbfbcc6e26af76ae,0.3588235,0.4843137,0.3000000,-0.0686275,-0.3509804,0.1862745,-0.0372549,0.1823529,-0.1627451,-0.3588235,-0.2686275,0.4686275,0.3274510,-0.0019608,0.1196078,0.1000000,0.3588235,0.4843137,0.3000000,-0.0686275,-0.3509804,0.1862745,-0.0372549,0.1823529,-0.1627451,-0.3588235,-0.2686275,0.4686275,0.3274510,-0.0019608,0.1196078,0.1000000
3ed849af2a9fce53,-0.2568627,0.3470588,-0.2137255,0.1862745,-0.3352941,0.1235294,0.3078431,-0.1745098,0.1941176,-0.2098039,0.2254902,0.2254902,-0.0647059,0.2607843,0.0607843,-0.2254902,-0.2568627,0.3470588,-0.2137255,0.1862745,-0.3352941,0.1235294,0.3078431,-0.1745098,0.1941176,-0.2098039,0.2254902,0.2254902,-0.0647059,0.2607843,0.0607843,-0.2254902
88bf554d7f1da958,0.0333333,0.2490196,-0.1666667,-0.1980392,-0.0019608,-0.3862745,0.1627451,-0.1549020,-0.0372549,-0.0411765,-0.1313725,0.2372549,-0.4333333,0.0764706,0.3549020,0.3509804,0.0333333,0.2490196,-0.1666667,-0.1980392,-0.0019608,-0.3862745,0.1627451,-0.1549020,-0.0372549,-0.0411765,-0.1313725,0.2372549,-0.4333333,0.0764706,0.3549020,0.3509804
fd77b1c503707440,0.4921569,-0.0333333,0.1941176,0.2725490,-0.4882353,-0.0607843,-0.0450980,-0.2490196,0.1509804,-0.4607843,0.3392157,0.3941176,0.0137255,0.1941176,-0.0058824,-0.3588235,0.4921569,-0.0333333,0.1941176,0.2725490,-0.4882353,-0.0607843,-0.0450980,-0.2490196,0.1509804,-0.4607843,0.3392157,0.3941176,0.0137255,0.1941176,-0.0058824,-0.3588235
e7cb744a73153cba,0.4058824,0.2960784,-0.0450980,-0.2098039,-0.0490196,-0.4176471,-0.2647059,0.2294118,0.0725490,0.1313725,0.2098039,-0.2529412,0.1235294,-0.1784314,0.1313725,-0.3274510,0.4058824,0.2960784,-0.0450980,-0.2098039,-0.0490196,-0.4176471,-0.2647059,0.2294118,0.0725490,0.1313725,0.2098039,-0.2529412,0.1235294,-0.1784314,0.1313725,-0.3274510
ad77b0901fb33b63,0.1784314,-0.0333333,0.1901961,0.0647059,-0.3784314,0.2019608,-0.2686275,-0.1117647,-0.4607843,-0.3627451,0.2411765,-0.1235294,-0.4254902,0.4411765,-0.4098039,-0.1431373,0.1784314,-0.0333333,0.1901961,0.0647059,-0.3784314,0.2019608,-0.2686275,-0.1117647,-0.4607843,-0.3627451,0.2411765,-0.1235294,-0.4254902,0.4411765,-0.4098039,-0.1431373
18bf127b331afa09,-0.4058824,0.2490196,-0.4294118,-0.0176471,-0.3000000,-0.3980392,0.4803922,-0.4647059,0.2568627,0.0176471,-0.1980392,0.2960784,-0.3313725,0.4333333,0.1156863,0.3196078,-0.4058824,0.2490196,-0.4294118,-0.0176471,-0.3000000,-0.3980392,0.4803922,-0.4647059,0.2568627,0.0176471,-0.1980392,0.2960784,-0.3313725,0.4333333,0.1156863,0.3196078
d37a0287fa809cb4,0.3274510,-0.0215686,-0.4921569,0.0294118,0.4803922,0.0019608,0.1117647,0.2058824,0.4921569,0.2843137,-0.1823529,-0.0843137,0.3470588,-0.3980392,0.4843137,0.3156863,0.3274510,-0.0215686,-0.4921569,0.0294118,0.4803922,0.0019608,0.1117647,0.2058824,0.4921569,0.2843137,-0.1823529,-0.0843137,0.3470588,-0.3980392,0.4843137,0.3156863
839ade7c78d72bd1,0.0137255,0.1039216,0.3705882,-0.0137255,-0.0294118,0.3431373,-0.3313725,0.3196078,0.1392157,0.4803922,0.3901961,-0.3117647,-0.1666667,-0.0686275,0.3039216,-0.3352941,0.0137255,0.1039216,0.3705882,-0.0137255,-0.0294118,0.3431373,-0.3313725,0.3196078,0.1392157,0.4803922,0.3901961,-0.3117647,-0.1666667,-0.0686275,0.3039216,-0.3352941
29d836ca59b65b83,-0.3392157,0.3470588,-0.2882353,0.2921569,-0.1509804,0.2137255,-0.1431373,0.0137255,-0.0254902,-0.2137255,-0.1705882,-0.4921569,0.1980392,0.1313725,0.0568627,0.0058824,-0.3392157,0.3470588,-0.2882353,0.2921569,-0.1509804,0.2137255,-0.1431373,0.0137255,-0.0254902,-0.2137255,-0.1705882,-0.4921569,0.1980392,0.1313725,0.0568627,0.0058824
1c93f792704217db,-0.3901961,0.0764706,0.4686275,0.0725490,-0.0607843,-0.2411765,-0.4098039,0.3588235,-0.1588235,-0.1470588,-0.2176471,-0.4921569,0.0294118,-0.0333333,0.1196078,0.1313725,-0.3901961,0.0764706,0.4686275,0.0725490,-0.0607843,-0.2411765,-0.4098039,0.3588235,-0.1588235,-0.1470588,-0.2176471,-0.4921569,0.0294118,-0.0333333,0.1196078,0.1313725
d4c1e318b45ec243,0.3313725,0.2568627,0.3901961,-0.4058824,0.2058824,-0.1313725,0.2607843,-0.2372549,0.2490196,-0.4098039,-0.3117647,0.2137255,-0.2921569,0.2882353,0.4333333,0.0882353,0.3313725,0.2568627,0.3901961,-0.4058824,0.2058824,-0.1313725,0.2607843,-0.2372549,0.2490196,-0.4098039,-0.3117647,0.2137255,-0.2921569,0.2882353,0.4333333,0.0882353
19a7f0114af6e890,-0.4019608,0.1549020,0.4411765,-0.4333333,-0.2098039,0.4647059,0.4098039,0.0647059,0.4058824,0.2098039,-0.2058824,0.3431373,-0.4725490,0.4686275,0.3274510,0.0686275,-0.4019608,0.1549020,0.4411765,-0.4333333,-0.2098039,0.4647059,0.4098039,0.0647059,0.4058824,0.2098039,-0.2058824,0.3431373,-0.4725490,0.4686275,0.3274510,0.0686275
429ae8835417e809,-0.2411765,0.1039216,0.4098039,0.0137255,-0.1705882,-0.4098039,0.4098039,-0.4647059,0.1431373,0.1627451,-0.0843137,0.2215686,-0.3862745,0.3392157,0.2490196,-0.1980392,-0.2411765,0.1039216,0.4098039,0.0137255,-0.1705882,-0.4098039,0.4098039,-0.4647059,0.1431373,0.1627451,-0.0843137,0.2215686,-0.3862745,0.3392157,0.2490196,-0.1980392
f3521884a33d5448,0.4529412,-0.1784314,-0.4058824,0.0176471,0.1392157,-0.2607843,-0.1705882,-0.2176471,-0.2764706,-0.3509804,0.4294118,-0.1980392,0.0137255,-0.4450980,0.3235294,0.1039216,0.4529412,-0.1784314,-0.4058824,0.0176471,0.1392157,-0.2607843,-0.1705882,-0.2176471,-0.2764706,-0.3509804,0.4294118,-0.1980392,0.0137255,-0.4450980,0.3235294,0.1039216
bf96419ac5b5f3cc,0.2490196,0.0882353,-0.2450980,0.1039216,0.2725490,0.2098039,0.4529412,0.3000000,0.2137255,-0.3431373,-0.3196078,0.1274510,-0.3196078,0.0294118,-0.4333333,-0.2019608,0.2490196,0.0882353,-0.2450980,0.1039216,0.2725490,0.2098039,0.4529412,0.3000000,0.2137255,-0.3431373,-0.3196078,0.1274510,-0.3196078,0.0294118,-0.4333333,-0.2019608
43987a2117afa7b8,-0.2372549,0.0960784,-0.0215686,-0.3705882,-0.4098039,0.1862745,0.1549020,0.2215686,0.1196078,0.2725490,-0.1313725,-0.0372549,-0.4176471,0.2725490,-0.0450980,-0.0882353,-0.2372549,0.0960784,-0.0215686,-0.3705882,-0.4098039,0.1862745,0.1549020,0.2215686,0.1196078,0.2725490,-0.1313725,-0.0372549,-0.4176471,0.2725490,-0.0450980,-0.0882353
470a0d45cff28f3f,-0.2215686,-0.4607843,-0.4490196,-0.2294118,0.3117647,0.4490196,0.0607843,-0.2529412,-0.2137255,-0.0529412,0.4098039,0.1235294,-0.4490196,-0.2450980,0.2411765,0.2372549,-0.2215686,-0.4607843,-0.4490196,-0.2294118,0.3117647,0.4490196,0.0607843,-0.2529412,-0.2137255,-0.0529412,0.4098039,0.1235294,-0.4490196,-0.2450980,0.2411765,0.2372549
7c8fdbbe24ca98d6,-0.0137255,0.0607843,0.3588235,0.2450980,-0.3588235,0.2921569,0.0960784,0.3392157,-0.0843137,0.2019608,0.2843137,-0.0294118,0.4607843,-0.1823529,0.3588235,-0.1705882,-0.0137255,0.0607843,0.3588235,0.2450980,-0.3588235,0.2921569,0.0960784,0.3392157,-0.0843137,0.2019608,0.2843137,-0.0294118,0.4607843,-0.1823529,0.3588235,-0.1705882
e342f37bea37386d,0.3901961,-0.2411765,0.4529412,-0.0176471,0.4176471,-0.2843137,-0.2803922,-0.0725490,-0.2725490,-0.0215686,0.3980392,0.3431373,0.4921569,-0.3823529,0.2647059,-0.0098039,0.3901961,-0.2411765,0.4529412,-0.0176471,0.4176471,-0.2843137,-0.2803922,-0.0725490,-0.2725490,-0.0215686,0.3980392,0.3431373,0.4921569,-0.3823529,0.2647059,-0.0098039
5dbdcd92d27ebe2b,-0.1352941,0.2411765,0.3039216,0.0725490,0.3235294,-0.0058824,0.2450980,-0.3313725,0.1392157,-0.3235294,0.3823529,-0.0176471,-0.0490196,-0.1980392,0.4607843,0.2960784,-0.1352941,0.2411765,0.3039216,0.0725490,0.3235294,-0.0058824,0.2450980,-0.3313725,0.1392157,-0.3235294,0.3823529,-0.0176471,-0.0490196,-0.1980392,0.4607843,0.2960784
dfcf087cf77fb10d,0.3745098,0.3117647,-0.4686275,-0.0137255,0.4686275,-0.0019608,0.1941176,-0.4490196,-0.0921569,0.2843137,0.2921569,-0.1392157,0.2647059,0.3862745,-0.0058824,-0.4098039,0.3745098,0.3117647,-0.4686275,-0.0137255,0.4686275,-0.0019608,0.1941176,-0.4490196,-0.0921569,0.2843137,0.2921569,-0.1392157,0.2647059,0.3862745,-0.0058824,-0.4098039
dcd6d91cd889aab4,0.3627451,0.3392157,0.3509804,-0.3901961,0.3470588,0.0372549,0.1666667,0.2058824,-0.3705882,-0.0098039,-0.0254902,-0.1745098,-0.0372549,0.2647059,-0.3470588,-0.0921569,0.3627451,0.3392157,0.3509804,-0.3901961,0.3470588,0.0372549,0.1666667,0.2058824,-0.3705882,-0.0098039,-0.0254902,-0.1745098,-0.0372549,0.2647059,-0.3470588,-0.0921569
bed4fa24fd196402,0.2450980,0.3313725,0.4803922,-0.3588235,0.4921569,-0.4019608,-0.1078431,-0.4921569,-0.4803922,-0.1392157,0.0098039,0.4725490,0.1352941,-0.4725490,0.2607843,0.2843137,0.2450980,0.3313725,0.4803922,-0.3588235,0.4921569,-0.4019608,-0.1078431,-0.4921569,-0.4803922,-0.1392157,0.0098039,0.4725490,0.1352941,-0.4725490,0.2607843,0.2843137
0ab5c4b7b279fe2c,-0.4607843,0.2098039,0.2686275,0.2176471,0.1980392,-0.0254902,0.4960784,-0.3274510,0.4725490,-0.1392157,-0.1000000,-0.1431373,-0.3470588,-0.2882353,-0.4882353,-0.1784314,-0.4607843,0.2098039,0.2686275,0.2176471,0.1980392,-0.0254902,0.4960784,-0.3274510,0.4725490,-0.1392157,-0.1000000,-0.1431373,-0.3470588,-0.2882353,-0.4882353,-0.1784314
f98d22c13fb36f89,0.4764706,0.0529412,-0.3666667,0.2568627,-0.2529412,0.2019608,-0.0647059,0.0372549,-0.2019608,-0.4019608,0.4490196,0.0215686,0.4098039,-0.3705882,-0.3509804,-0.4058824,0.4764706,0.0529412,-0.3666667,0.2568627,-0.2529412,0.2019608,-0.0647059,0.0372549,-0.2019608,-0.4019608,0.4490196,0.0215686,0.4098039,-0.3705882,-0.3509804,-0.4058824
3d4e3b95ae5bac47,-0.2607843,-0.1941176,-0.2686275,0.0843137,0.1823529,-0.1431373,0.1745098,-0.2215686,0.2764706,0.3274510,-0.2803922,0.1117647,-0.1745098,0.4058824,0.3392157,0.1039216,-0.2607843,-0.1941176,-0.2686275,0.0843137,0.1823529,-0.1431373,0.1745098,-0.2215686,0.2764706,0.3274510,-0.2803922,0.1117647,-0.1745098,0.4058824,0.3392157,0.1039216
d0b744689c0c69b3,0.3156863,0.2176471,-0.2333333,-0.0921569,0.1117647,-0.4529412,-0.0882353,0.2019608,0.4294118,0.3431373,0.4215686,-0.4294118,-0.2254902,0.0568627,0.1862745,-0.2333333,0.3156863,0.2176471,-0.2333333,-0.0921569,0.1117647,-0.4529412,-0.0882353,0.2019608,0.4294118,0.3431373,0.4215686,-0.4294118,-0.2254902,0.0568627,0.1862745,-0.2333333
a1531b321337df45,0.1313725,-0.1745098,-0.3941176,-0.3039216,-0.4254902,-0.2843137,0.3745098,-0.2294118,0.3941176,-0.1901961,-0.4843137,0.3156863,-0.4450980,-0.2058824,-0.4372549,0.1000000,0.1313725,-0.1745098,-0.3941176,-0.3039216,-0.4254902,-0.2843137,0.3745098,-0.2294118,0.3941176,-0.1901961,-0.4843137,0.3156863,-0.4450980,-0.2058824,-0.4372549,0.1000000
1b98c99139bc99ba,-0.3941176,0.0960784,0.2882353,0.0686275,-0.2764706,0.2372549,0.1000000,0.2294118,-0.1784314,-0.0137255,-0.3392157,0.4725490,-0.3627451,-0.1117647,0.0333333,-0.4058824,-0.3941176,0.0960784,0.2882353,0.0686275,-0.2764706,0.2372549,0.1000000,0.2294118,-0.1784314,-0.0137255,-0.3392157,0.4725490,-0.3627451,-0.1117647,0.0333333,-0.4058824
8a2d64f7631e5188,0.0411765,-0.3235294,-0.1078431,0.4686275,-0.1117647,-0.3823529,-0.1823529,0.0333333,-0.0686275,0.1352941,-0.2058824,0.1823529,0.4843137,0.0764706,0.4882353,-0.0882353,0.0411765,-0.3235294,-0.1078431,0.4686275,-0.1117647,-0.3823529,-0.1823529,0.0333333,-0.0686275,0.1352941,-0.2058824,0.1823529,0.4843137,0.0764706,0.4882353,-0.0882353
b7a55f52680f5209,0.2176471,0.1470588,-0.1274510,-0.1784314,-0.0921569,-0.4411765,-0.1784314,-0.4647059,-0.2568627,-0.4843137,-0.4254902,-0.4058824,0.4333333,0.0176471,-0.0450980,0.0568627,0.2176471,0.1470588,-0.1274510,-0.1784314,-0.0921569,-0.4411765,-0.1784314,-0.4647059,-0.2568627,-0.4843137,-0.4254902,-0.4058824,0.4333333,0.0176471,-0.0450980,0.0568627
ce79586df9464ed8,0.3078431,-0.0254902,-0.1549020,-0.0725490,0.4764706,-0.2254902,-0.1941176,0.3470588,0.2960784,0.2450980,-0.3823529,-0.0647059,0.4411765,0.4764706,-0.4960784,0.4176471,0.3078431,-0.0254902,-0.1549020,-0.0725490,0.4764706,-0.2254902,-0.1941176,0.3470588,0.2960784,0.2450980,-0.3823529,-0.0647059,0.4411765,0.4764706,-0.4960784,0.4176471
08a22d71dd731814,-0.4686275,0.1352941,-0.3235294,-0.0568627,0.3666667,-0.0490196,-0.4058824,-0.4215686,0.1039216,0.4568627,0.0686275,-0.1823529,-0.4058824,0.0843137,0.3000000,0.0686275,-0.4686275,0.1352941,-0.3235294,-0.0568627,0.3666667,-0.0490196,-0.4058824,-0.4215686,0.1039216,0.4568627,0.0686275,-0.1823529,-0.4058824,0.0843137,0.3000000,0.0686275
67396cf7a00e5dd5,-0.0960784,-0.2764706,-0.0764706,0.4686275,0.1274510,-0.4450980,-0.1352941,0.3352941,0.4803922,-0.0215686,0.0372549,0.0294118,0.3431373,0.0686275,-0.0333333,-0.3980392,-0.0960784,-0.2764706,-0.0764706,0.4686275,0.1274510,-0.4450980,-0.1352941,0.3352941,0.4803922,-0.0215686,0.0372549,0.0294118,0.3431373,0.0686275,-0.0333333,-0.3980392
93fe5d7cbb9cad1b,0.0764706,0.4960784,-0.1352941,-0.0137255,0.2333333,0.1117647,0.1784314,-0.3941176,0.3431373,0.1509804,-0.2843137,0.0058824,0.1901961,0.1666667,-0.0333333,0.1705882,0.0764706,0.4960784,-0.1352941,-0.0137255,0.2333333,0.1117647,0.1784314,-0.3941176,0.3431373,0.1509804,-0.2843137,0.0058824,0.1901961,0.1666667,-0.0333333,0.1705882
1248f3243a7017da,-0.4294118,-0.2176471,0.4529412,-0.3588235,-0.2725490,-0.0607843,-0.4098039,0.3549020,-0.2176471,0.4254902,-0.3901961,0.1823529,0.0882353,-0.3784314,0.2686275,0.0333333,-0.4294118,-0.2176471,0.4529412,-0.3588235,-0.2725490,-0.0607843,-0.4098039,0.3549020,-0.2176471,0.4254902,-0.3901961,0.1823529,0.0882353,-0.3784314,0.2686275,0.0333333
ff00bc0e11ea7a61,0.5000000,-0.5000000,0.2372549,-0.4450980,-0.4333333,0.4176471,-0.0215686,-0.1196078,-0.3392157,0.4450980,-0.4058824,0.3156863,0.0490196,0.2372549,0.3392157,-0.4960784,0.5000000,-0.5000000,0.2372549,-0.4450980,-0.4333333,0.4176471,-0.0215686,-0.1196078,-0.3392157,0.4450980,-0.4058824,0.3156863,0.0490196,0.2372549,0.3392157,-0.4960784
ce210922eb1d61e0,0.3078431,-0.3705882,-0.4647059,-0.3666667,0.4215686,-0.3862745,-0.1196078,0.3784314,-0.0058824,-0.0529412,-0.1000000,0.1000000,-0.3509804,0.1078431,-0.4490196,-0.0176471,0.3078431,-0.3705882,-0.4647059,-0.3666667,0.4215686,-0.3862745,-0.1196078,0.3784314,-0.0058824,-0.0529412,-0.1000000,0.1000000,-0.3509804,0.1078431,-0.4490196,-0.0176471
f0ce2d71b419d717,0.4411765,0.3078431,-0.3235294,-0.0568627,0.2058824,-0.4019608,0.3431373,-0.4098039,-0.4568627,-0.3196078,0.0803922,0.4882353,0.1901961,-0.4764706,-0.3274510,-0.3196078,0.4411765,0.3078431,-0.3235294,-0.0568627,0.2058824,-0.4019608,0.3431373,-0.4098039,-0.4568627,-0.3196078,0.0803922,0.4882353,0.1901961,-0.4764706,-0.3274510,-0.3196078
e620d8a900360c27,0.4019608,-0.3745098,0.3470588,0.1627451,-0.5000000,-0.2882353,-0.4529412,-0.3470588,-0.3078431,-0.2921569,-0.2921569,0.0058824,-0.1784314,0.1509804,0.2803922,-0.1901961,0.4019608,-0.3745098,0.3470588,0.1627451,-0.5000000,-0.2882353,-0.4529412,-0.3470588,-0.3078431,-0.2921569,-0.2921569,0.0058824,-0.1784314,0.1509804,0.2803922,-0.1901961
c2d2296bb1613242,0.2607843,0.3235294,-0.3392157,-0.0803922,0.1941176,-0.1196078,-0.3039216,-0.2411765,0.1980392,-0.2686275,-0.3392157,0.2960784,0.2647059,0.1235294,0.4098039,0.4882353,0.2607843,0.3235294,-0.3392157,-0.0803922,0.1941176,-0.1196078,-0.3039216,-0.2411765,0.1980392,-0.2686275,-0.3392157,0.2960784,0.2647059,0.1235294,0.4098039,0.4882353
aed07b006571da47,0.1823529,0.3156863,-0.0176471,-0.5000000,-0.1039216,-0.0568627,0.3549020,-0.2215686,0.1039216,0.2490196,0.2843137,0.0333333,-0.0568627,-0.3745098,-0.2333333,-0.4607843,0.1823529,0.3156863,-0.0176471,-0.5000000,-0.1039216,-0.0568627,0.3549020,-0.2215686,0.1039216,0.2490196,0.2843137,0.0333333,-0.0568627,-0.3745098,-0.2333333,-0.4607843
2e5acb1648cb0859,-0.3196078,-0.1470588,0.2960784,-0.4137255,-0.2176471,0.2960784,-0.4686275,-0.1509804,0.1000000,0.1156863,0.4176471,-0.1549020,0.4764706,0.2647059,-0.2294118,-0.4843137,-0.3196078,-0.1470588,0.2960784,-0.4137255,-0.2176471,0.2960784,-0.4686275,-0.1509804,0.1000000,0.1156863,0.4176471,-0.1549020,0.4764706,0.2647059,-0.2294118,-0.4843137
9630f9fac8137504,0.0882353,-0.3117647,0.4764706,0.4803922,0.2843137,-0.4254902,-0.0411765,-0.4843137,0.1666667,0.3352941,-0.2058824,-0.3941176,-0.1705882,-0.3352941,0.3549020,0.3156863,0.0882353,-0.3117647,0.4764706,0.4803922,0.2843137,-0.4254902,-0.0411765,-0.4843137,0.1666667,0.3352941,-0.2058824,-0.3941176,-0.1705882,-0.3352941,0.3549020,0.3156863
ca1eaf34d3f16b0c,0.2921569,-0.3823529,0.1862745,-0.2960784,0.3274510,0.4450980,-0.0803922,-0.4529412,0.3196078,-0.1980392,-0.2098039,0.4803922,-0.4686275,0.2215686,0.0647059,-0.4058824,0.2921569,-0.3823529,0.1862745,-0.2960784,0.3274510,0.4450980,-0.0803922,-0.4529412,0.3196078,-0.1980392,-0.2098039,0.4803922,-0.4686275,0.2215686,0.0647059,-0.4058824
5139f315ea43f3ae,-0.1823529,-0.2764706,0.4529412,-0.4176471,0.4176471,-0.2372549,0.4529412,0.1823529,-0.2607843,0.2490196,-0.2607843,0.0411765,0.1705882,-0.1313725,-0.2176471,-0.1980392,-0.1823529,-0.2764706,0.4529412,-0.4176471,0.4176471,-0.2372549,0.4529412,0.1823529,-0.2607843,0.2490196,-0.2607843,0.0411765,0.1705882,-0.1313725,-0.2176471,-0.1980392
64e28f72eeb00bb7,-0.1078431,0.3862745,0.0607843,-0.0529412,0.4333333,0.1901961,-0.4568627,0.2176471,-0.4686275,-0.0294118,0.3313725,0.2058824,-0.4607843,0.0529412,0.1666667,-0.0333333,-0.1078431,0.3862745,0.0607843,-0.0529412,0.4333333,0.1901961,-0.4568627,0.2176471,-0.4686275,-0.0294118,0.3313725,0.2058824,-0.4607843,0.0529412,0.1666667,-0.0333333
a1e35576364832f7,0.1313725,0.3901961,-0.1666667,-0.0372549,-0.2882353,-0.2176471,-0.3039216,0.4686275,-0.2921569,0.2411765,-0.4137255,0.2098039,0.0490196,0.1078431,0.1941176,-0.1431373,0.1313725,0.3901961,-0.1666667,-0.0372549,-0.2882353,-0.2176471,-0.3039216,0.4686275,-0.2921569,0.2411765,-0.4137255,0.2098039,0.0490196,0.1078431,0.1941176,-0.1431373
7e8145af20dceb37,-0.0058824,0.0058824,-0.2294118,0.1862745,-0.3745098,0.3627451,0.4215686,-0.2843137,0.0921569,0.1862745,-0.1039216,0.2960784,-0.1627451,-0.2607843,0.2647059,-0.4843137,-0.0058824,0.0058824,-0.2294118,0.1862745,-0.3745098,0.3627451,0.4215686,-0.2843137,0.0921569,0.1862745,-0.1039216,0.2960784,-0.1627451,-0.2607843,0.2647059,-0.4843137
0c055ac216cbc2eb,-0.4529412,-0.4803922,-0.1470588,0.2607843,-0.4137255,0.2960784,0.2607843,0.4215686,-0.1705882,0.2647059,-0.1509804,0.1274510,0.0058824,0.0411765,0.1588235,-0.2686275,-0.4529412,-0.4803922,-0.1470588,0.2607843,-0.4137255,0.2960784,0.2607843,0.4215686,-0.1705882,0.2647059,-0.1509804,0.1274510,0.0058824,0.0411765,0.1588235,-0.2686275
6fb7bbf0835bd342,-0.0647059,0.2176471,0.2333333,0.4411765,0.0137255,-0.1431373,0.3274510,-0.2411765,-0.2137255,0.4254902,-0.1666667,0.3000000,0.4882353,-0.4882353,-0.2764706,0.1078431,-0.0647059,0.2176471,0.2333333,0.4411765,0.0137255,-0.1431373,0.3274510,-0.2411765,-0.2137255,0.4254902,-0.1666667,0.3000000,0.4882353,-0.4882353,-0.2764706,0.1078431
226d539c8cb8307d,-0.3666667,-0.0725490,-0.1745098,0.1117647,0.0490196,0.2215686,-0.3117647,-0.0098039,0.3156863,0.4254902,0.1470588,-0.3745098,0.1627451,0.1117647,-0.2725490,-0.2372549,-0.3666667,-0.0725490,-0.1745098,0.1117647,0.0490196,0.2215686,-0.3117647,-0.0098039,0.3156863,0.4254902,0.1470588,-0.3745098,0.1627451,0.1117647,-0.2725490,-0.2372549
99bc5973d1d88738,0.1000000,0.2372549,-0.1509804,-0.0490196,0.3196078,0.3470588,0.0294118,-0.2803922,0.4372549,-0.0725490,-0.3117647,0.3156863,0.2843137,-0.2215686,-0.2294118,0.3392157,0.1000000,0.2372549,-0.1509804,-0.0490196,0.3196078,0.3470588,0.0294118,-0.2803922,0.4372549,-0.0725490,-0.3117647,0.3156863,0.2843137,-0.2215686,-0.2294118,0.3392157
4cc67a651be2231e,-0.2019608,0.2764706,-0.0215686,-0.1039216,-0.3941176,0.3862745,-0.3627451,-0.3823529,-0.3627451,-0.2882353,-0.0803922,0.1627451,-0.0058824,-0.5000000,0.4294118,0.4490196,-0.2019608,0.2764706,-0.0215686,-0.1039216,-0.3941176,0.3862745,-0.3627451,-0.3823529,-0.3627451,-0.2882353,-0.0803922,0.1627451,-0.0058824,-0.5000000,0.4294118,0.4490196
5b1d1da13e820211,-0.1431373,-0.3862745,-0.3862745,0.1313725,-0.2568627,0.0098039,-0.4921569,-0.4333333,-0.3627451,-0.4215686,0.4882353,-0.1313725,-0.1156863,0.2490196,-0.1039216,-0.2294118,-0.1431373,-0.3862745,-0.3862745,0.1313725,-0.2568627,0.0098039,-0.4921569,-0.4333333,-0.3627451,-0.4215686,0.4882353,-0.1313725,-0.1156863,0.2490196,-0.1039216,-0.2294118
51c794f173386bc5,-0.1823529,0.2803922,0.0803922,0.4450980,-0.0490196,-0.2803922,-0.0803922,0.2725490,-0.2254902,-0.2882353,-0.4254902,-0.3509804,0.1235294,-0.1156863,-0.0215686,0.2294118,-0.1823529,0.2803922,0.0803922,0.4450980,-0.0490196,-0.2803922,-0.0803922,0.2725490,-0.2254902,-0.2882353,-0.4254902,-0.3509804,0.1235294,-0.1156863,-0.0215686,0.2294118
f19a91b585eafb8e,0.4450980,0.1039216,0.0686275,0.2098039,0.0215686,0.4176471,0.4843137,0.0568627,-0.3509804,-0.2372549,0.1901961,-0.0960784,0.4725490,-0.3705882,-0.3156863,-0.3784314,0.4450980,0.1039216,0.0686275,0.2098039,0.0215686,0.4176471,0.4843137,0.0568627,-0.3509804,-0.2372549,0.1901961,-0.0960784,0.4725490,-0.3705882,-0.3156863,-0.3784314
c7a49683127bc105,0.2803922,0.1431373,0.0882353,0.0137255,-0.4294118,-0.0176471,0.2568627,-0.4803922,0.3000000,0.3392157,0.2137255,0.0333333,-0.4450980,-0.1000000,0.3941176,0.1509804,0.2803922,0.1431373,0.0882353,0.0137255,-0.4294118,-0.0176471,0.2568627,-0.4803922,0.3000000,0.3392157,0.2137255,0.0333333,-0.4450980,-0.1000000,0.3941176,0.1509804
7ba2dbc1fc52ca2f,-0.0176471,0.1352941,0.3588235,0.2568627,0.4882353,-0.1784314,0.2921569,-0.3156863,0.0372549,-0.5000000,0.4960784,-0.0333333,0.1235294,-0.0450980,0.2176471,-0.0372549,-0.0176471,0.1352941,0.3588235,0.2568627,0.4882353,-0.1784314,0.2921569,-0.3156863,0.0372549,-0.5000000,0.4960784,-0.0333333,0.1235294,-0.0450980,0.2176471,-0.0372549
9a664ce9f1e3836f,0.1039216,-0.1000000,-0.2019608,0.4137255,0.4450980,0.3901961,0.0137255,-0.0647059,-0.4058824,0.4019608,0.3705882,-0.2960784,-0.4333333,0.0607843,-0.2647059,0.3431373,0.1039216,-0.1000000,-0.2019608,0.4137255,0.4450980,0.3901961,0.0137255,-0.0647059,-0.4058824,0.4019608,0.3705882,-0.2960784,-0.4333333,0.0607843,-0.2647059,0.3431373
cd5b00acaa49c110,0.3039216,-0.1431373,-0.5000000,0.1745098,0.1666667,-0.2137255,0.2568627,-0.4372549,-0.4450980,-0.0215686,-0.1156863,0.4764706,0.3941176,-0.0058824,-0.0647059,0.3431373,0.3039216,-0.1431373,-0.5000000,0.1745098,0.1666667,-0.2137255,0.2568627,-0.4372549,-0.4450980,-0.0215686,-0.1156863,0.4764706,0.3941176,-0.0058824,-0.0647059,0.3431373
9d0a310c19b13db9,0.1156863,-0.4607843,-0.3078431,-0.4529412,-0.4019608,0.1941176,-0.2607843,0.2254902,-0.3156863,0.0960784,0.2333333,0.4176471,0.0568627,-0.4529412,-0.2019608,0.1000000,0.1156863,-0.4607843,-0.3078431,-0.4529412,-0.4019608,0.1941176,-0.2607843,0.2254902,-0.3156863,0.0960784,0.2333333,0.4176471,0.0568627,-0.4529412,-0.2019608,0.1000000
e53474ea190819f3,0.3980392,-0.2960784,-0.0450980,0.4176471,-0.4019608,-0.4686275,-0.4019608,0.4529412,0.4215686,0.0803922,-0.0921569,-0.0098039,0.1666667,0.0333333,0.0568627,0.3431373,0.3980392,-0.2960784,-0.0450980,0.4176471,-0.4019608,-0.4686275,-0.4019608,0.4529412,0.4215686,0.0803922,-0.0921569,-0.0098039,0.1666667,0.0333333,0.0568627,0.3431373
7c931999708a6ade,-0.0137255,0.0764706,-0.4019608,0.1000000,-0.0607843,0.0411765,-0.0843137,0.3705882,0.2803922,-0.4098039,-0.1784314,-0.1941176,0.1901961,-0.3235294,-0.1039216,-0.4725490,-0.0137255,0.0764706,-0.4019608,0.1000000,-0.0607843,0.0411765,-0.0843137,0.3705882,0.2803922,-0.4098039,-0.1784314,-0.1941176,0.1901961,-0.3235294,-0.1039216,-0.4725490
48d836f516bf0d56,-0.2176471,0.3470588,-0.2882353,0.4607843,-0.4137255,0.2490196,-0.4490196,-0.1627451,0.0725490,-0.3039216,-0.2686275,-0.4764706,-0.3705882,-0.4254902,0.0686275,-0.1588235,-0.2176471,0.3470588,-0.2882353,0.4607843,-0.4137255,0.2490196,-0.4490196,-0.1627451,0.0725490,-0.3039216,-0.2686275,-0.4764706,-0.3705882,-0.4254902,0.0686275,-0.1588235
7d82110e6e1af6b2,-0.0098039,0.0098039,-0.4333333,-0.4450980,-0.0686275,-0.3980392,0.4647059,0.1980392,-0.3392157,0.3784314,0.4019608,-0.3509804,0.4333333,0.1549020,-0.1313725,0.4333333,-0.0098039,0.0098039,-0.4333333,-0.4450980,-0.0686275,-0.3980392,0.4647059,0.1980392,-0.3392157,0.3784314,0.4019608,-0.3509804,0.4333333,0.1549020,-0.1313725,0.4333333
fe0a1d7448de2246,0.4960784,-0.4607843,-0.3862745,-0.0450980,-0.2176471,0.3705882,-0.3666667,-0.2254902,0.4137255,-0.2568627,0.2098039,0.2647059,-0.4921569,0.4607843,-0.4803922,-0.3313725,0.4960784,-0.4607843,-0.3862745,-0.0450980,-0.2176471,0.3705882,-0.3666667,-0.2254902,0.4137255,-0.2568627,0.2098039,0.2647059,-0.4921569,0.4607843,-0.4803922,-0.3313725
56cdade55879c0c7,-0.1627451,0.3039216,0.1784314,0.3980392,-0.1549020,-0.0254902,0.2529412,0.2803922,0.2019608,0.4490196,0.2294118,0.4215686,0.4294118,-0.2450980,0.0215686,0.2254902,-0.1627451,0.3039216,0.1784314,0.3980392,-0.1549020,-0.0254902,0.2529412,0.2803922,0.2019608,0.4490196,0.2294118,0.4215686,0.4294118,-0.2450980,0.0215686,0.2254902
1da39ad64439461a,-0.3862745,0.1392157,0.1039216,0.3392157,-0.2333333,-0.2764706,-0.2254902,-0.3980392,-0.3941176,-0.1431373,0.0843137,0.2882353,0.0372549,-0.3274510,-0.0176471,-0.0764706,-0.3862745,0.1392157,0.1039216,0.3392157,-0.2333333,-0.2764706,-0.2254902,-0.3980392,-0.3941176,-0.1431373,0.0843137,0.2882353,0.0372549,-0.3274510,-0.0176471,-0.0764706
da25ee66cef986a2,0.3549020,-0.3549020,0.4333333,-0.1000000,0.3078431,0.4764706,0.0254902,0.1352941,-0.2254902,-0.4960784,0.2647059,0.2764706,0.0647059,-0.1000000,0.4921569,0.2294118,0.3549020,-0.3549020,0.4333333,-0.1000000,0.3078431,0.4764706,0.0254902,0.1352941,-0.2254902,-0.4960784,0.2647059,0.2764706,0.0647059,-0.1000000,0.4921569,0.2294118
31b28c479eff0497,-0.3078431,0.1980392,0.0490196,-0.2215686,0.1196078,0.5000000,-0.4843137,0.0921569,0.4921569,-0.2254902,0.2294118,-0.1078431,-0.1313725,0.3117647,0.3627451,-0.1862745,-0.3078431,0.1980392,0.0490196,-0.2215686,0.1196078,0.5000000,-0.4843137,0.0921569,0.4921569,-0.2254902,0.2294118,-0.1078431,-0.1313725,0.3117647,0.3627451,-0.1862745
4ae31082214d6823,-0.2098039,0.3901961,-0.4372549,0.0098039,-0.3705882,-0.1980392,-0.0921569,-0.3627451,0.2607843,-0.3431373,0.2058824,0.2960784,-0.4921569,-0.3745098,0.0450980,0.3352941,-0.2098039,0.3901961,-0.4372549,0.0098039,-0.3705882,-0.1980392,-0.0921569,-0.3627451,0.2607843,-0.3431373,0.2058824,0.2960784,-0.4921569,-0.3745098,0.0450980,0.3352941
f62f0366e87ab542,0.4647059,-0.3156863,-0.4882353,-0.1000000,0.4098039,-0.0215686,0.2098039,-0.2411765,0.1862745,-0.3549020,-0.2137255,-0.3274510,0.3705882,0.1823529,0.0098039,-0.1156863,0.4647059,-0.3156863,-0.4882353,-0.1000000,0.4098039,-0.0215686,0.2098039,-0.2411765,0.1862745,-0.3549020,-0.2137255,-0.3274510,0.3705882,0.1823529,0.0098039,-0.1156863
1b59a6c1561dd880,-0.3941176,-0.1509804,0.1509804,0.2568627,-0.1627451,-0.3862745,0.3470588,0.0019608,-0.4686275,-0.3901961,0.4058824,-0.3509804,-0.0372549,0.1549020,0.3078431,-0.3274510,-0.3941176,-0.1509804,0.1509804,0.2568627,-0.1627451,-0.3862745,0.3470588,0.0019608,-0.4686275,-0.3901961,0.4058824,-0.3509804,-0.0372549,0.1549020,0.3078431,-0.3274510
094aef7c5c257165,-0.4647059,-0.2098039,0.4372549,-0.0137255,-0.1392157,-0.3549020,-0.0568627,-0.1039216,-0.0529412,-0.1705882,-0.1745098,0.3941176,0.4098039,-0.4137255,-0.0490196,0.3588235,-0.4647059,-0.2098039,0.4372549,-0.0137255,-0.1392157,-0.3549020,-0.0568627,-0.1039216,-0.0529412,-0.1705882,-0.1745098,0.3941176,0.4098039,-0.4137255,-0.0490196,0.3588235
71f76eb341cc0dc3,-0.0568627,0.4686275,-0.0686275,0.2019608,-0.2450980,0.3000000,-0.4490196,0.2647059,0.3666667,0.1745098,0.1000000,0.0607843,-0.3117647,-0.0843137,0.4803922,0.2254902,-0.0568627,0.4686275,-0.0686275,0.2019608,-0.2450980,0.3000000,-0.4490196,0.2647059,0.3666667,0.1745098,0.1000000,0.0607843,-0.3117647,-0.0843137,0.4803922,0.2254902
d63c17fc4d1552fe,0.3392157,-0.2647059,-0.4098039,0.4882353,-0.1980392,-0.4176471,-0.1784314,0.4960784,0.2098039,0.2607843,-0.1549020,-0.3509804,0.1745098,0.0960784,0.3392157,-0.0215686,0.3392157,-0.2647059,-0.4098039,0.4882353,-0.1980392,-0.4176471,-0.1784314,0.4960784,0.2098039,0.2607843,-0.1549020,-0.3509804,0.1745098,0.0960784,0.3392157,-0.0215686
e6ad81fb40e84f08,0.4019608,0.1784314,0.0058824,0.4843137,-0.2490196,0.4098039,-0.1901961,-0.4686275,-0.3039216,0.3156863,0.1980392,0.1745098,0.3509804,-0.1196078,-0.3470588,0.4490196,0.4019608,0.1784314,0.0058824,0.4843137,-0.2490196,0.4098039,-0.1901961,-0.4686275,-0.3039216,0.3156863,0.1980392,0.1745098,0.3509804,-0.1196078,-0.3470588,0.4490196
73866e85984705aa,-0.0490196,0.0254902,-0.0686275,0.0215686,0.0960784,-0.2215686,-0.4803922,0.1666667,0.4333333,0.0725490,0.1549020,-0.1117647,-0.3705882,0.4372549,0.1627451,0.1705882,-0.0490196,0.0254902,-0.0686275,0.0215686,0.0960784,-0.2215686,-0.4803922,0.1666667,0.4333333,0.0725490,0.1549020,-0.1117647,-0.3705882,0.4372549,0.1627451,0.1705882
c7fd71c534ed7285,0.2803922,0.4921569,-0.0568627,0.2725490,-0.2960784,0.4294118,-0.0529412,0.0215686,-0.3509804,-0.2568627,0.0098039,0.0215686,-0.4921569,-0.1039216,0.3431373,-0.2294118,0.2803922,0.4921569,-0.0568627,0.2725490,-0.2960784,0.4294118,-0.0529412,0.0215686,-0.3509804,-0.2568627,0.0098039,0.0215686,-0.4921569,-0.1039216,0.3431373,-0.2294118
7748dfe7f86d50ed,-0.0333333,-0.2176471,0.3745098,0.4058824,0.4725490,-0.0725490,-0.1862745,0.4294118,-0.1156863,-0.4137255,-0.4921569,0.4686275,-0.3431373,0.3078431,0.4254902,0.1039216,-0.0333333,-0.2176471,0.3745098,0.4058824,0.4725490,-0.0725490,-0.1862745,0.4294118,-0.1156863,-0.4137255,-0.4921569,0.4686275,-0.3431373,0.3078431,0.4254902,0.1039216
47dac8d569d3d9f4,-0.2215686,0.3549020,0.2843137,0.3352941,-0.0882353,0.3274510,0.3509804,0.4568627,0.3666667,0.3980392,0.1039216,-0.2882353,-0.4803922,-0.3392157,0.0490196,-0.4058824,-0.2215686,0.3549020,0.2843137,0.3352941,-0.0882353,0.3274510,0.3509804,0.4568627,0.3666667,0.3980392,0.1039216,-0.2882353,-0.4803922,-0.3392157,0.0490196,-0.4058824
83ec9673bfe5c433,0.0137255,0.4254902,0.0882353,-0.0490196,0.2490196,0.3980392,0.2686275,-0.3000000,-0.1627451,-0.0411765,-0.1352941,0.3901961,-0.1705882,0.2215686,0.0882353,-0.1588235,0.0137255,0.4254902,0.0882353,-0.0490196,0.2490196,0.3980392,0.2686275,-0.3000000,-0.1627451,-0.0411765,-0.1352941,0.3901961,-0.1705882,0.2215686,0.0882353,-0.1588235
766cdcb664126539,-0.0372549,-0.0764706,0.3627451,0.2137255,-0.1078431,-0.4294118,-0.1039216,-0.2764706,-0.2647059,0.4058824,-0.2725490,0.3156863,0.3588235,0.3392157,-0.5000000,0.4843137,-0.0372549,-0.0764706,0.3627451,0.2137255,-0.1078431,-0.4294118,-0.1039216,-0.2764706,-0.2647059,0.4058824,-0.2725490,0.3156863,0.3588235,0.3392157,-0.5000000,0.4843137
fec676562dffa3a1,0.4960784,0.2764706,-0.0372549,-0.1627451,-0.3235294,0.5000000,0.1392157,0.1313725,-0.0607843,0.3627451,0.1392157,0.3705882,-0.3196078,-0.3470588,0.1627451,0.3549020,0.4960784,0.2764706,-0.0372549,-0.1627451,-0.3235294,0.5000000,0.1392157,0.1313725,-0.0607843,0.3627451,0.1392157,0.3705882,-0.3196078,-0.3470588,0.1627451,0.3549020
0d3bedda4dd1159b,-0.4490196,-0.2686275,0.4294118,0.3549020,-0.1980392,0.3196078,-0.4176471,0.1078431,0.1313725,-0.0490196,0.1352941,-0.2450980,-0.4647059,0.3352941,0.0843137,0.0176471,-0.4490196,-0.2686275,0.4294118,0.3549020,-0.1980392,0.3196078,-0.4176471,0.1078431,0.1313725,-0.0490196,0.1352941,-0.2450980,-0.4647059,0.3352941,0.0843137,0.0176471
4550cf9c1c67522e,-0.2294118,-0.1862745,0.3117647,0.1117647,-0.3901961,-0.0960784,-0.1784314,-0.3196078,0.4882353,0.1392157,-0.4137255,0.3666667,0.3431373,-0.2843137,0.1509804,-0.1901961,-0.2294118,-0.1862745,0.3117647,0.1117647,-0.3901961,-0.0960784,-0.1784314,-0.3196078,0.4882353,0.1392157,-0.4137255,0.3666667,0.3431373,-0.2843137,0.1509804,-0.1901961
dac405cff2c2269e,0.3549020,0.2686275,-0.4803922,0.3117647,0.4490196,0.2607843,-0.3509804,0.1196078,-0.1196078,0.2490196,-0.2137255,-0.3000000,-0.2882353,-0.3823529,-0.0372549,-0.4529412,0.3549020,0.2686275,-0.4803922,0.3117647,0.4490196,0.2607843,-0.3509804,0.1196078,-0.1196078,0.2490196,-0.2137255,-0.3000000,-0.2882353,-0.3823529,-0.0372549,-0.4529412
095292443aab0b15,-0.4647059,-0.1784314,0.0725490,-0.2333333,-0.2725490,0.1705882,-0.4568627,-0.4176471,-0.1000000,0.3941176,0.2137255,-0.2176471,-0.4568627,-0.1823529,0.1745098,0.3980392,-0.4647059,-0.1784314,0.0725490,-0.2333333,-0.2725490,0.1705882,-0.4568627,-0.4176471,-0.1000000,0.3941176,0.2137255,-0.2176471,-0.4568627,-0.1823529,0.1745098,0.3980392
89dd76b6e4736b73,0.0372549,0.3666667,-0.0372549,0.2137255,0.3941176,-0.0490196,-0.0803922,-0.0490196,0.1117647,0.1941176,-0.1588235,-0.2529412,0.3901961,0.3823529,0.4725490,0.4450980,0.0372549,0.3666667,-0.0372549,0.2137255,0.3941176,-0.0490196,-0.0803922,-0.0490196,0.1117647,0.1941176,-0.1588235,-0.2529412,0.3901961,0.3823529,0.4725490,0.4450980
0597882ec1d6c734,-0.4803922,0.0921569,0.0333333,-0.3196078,0.2568627,0.3392157,0.2803922,-0.2960784,0.2215686,-0.2529412,-0.2921569,0.0254902,0.1117647,-0.3784314,0.3156863,0.0294118,-0.4803922,0.0921569,0.0333333,-0.3196078,0.2568627,0.3392157,0.2803922,-0.2960784,0.2215686,-0.2529412,-0.2921569,0.0254902,0.1117647,-0.3784314,0.3156863,0.0294118
b20f394faf474238,0.1980392,-0.4411765,-0.2764706,-0.1901961,0.1862745,-0.2215686,-0.2411765,-0.2803922,0.4960784,-0.1980392,-0.0921569,-0.1156863,-0.4333333,-0.2960784,0.3235294,-0.0490196,0.1980392,-0.4411765,-0.2764706,-0.1901961,0.1862745,-0.2215686,-0.2411765,-0.2803922,0.4960784,-0.1980392,-0.0921569,-0.1156863,-0.4333333,-0.2960784,0.3235294,-0.0490196
d3c154e2cfbac64c,0.3274510,0.2568627,-0.1705882,0.3862745,0.3117647,0.2294118,0.2764706,-0.2019608,0.1039216,-0.3352941,-0.3117647,-0.1470588,0.0019608,-0.4529412,0.1862745,-0.3980392,0.3274510,0.2568627,-0.1705882,0.3862745,0.3117647,0.2294118,0.2764706,-0.2019608,0.1039216,-0.3352941,-0.3117647,-0.1470588,0.0019608,-0.4529412,0.1862745,-0.3980392
f6a820c9698534d9,0.4647059,0.1588235,-0.3745098,0.2882353,-0.0882353,0.0215686,-0.2960784,0.3509804,-0.1627451,-0.4960784,0.1039216,-0.1156863,-0.1705882,0.4058824,-0.3235294,-0.4176471,0.4647059,0.1588235,-0.3745098,0.2882353,-0.0882353,0.0215686,-0.2960784,0.3509804,-0.1627451,-0.4960784,0.1039216,-0.1156863,-0.1705882,0.4058824,-0.3235294,-0.4176471
a5f261e7aa9d9208,0.1470588,0.4490196,-0.1196078,0.4058824,0.1666667,0.1156863,0.0725490,-0.4686275,-0.1980392,-0.4058824,0.4137255,-0.1509804,-0.2254902,-0.3313725,0.2490196,-0.1784314,0.1470588,0.4490196,-0.1196078,0.4058824,0.1666667,0.1156863,0.0725490,-0.4686275,-0.1980392,-0.4058824,0.4137255,-0.1509804,-0.2254902,-0.3313725,0.2490196,-0.1784314
f139fe580ad87785,0.4450980,-0.2764706,0.4960784,-0.1549020,-0.4607843,0.3470588,-0.0333333,0.0215686,-0.4529412,-0.3431373,-0.3627451,0.2098039,-0.3274510,0.1117647,-0.3941176,-0.4921569,0.4450980,-0.2764706,0.4960784,-0.1549020,-0.4607843,0.3470588,-0.0333333,0.0215686,-0.4529412,-0.3431373,-0.3627451,0.2098039,-0.3274510,0.1117647,-0.3941176,-0.4921569
b40a1371e358a819,0.2058824,-0.4607843,-0.4254902,-0.0568627,0.3901961,-0.1549020,0.1588235,-0.4019608,0.2529412,0.0333333,0.3392157,-0.1156863,-0.0725490,0.4921569,-0.2450980,0.1784314,0.2058824,-0.4607843,-0.4254902,-0.0568627,0.3901961,-0.1549020,0.1588235,-0.4019608,0.2529412,0.0333333,0.3392157,-0.1156863,-0.0725490,0.4921569,-0.2450980,0.1784314
e6554f3df85c9615,0.4019608,-0.1666667,-0.1901961,-0.2607843,0.4725490,-0.1392157,0.0882353,-0.4176471,-0.4960784,-0.1156863,0.4607843,-0.3313725,0.4568627,-0.1627451,0.4764706,0.0568627,0.4019608,-0.1666667,-0.1901961,-0.2607843,0.4725490,-0.1392157,0.0882353,-0.4176471,-0.4960784,-0.1156863,0.4607843,-0.3313725,0.4568627,-0.1627451,0.4764706,0.0568627
b43edeb4dc2119d3,0.2058824,-0.2568627,0.3705882,0.2058824,0.3627451,-0.3705882,-0.4019608,0.3274510,-0.2411765,-0.4294118,-0.1941176,0.2058824,0.4960784,-0.5000000,0.3941176,-0.4921569,0.2058824,-0.2568627,0.3705882,0.2058824,0.3627451,-0.3705882,-0.4019608,0.3274510,-0.2411765,-0.4294118,-0.1941176,0.2058824,0.4960784,-0.5000000,0.3941176,-0.4921569
04b594122fe1eb85,-0.4843137,0.2098039,0.0803922,-0.4294118,-0.3156863,0.3823529,0.4215686,0.0215686,0.2490196,-0.3862745,0.4843137,0.2333333,-0.2490196,-0.0137255,-0.5000000,0.0607843,-0.4843137,0.2098039,0.0803922,-0.4294118,-0.3156863,0.3823529,0.4215686,0.0215686,0.2490196,-0.3862745,0.4843137,0.2333333,-0.2490196,-0.0137255,-0.5000000,0.0607843
85baa531013f7a63,0.0215686,0.2294118,0.1470588,-0.3078431,-0.4960784,-0.2529412,-0.0215686,-0.1117647,-0.0411765,-0.4098039,-0.2921569,-0.0568627,-0.0647059,0.3627451,-0.4254902,0.0686275,0.0215686,0.2294118,0.1470588,-0.3078431,-0.4960784,-0.2529412,-0.0215686,-0.1117647,-0.0411765,-0.4098039,-0.2921569,-0.0568627,-0.0647059,0.3627451,-0.4254902,0.0686275
35fb5f205d0fe4f6,-0.2921569,0.4843137,-0.1274510,-0.3745098,-0.1352941,-0.4411765,0.3941176,0.4647059,-0.0098039,-0.0058824,0.2568627,-0.3274510,0.4686275,-0.0294118,-0.4607843,0.1392157,-0.2921569,0.4843137,-0.1274510,-0.3745098,-0.1352941,-0.4411765,0.3941176,0.4647059,-0.0098039,-0.0058824,0.2568627,-0.3274510,0.4686275,-0.0294118,-0.4607843,0.1392157
2b9e2611830fe739,-0.3313725,0.1196078,-0.3509804,-0.4333333,0.0137255,-0.4411765,0.4058824,-0.2764706,0.0960784,0.0960784,-0.2450980,-0.1000000,-0.2098039,0.2960784,-0.3549020,-0.3392157,-0.3313725,0.1196078,-0.3509804,-0.4333333,0.0137255,-0.4411765,0.4058824,-0.2764706,0.0960784,0.0960784,-0.2450980,-0.1000000,-0.2098039,0.2960784,-0.3549020,-0.3392157
ccf2e13606413a56,0.3000000,0.4490196,0.3823529,-0.2882353,-0.4764706,-0.2450980,-0.2725490,-0.1627451,0.0803922,-0.4215686,-0.0882353,0.2960784,0.4411765,0.2333333,-0.4098039,0.4098039,0.3000000,0.4490196,0.3823529,-0.2882353,-0.4764706,-0.2450980,-0.2725490,-0.1627451,0.0803922,-0.4215686,-0.0882353,0.2960784,0.4411765,0.2333333,-0.4098039,0.4098039
63345c2581e1149d,-0.1117647,-0.2960784,-0.1392157,-0.3549020,0.0058824,0.3823529,-0.4215686,0.1156863,0.4882353,-0.0960784,-0.0607843,-0.5000000,0.3117647,0.3156863,0.2725490,-0.2764706,-0.1117647,-0.2960784,-0.1392157,-0.3549020,0.0058824,0.3823529,-0.4215686,0.1156863,0.4882353,-0.0960784,-0.0607843,-0.5000000,0.3117647,0.3156863,0.2725490,-0.2764706
4c947e02248bbb07,-0.2019608,0.0803922,-0.0058824,-0.4921569,-0.3588235,0.0450980,0.2333333,-0.4725490,-0.4725490,0.0647059,-0.2294118,0.3392157,0.3745098,-0.1862745,0.3431373,0.2529412,-0.2019608,0.0803922,-0.0058824,-0.4921569,-0.3588235,0.0450980,0.2333333,-0.4725490,-0.4725490,0.0647059,-0.2294118,0.3392157,0.3745098,-0.1862745,0.3431373,0.2529412
87b031d7f7506326,0.0294118,0.1901961,-0.3078431,0.3431373,0.4686275,-0.1862745,-0.1117647,-0.3509804,0.2372549,-0.4176471,0.0294118,0.3705882,-0.4921569,-0.3470588,0.2647059,0.4960784,0.0294118,0.1901961,-0.3078431,0.3431373,0.4686275,-0.1862745,-0.1117647,-0.3509804,0.2372549,-0.4176471,0.0294118,0.3705882,-0.4921569,-0.3470588,0.2647059,0.4960784
6c2afdb76d4d197f,-0.0764706,-0.3352941,0.4921569,0.2176471,-0.0725490,-0.1980392,-0.4019608,-0.0019608,0.1705882,-0.0725490,-0.1039216,0.3549020,-0.2019608,-0.4137255,-0.3352941,-0.4568627,-0.0764706,-0.3352941,0.4921569,0.2176471,-0.0725490,-0.1980392,-0.4019608,-0.0019608,0.1705882,-0.0725490,-0.1039216,0.3549020,-0.2019608,-0.4137255,-0.3352941,-0.4568627
ab3f57c2e9924623,0.1705882,-0.2529412,-0.1588235,0.2607843,0.4137255,0.0725490,-0.2254902,-0.3627451,-0.1117647,0.3784314,-0.4294118,-0.2058824,-0.3549020,-0.3745098,-0.4098039,-0.2529412,0.1705882,-0.2529412,-0.1588235,0.2607843,0.4137255,0.0725490,-0.2254902,-0.3627451,-0.1117647,0.3784314,-0.4294118,-0.2058824,-0.3549020,-0.3745098,-0.4098039,-0.2529412
de3926e3b923df7d,0.3705882,-0.2764706,-0.3509804,0.3901961,0.2254902,-0.3627451,0.3745098,-0.0098039,-0.3823529,0.3470588,-0.3705882,-0.2372549,-0.4882353,0.4607843,0.1196078,-0.2686275,0.3705882,-0.2764706,-0.3509804,0.3901961,0.2254902,-0.3627451,0.3745098,-0.0098039,-0.3823529,0.3470588,-0.3705882,-0.2372549,-0.4882353,0.4607843,0.1196078,-0.2686275
0a0db5eed9a073dc,-0.4607843,-0.4490196,0.2098039,0.4333333,0.3509804,0.1274510,-0.0490196,0.3627451,-0.4215686,0.2176471,0.3980392,0.0215686,0.2137255,-0.1117647,-0.3392157,-0.4019608,-0.4607843,-0.4490196,0.2098039,0.4333333,0.3509804,0.1274510,-0.0490196,0.3627451,-0.4215686,0.2176471,0.3980392,0.0215686,0.2137255,-0.1117647,-0.3392157,-0.4019608
bf246fa36844dc1a,0.2490196,-0.3588235,-0.0647059,0.1392157,-0.0921569,-0.2333333,0.3627451,-0.3980392,-0.4921569,0.2058824,-0.0411765,0.1745098,-0.2215686,-0.0215686,0.4176471,-0.3274510,0.2490196,-0.3588235,-0.0647059,0.1392157,-0.0921569,-0.2333333,0.3627451,-0.3980392,-0.4921569,0.2058824,-0.0411765,0.1745098,-0.2215686,-0.0215686,0.4176471,-0.3274510
db71c44e0e1d8b51,0.3588235,-0.0568627,0.2686275,-0.1941176,-0.4450980,-0.3862745,0.0450980,-0.1823529,-0.3980392,-0.2725490,0.4372549,-0.4137255,-0.1666667,-0.0176471,0.3156863,0.1235294,0.3588235,-0.0568627,0.2686275,-0.1941176,-0.4450980,-0.3862745,0.0450980,-0.1823529,-0.3980392,-0.2725490,0.4372549,-0.4137255,-0.1666667,-0.0176471,0.3156863,0.1235294
1f62e910240a95b2,-0.3784314,-0.1156863,0.4137255,-0.4372549,-0.3588235,-0.4607843,0.0843137,0.1980392,-0.4568627,-0.4686275,-0.2764706,0.3627451,-0.1117647,-0.2725490,-0.4333333,-0.0176471,-0.3784314,-0.1156863,0.4137255,-0.4372549,-0.3588235,-0.4607843,0.0843137,0.1980392,-0.4568627,-0.4686275,-0.2764706,0.3627451,-0.1117647,-0.2725490,-0.4333333,-0.0176471
d8b6463bdda52a91,0.3470588,0.2137255,-0.2254902,-0.2686275,0.3666667,0.1470588,-0.3352941,0.0686275,-0.4333333,-0.0215686,-0.3901961,0.1156863,0.2725490,-0.4450980,0.0215686,-0.0647059,0.3470588,0.2137255,-0.2254902,-0.2686275,0.3666667,0.1470588,-0.3352941,0.0686275,-0.4333333,-0.0215686,-0.3901961,0.1156863,0.2725490,-0.4450980,0.0215686,-0.0647059
1dfc3a6879344de8,-0.3862745,0.4882353,-0.2725490,-0.0921569,-0.0254902,-0.2960784,-0.1980392,0.4098039,-0.2686275,0.1352941,-0.0098039,0.2137255,-0.3196078,-0.4882353,-0.3274510,0.2058824,-0.3862745,0.4882353,-0.2725490,-0.0921569,-0.0254902,-0.2960784,-0.1980392,0.4098039,-0.2686275,0.1352941,-0.0098039,0.2137255,-0.3196078,-0.4882353,-0.3274510,0.2058824
426858c1be526c81,-0.2411765,-0.0921569,-0.1549020,0.2568627,0.2450980,-0.1784314,-0.0764706,0.0058824,0.2725490,-0.0019608,-0.4843137,0.2803922,-0.3470588,-0.2764706,-0.2843137,0.1352941,-0.2411765,-0.0921569,-0.1549020,0.2568627,0.2450980,-0.1784314,-0.0764706,0.0058824,0.2725490,-0.0019608,-0.4843137,0.2803922,-0.3470588,-0.2764706,-0.2843137,0.1352941
523871b3031c3aaf,-0.1784314,-0.2803922,-0.0568627,0.2019608,-0.4882353,-0.3901961,-0.2725490,0.1862745,-0.3392157,0.1862745,-0.2607843,0.2490196,0.4803922,-0.4764706,-0.2882353,0.1117647,-0.1784314,-0.2803922,-0.0568627,0.2019608,-0.4882353,-0.3901961,-0.2725490,0.1862745,-0.3392157,0.1862745,-0.2607843,0.2490196,0.4803922,-0.4764706,-0.2882353,0.1117647
e8d93f954e7bbb85,0.4098039,0.3509804,-0.2529412,0.0843137,-0.1941176,-0.0176471,0.2333333,0.0215686,0.1588235,-0.3941176,-0.0725490,0.3862745,-0.0450980,-0.3941176,0.2411765,-0.2921569,0.4098039,0.3509804,-0.2529412,0.0843137,-0.1941176,-0.0176471,0.2333333,0.0215686,0.1588235,-0.3941176,-0.0725490,0.3862745,-0.0450980,-0.3941176,0.2411765,-0.2921569
d6f22ea040984473,0.3392157,0.4490196,-0.3196078,0.1274510,-0.2490196,0.0960784,-0.2333333,-0.0490196,-0.1196078,0.0882353,0.0725490,0.3745098,-0.0843137,0.4921569,-0.2529412,0.1470588,0.3392157,0.4490196,-0.3196078,0.1274510,-0.2490196,0.0960784,-0.2333333,-0.0490196,-0.1196078,0.0882353,0.0725490,0.3745098,-0.0843137,0.4921569,-0.2529412,0.1470588
9afa668fefa2fb40,0.1039216,0.4803922,-0.1000000,0.0607843,0.4372549,0.1352941,0.4843137,-0.2490196,-0.2450980,0.4647059,-0.4647059,-0.4176471,-0.4137255,-0.2921569,0.1431373,-0.4019608,0.1039216,0.4803922,-0.1000000,0.0607843,0.4372549,0.1352941,0.4843137,-0.2490196,-0.2450980,0.4647059,-0.4647059,-0.4176471,-0.4137255,-0.2921569,0.1431373,-0.4019608
fc343679b5cbacdf,0.4882353,-0.2960784,-0.2882353,-0.0254902,0.2098039,0.2960784,0.1745098,0.3745098,0.2098039,0.0921569,0.1862745,0.3392157,0.2058824,-0.4294118,0.2843137,-0.3431373,0.4882353,-0.2960784,-0.2882353,-0.0254902,0.2098039,0.2960784,0.1745098,0.3745098,0.2098039,0.0921569,0.1862745,0.3392157,0.2058824,-0.4294118,0.2843137,-0.3431373
ada8545d8a4474a2,0.1784314,0.1588235,-0.1705882,-0.1352941,0.0411765,-0.2333333,-0.0450980,0.1352941,0.3980392,-0.0529412,0.3352941,0.0764706,-0.2333333,-0.4098039,-0.2882353,0.4568627,0.1784314,0.1588235,-0.1705882,-0.1352941,0.0411765,-0.2333333,-0.0450980,0.1352941,0.3980392,-0.0529412,0.3352941,0.0764706,-0.2333333,-0.4098039,-0.2882353,0.4568627
04c18111164c8b6b,-0.4843137,0.2568627,0.0058824,-0.4333333,-0.4137255,-0.2019608,0.0450980,-0.0803922,0.0294118,0.3745098,0.1862745,-0.0960784,-0.3745098,0.1196078,-0.1000000,-0.3431373,-0.4843137,0.2568627,0.0058824,-0.4333333,-0.4137255,-0.2019608,0.0450980,-0.0803922,0.0294118,0.3745098,0.1862745,-0.0960784,-0.3745098,0.1196078,-0.1000000,-0.3431373
474cb9e6bc9e4dff,-0.2215686,-0.2019608,0.2254902,0.4019608,0.2372549,0.1196078,-0.1980392,0.5000000,-0.0411765,0.4529412,0.0725490,0.4764706,-0.0294118,-0.2803922,0.3352941,-0.1862745,-0.2215686,-0.2019608,0.2254902,0.4019608,0.2372549,0.1196078,-0.1980392,0.5000000,-0.0411765,0.4529412,0.0725490,0.4764706,-0.0294118,-0.2803922,0.3352941,-0.1862745
e185317d9f35be32,0.3823529,0.0215686,-0.3078431,-0.0098039,0.1235294,-0.2921569,0.2450980,-0.3039216,0.1313725,0.4372549,0.3352941,0.0647059,-0.4960784,-0.4725490,-0.3078431,0.3784314,0.3823529,0.0215686,-0.3078431,-0.0098039,0.1235294,-0.2921569,0.2450980,-0.3039216,0.1313725,0.4372549,0.3352941,0.0647059,-0.4960784,-0.4725490,-0.3078431,0.3784314
171e3843108bb6b0,-0.4098039,-0.3823529,-0.2803922,-0.2372549,-0.4372549,0.0450980,0.2137255,0.1901961,0.1627451,0.1313725,-0.2215686,-0.3941176,0.0843137,-0.1784314,-0.2098039,-0.0098039,-0.4098039,-0.3823529,-0.2803922,-0.2372549,-0.4372549,0.0450980,0.2137255,0.1901961,0.1627451,0.1313725,-0.2215686,-0.3941176,0.0843137,-0.1784314,-0.2098039,-0.0098039
42f47b9eae783b26,-0.2411765,0.4568627,-0.0176471,0.1196078,0.1823529,-0.0294118,-0.2686275,-0.3509804,-0.0921569,-0.2019608,-0.4372549,-0.0019608,-0.0647059,-0.2176471,-0.3039216,-0.4254902,-0.2411765,0.4568627,-0.0176471,0.1196078,0.1823529,-0.0294118,-0.2686275,-0.3509804,-0.0921569,-0.2019608,-0.4372549,-0.0019608,-0.0647059,-0.2176471,-0.3039216,-0.4254902
b56cd065448d5107,0.2098039,-0.0764706,0.3156863,-0.1039216,-0.2333333,0.0529412,-0.1823529,-0.4725490,0.2882353,-0.4098039,-0.1117647,-0.1980392,-0.1078431,0.2607843,0.4450980,-0.1470588,0.2098039,-0.0764706,0.3156863,-0.1039216,-0.2333333,0.0529412,-0.1823529,-0.4725490,0.2882353,-0.4098039,-0.1117647,-0.1980392,-0.1078431,0.2607843,0.4450980,-0.1470588
e4b86f2ef9d806fb,0.3941176,0.2215686,-0.0647059,-0.3196078,0.4764706,0.3470588,-0.4764706,0.4843137,-0.1313725,0.2450980,0.2294118,-0.2019608,-0.2215686,0.1470588,-0.1274510,-0.4294118,0.3941176,0.2215686,-0.0647059,-0.3196078,0.4764706,0.3470588,-0.4764706,0.4843137,-0.1313725,0.2450980,0.2294118,-0.2019608,-0.2215686,0.1470588,-0.1274510,-0.4294118
03b3cea2a1fa3005,-0.4882353,0.2019608,0.3078431,0.1352941,0.1313725,0.4803922,-0.3117647,-0.4803922,0.1745098,0.1509804,-0.3039216,-0.4764706,-0.0843137,-0.3627451,-0.4803922,0.4176471,-0.4882353,0.2019608,0.3078431,0.1352941,0.1313725,0.4803922,-0.3117647,-0.4803922,0.1745098,0.1509804,-0.3039216,-0.4764706,-0.0843137,-0.3627451,-0.4803922,0.4176471
db99e955f05b3d2e,0.3588235,0.1000000,0.4137255,-0.1666667,0.4411765,-0.1431373,-0.2607843,-0.3196078,0.1352941,-0.4803922,0.3039216,0.0607843,0.1509804,-0.0725490,-0.1901961,-0.1117647,0.3588235,0.1000000,0.4137255,-0.1666667,0.4411765,-0.1431373,-0.2607843,-0.3196078,0.1352941,-0.4803922,0.3039216,0.0607843,0.1509804,-0.0725490,-0.1901961,-0.1117647
6ac20b88a5deb664,-0.0843137,0.2607843,-0.4568627,0.0333333,0.1470588,0.3705882,0.2137255,-0.1078431,-0.2764706,-0.2098039,0.2803922,-0.4529412,-0.4686275,-0.3392157,0.1000000,0.2450980,-0.0843137,0.2607843,-0.4568627,0.0333333,0.1470588,0.3705882,0.2137255,-0.1078431,-0.2764706,-0.2098039,0.2803922,-0.4529412,-0.4686275,-0.3392157,0.1000000,0.2450980
01bdd57b83f9fc34,-0.4960784,0.2411765,0.3352941,-0.0176471,0.0137255,0.4764706,0.4882353,-0.2960784,0.0725490,-0.3588235,-0.0333333,-0.1000000,0.4372549,0.0607843,0.3235294,0.1784314,-0.4960784,0.2411765,0.3352941,-0.0176471,0.0137255,0.4764706,0.4882353,-0.2960784,0.0725490,-0.3588235,-0.0333333,-0.1000000,0.4372549,0.0607843,0.3235294,0.1784314
d19cc080c25cb4ce,0.3196078,0.1117647,0.2529412,0.0019608,0.2607843,-0.1392157,0.2058824,0.3078431,-0.4450980,0.4568627,0.1705882,-0.4215686,-0.0333333,-0.0411765,0.3000000,0.1745098,0.3196078,0.1117647,0.2529412,0.0019608,0.2607843,-0.1392157,0.2058824,0.3078431,-0.4450980,0.4568627,0.1705882,-0.4215686,-0.0333333,-0.0411765,0.3000000,0.1745098
ab4a89d25200d3c4,0.1705882,-0.2098039,0.0372549,0.3235294,-0.1784314,-0.5000000,0.3274510,0.2686275,0.4490196,-0.4215686,-0.0686275,-0.1980392,-0.0333333,0.0215686,-0.2019608,-0.1392157,0.1705882,-0.2098039,0.0372549,0.3235294,-0.1784314,-0.5000000,0.3274510,0.2686275,0.4490196,-0.4215686,-0.0686275,-0.1980392,-0.0333333,0.0215686,-0.2019608,-0.1392157
e03a944c9af2d326,0.3784314,-0.2725490,0.0803922,-0.2019608,0.1039216,0.4490196,0.3274510,-0.3509804,0.4450980,0.1784314,-0.3470588,0.1313725,0.4058824,-0.5000000,-0.1000000,-0.1000000,0.3784314,-0.2725490,0.0803922,-0.2019608,0.1039216,0.4490196,0.3274510,-0.3509804,0.4450980,0.1784314,-0.3470588,0.1313725,0.4058824,-0.5000000,-0.1000000,-0.1000000
fe19403d31d16f4a,0.4960784,-0.4019608,-0.2490196,-0.2607843,-0.3078431,0.3196078,-0.0647059,-0.2098039,-0.3509804,-0.0843137,0.2529412,-0.1862745,-0.3549020,0.2882353,0.0372549,0.1392157,0.4960784,-0.4019608,-0.2490196,-0.2607843,-0.3078431,0.3196078,-0.0647059,-0.2098039,-0.3509804,-0.0843137,0.2529412,-0.1862745,-0.3549020,0.2882353,0.0372549,0.1392157
a7356beb273c5abd,0.1549020,-0.2921569,-0.0803922,0.4215686,-0.3470588,-0.2647059,-0.1470588,0.2411765,0.4098039,-0.1313725,0.1941176,0.2490196,0.1156863,-0.0529412,0.0215686,0.0725490,0.1549020,-0.2921569,-0.0803922,0.4215686,-0.3470588,-0.2647059,-0.1470588,0.2411765,0.4098039,-0.1313725,0.1941176,0.2490196,0.1156863,-0.0529412,0.0215686,0.0725490
be2d973c2296c9bd,0.2450980,-0.3235294,0.0921569,-0.2647059,-0.3666667,0.0882353,0.2882353,0.2411765,-0.4450980,0.1078431,0.4607843,0.3980392,0.4960784,-0.2333333,-0.4372549,-0.5000000,0.2450980,-0.3235294,0.0921569,-0.2647059,-0.3666667,0.0882353,0.2882353,0.2411765,-0.4450980,0.1078431,0.4607843,0.3980392,0.4960784,-0.2333333,-0.4372549,-0.5000000
8104a53e1c4528ec,0.0058824,-0.4843137,0.1470588,-0.2568627,-0.3901961,-0.2294118,-0.3431373,0.4254902,-0.4803922,0.0254902,-0.1862745,-0.2019608,0.3431373,-0.1196078,0.4254902,0.3588235,0.0058824,-0.4843137,0.1470588,-0.2568627,-0.3901961,-0.2294118,-0.3431373,0.4254902,-0.4803922,0.0254902,-0.1862745,-0.2019608,0.3431373,-0.1196078,0.4254902,0.3588235
26e48566b5448a65,-0.3509804,0.3941176,0.0215686,-0.1000000,0.2098039,-0.2333333,0.0411765,-0.1039216,-0.0529412,0.1313725,0.0960784,-0.0568627,-0.4137255,-0.2058824,-0.0725490,-0.4490196,-0.3509804,0.3941176,0.0215686,-0.1000000,0.2098039,-0.2333333,0.0411765,-0.1039216,-0.0529412,0.1313725,0.0960784,-0.0568627,-0.4137255,-0.2058824,-0.0725490,-0.4490196
3bedb119e03de765,-0.2686275,0.4294118,0.1941176,-0.4019608,0.3784314,-0.2607843,0.4058824,-0.1039216,-0.0686275,0.3627451,0.1078431,0.3627451,-0.2843137,-0.4098039,-0.4764706,0.0960784,-0.2686275,0.4294118,0.1941176,-0.4019608,0.3784314,-0.2607843,0.4058824,-0.1039216,-0.0686275,0.3627451,0.1078431,0.3627451,-0.2843137,-0.4098039,-0.4764706,0.0960784
0ce82f1c0ec6ddd6,-0.4529412,0.4098039,-0.3156863,-0.3901961,-0.4450980,0.2764706,0.3666667,0.3392157,-0.1078431,0.4921569,-0.4333333,-0.0254902,-0.0333333,-0.0725490,-0.3196078,0.3274510,-0.4529412,0.4098039,-0.3156863,-0.3901961,-0.4450980,0.2764706,0.3666667,0.3392157,-0.1078431,0.4921569,-0.4333333,-0.0254902,-0.0333333,-0.0725490,-0.3196078,0.3274510
426ac92975627631,-0.2411765,-0.0843137,0.2882353,-0.3392157,-0.0411765,-0.1156863,-0.0372549,-0.3078431,0.3352941,0.1078431,0.3549020,0.0058824,-0.3431373,0.3156863,-0.0176471,-0.4058824,-0.2411765,-0.0843137,0.2882353,-0.3392157,-0.0411765,-0.1156863,-0.0372549,-0.3078431,0.3352941,0.1078431,0.3549020,0.0058824,-0.3431373,0.3156863,-0.0176471,-0.4058824
c247942b56f37af8,0.2607843,-0.2215686,0.0803922,-0.3313725,-0.1627451,0.4529412,-0.0215686,0.4725490,-0.2843137,-0.1823529,-0.3666667,-0.1745098,-0.2921569,-0.3392157,0.0450980,-0.4490196,0.2607843,-0.2215686,0.0803922,-0.3313725,-0.1627451,0.4529412,-0.0215686,0.4725490,-0.2843137,-0.1823529,-0.3666667,-0.1745098,-0.2921569,-0.3392157,0.0450980,-0.4490196
314f663e9e992169,-0.3078431,-0.1901961,-0.1000000,-0.2568627,0.1196078,0.1000000,-0.3705882,-0.0882353,0.4490196,-0.0254902,-0.3549020,0.3156863,0.3549020,-0.2058824,-0.2333333,0.0764706,-0.3078431,-0.1901961,-0.1000000,-0.2568627,0.1196078,0.1000000,-0.3705882,-0.0882353,0.4490196,-0.0254902,-0.3549020,0.3156863,0.3549020,-0.2058824,-0.2333333,0.0764706
94fc5e8771fa3f98,0.0803922,0.4882353,-0.1313725,0.0294118,-0.0568627,0.4803922,-0.2529412,0.0960784,-0.1745098,0.0921569,0.4333333,0.0294118,-0.1745098,0.4764706,-0.2333333,-0.1549020,0.0803922,0.4882353,-0.1313725,0.0294118,-0.0568627,0.4803922,-0.2529412,0.0960784,-0.1745098,0.0921569,0.4333333,0.0294118,-0.1745098,0.4764706,-0.2333333,-0.1549020
c300966c67219061,0.2647059,-0.5000000,0.0882353,-0.0764706,-0.0960784,-0.3705882,0.0647059,-0.1196078,-0.4411765,-0.3627451,0.0843137,-0.0529412,-0.0254902,0.2333333,-0.3745098,0.0568627,0.2647059,-0.5000000,0.0882353,-0.0764706,-0.0960784,-0.3705882,0.0647059,-0.1196078,-0.4411765,-0.3627451,0.0843137,-0.0529412,-0.0254902,0.2333333,-0.3745098,0.0568627
56a2d7452e27eced,-0.1627451,0.1352941,0.3431373,-0.2294118,-0.3196078,-0.3470588,0.4254902,0.4294118,-0.3470588,-0.4176471,0.1000000,0.0137255,0.0568627,0.2843137,-0.3745098,0.3941176,-0.1627451,0.1352941,0.3431373,-0.2294118,-0.3196078,-0.3470588,0.4254902,0.4294118,-0.3470588,-0.4176471,0.1000000,0.0137255,0.0568627,0.2843137,-0.3745098,0.3941176
422fcc1447f60d02,-0.2411765,-0.3156863,0.3000000,-0.4215686,-0.2215686,0.4647059,-0.4490196,-0.4921569,-0.1901961,0.3313725,0.2921569,0.3392157,0.0725490,-0.4960784,0.4411765,-0.0411765,-0.2411765,-0.3156863,0.3000000,-0.4215686,-0.2215686,0.4647059,-0.4490196,-0.4921569,-0.1901961,0.3313725,0.2921569,0.3392157,0.0725490,-0.4960784,0.4411765,-0.0411765
03de04eb3fc3762d,-0.4882353,0.3705882,-0.4843137,0.4215686,-0.2529412,0.2647059,-0.0372549,-0.3235294,0.0372549,0.1588235,0.3470588,-0.4764706,0.2490196,-0.3549020,-0.0098039,0.2764706,-0.4882353,0.3705882,-0.4843137,0.4215686,-0.2529412,0.2647059,-0.0372549,-0.3235294,0.0372549,0.1588235,0.3470588,-0.4764706,0.2490196,-0.3549020,-0.0098039,0.2764706
7253b7b60ed4894d,-0.0529412,-0.1745098,0.2176471,0.2137255,-0.4450980,0.3313725,0.0372549,-0.1980392,0.3705882,-0.0725490,-0.0529412,-0.4529412,0.4568627,-0.0882353,0.0568627,-0.3078431,-0.0529412,-0.1745098,0.2176471,0.2137255,-0.4450980,0.3313725,0.0372549,-0.1980392,0.3705882,-0.0725490,-0.0529412,-0.4529412,0.4568627,-0.0882353,0.0568627,-0.3078431
ca7a9ac5c843d3df,0.2921569,-0.0215686,0.1039216,0.2725490,0.2843137,-0.2372549,0.3274510,0.3745098,-0.1000000,0.0960784,0.0411765,0.4372549,-0.1862745,0.2019608,-0.2372549,0.0058824,0.2921569,-0.0215686,0.1039216,0.2725490,0.2843137,-0.2372549,0.3274510,0.3745098,-0.1000000,0.0960784,0.0411765,0.4372549,-0.1862745,0.2019608,-0.2372549,0.0058824
5b41fdedc562ceb5,-0.1431373,-0.2450980,0.4921569,0.4294118,0.2725490,-0.1156863,0.3078431,0.2098039,0.3078431,0.0215686,-0.1627451,0.2921569,0.0803922,-0.4607843,0.0882353,0.0568627,-0.1431373,-0.2450980,0.4921569,0.4294118,0.2725490,-0.1156863,0.3078431,0.2098039,0.3078431,0.0215686,-0.1627451,0.2921569,0.0803922,-0.4607843,0.0882353,0.0568627
c9b85510847d6cbc,0.2882353,0.2215686,-0.1666667,-0.4372549,0.0176471,-0.0098039,-0.0764706,0.2372549,-0.0490196,0.1627451,-0.4019608,0.2372549,-0.0764706,-0.4058824,-0.1745098,0.4607843,0.2882353,0.2215686,-0.1666667,-0.4372549,0.0176471,-0.0098039,-0.0764706,0.2372549,-0.0490196,0.1627451,-0.4019608,0.2372549,-0.0764706,-0.4058824,-0.1745098,0.4607843
55bbfbfa0efb4b5c,-0.1666667,0.2333333,0.4843137,0.4803922,-0.4450980,0.4843137,-0.2058824,-0.1392157,-0.0019608,0.0803922,-0.3980392,-0.4411765,-0.3235294,-0.2803922,-0.0254902,0.3745098,-0.1666667,0.2333333,0.4843137,0.4803922,-0.4450980,0.4843137,-0.2058824,-0.1392157,-0.0019608,0.0803922,-0.3980392,-0.4411765,-0.3235294,-0.2803922,-0.0254902,0.3745098
91c156f7c2d013bb,0.0686275,0.2568627,-0.1627451,0.4686275,0.2607843,0.3156863,-0.4254902,0.2333333,0.0882353,-0.1274510,0.1000000,-0.1627451,0.3078431,-0.4450980,0.1274510,0.4725490,0.0686275,0.2568627,-0.1627451,0.4686275,0.2607843,0.3156863,-0.4254902,0.2333333,0.0882353,-0.1274510,0.1000000,-0.1627451,0.3078431,-0.4450980,0.1274510,0.4725490
b9ec93229ff1c405,0.2254902,0.4254902,0.0764706,-0.3666667,0.1235294,0.4450980,0.2686275,-0.4803922,0.1392157,0.4803922,0.3431373,-0.4333333,0.4882353,0.2764706,0.1784314,-0.0921569,0.2254902,0.4254902,0.0764706,-0.3666667,0.1235294,0.4450980,0.2686275,-0.4803922,0.1392157,0.4803922,0.3431373,-0.4333333,0.4882353,0.2764706,0.1784314,-0.0921569
f2e9d3c207b9e306,0.4490196,0.4137255,0.3274510,0.2607843,-0.4725490,0.2254902,0.3901961,-0.4764706,0.2254902,-0.4137255,-0.0137255,-0.1313725,-0.0490196,0.0215686,0.1039216,-0.2803922,0.4490196,0.4137255,0.3274510,0.2607843,-0.4725490,0.2254902,0.3901961,-0.4764706,0.2254902,-0.4137255,-0.0137255,-0.1313725,-0.0490196,0.0215686,0.1039216,-0.2803922
1f52299e137b329f,-0.3784314,-0.1784314,-0.3392157,0.1196078,-0.4254902,-0.0176471,-0.3039216,0.1235294,-0.1039216,-0.4294118,-0.2882353,-0.4568627,-0.1627451,-0.2019608,0.3862745,0.4137255,-0.3784314,-0.1784314,-0.3392157,0.1196078,-0.4254902,-0.0176471,-0.3039216,0.1235294,-0.1039216,-0.4294118,-0.2882353,-0.4568627,-0.1627451,-0.2019608,0.3862745,0.4137255
508e953d5667a4e8,-0.1862745,0.0568627,0.0843137,-0.2607843,-0.1627451,-0.0960784,0.1431373,0.4098039,-0.0960784,0.3000000,-0.0098039,0.0254902,-0.2294118,-0.4450980,0.2372549,-0.2019608,-0.1862745,0.0568627,0.0843137,-0.2607843,-0.1627451,-0.0960784,0.1431373,0.4098039,-0.0960784,0.3000000,-0.0098039,0.0254902,-0.2294118,-0.4450980,0.2372549,-0.2019608
44796d01432cf8d6,-0.2333333,-0.0254902,-0.0725490,-0.4960784,-0.2372549,-0.3274510,0.4725490,0.3392157,-0.0607843,0.0098039,0.0529412,-0.0843137,-0.1862745,0.0019608,0.3274510,0.4882353,-0.2333333,-0.0254902,-0.0725490,-0.4960784,-0.2372549,-0.3274510,0.4725490,0.3392157,-0.0607843,0.0098039,0.0529412,-0.0843137,-0.1862745,0.0019608,0.3274510,0.4882353
55a845f9bde4c012,-0.1666667,0.1588235,-0.2294118,0.4764706,0.2411765,0.3941176,0.2529412,-0.4294118,-0.4647059,-0.3784314,0.4686275,0.2490196,0.4529412,-0.1941176,0.0607843,0.1000000,-0.1666667,0.1588235,-0.2294118,0.4764706,0.2411765,0.3941176,0.2529412,-0.4294118,-0.4647059,-0.3784314,0.4686275,0.2490196,0.4529412,-0.1941176,0.0607843,0.1000000
54174be72e0d67d5,-0.1705882,-0.4098039,-0.2058824,0.4058824,-0.3196078,-0.4490196,-0.0960784,0.3352941,0.4568627,-0.2647059,0.1470588,-0.0137255,0.1392157,0.3431373,0.4686275,-0.0882353,-0.1705882,-0.4098039,-0.2058824,0.4058824,-0.3196078,-0.4490196,-0.0960784,0.3352941,0.4568627,-0.2647059,0.1470588,-0.0137255,0.1392157,0.3431373,0.4686275,-0.0882353
