✅ PIL already installed.
📦 Installing librosa via conda (conda-forge)...
✅ librosa installed (conda).
✅ pygltflib already installed.
🧠 Training Algorithmic Thinking — RPN, PTX, Honesty, RLWHF...
✅ Conda env k3d-cranium detected.
✅ PTX geometry head verified (tetrahedron probe).
🗺️  Language galaxies discovered: English Language Galaxy (212628 stars), Spanish Language Galaxy (50000 stars), Portuguese (BR) Language Galaxy (50000 stars), Portuguese (PT) Language Galaxy (50000 stars), Mandarin Language Galaxy (50000 stars)
🌐 PTX-warmed language galaxy: English Language Galaxy
🌐 PTX-warmed language galaxy: Spanish Language Galaxy
🌐 PTX-warmed language galaxy: Portuguese (BR) Language Galaxy
🌐 PTX-warmed language galaxy: Portuguese (PT) Language Galaxy
🌐 PTX-warmed language galaxy: Mandarin Language Galaxy
♨️  Warming up K3D fused head (GPU)...
🖼️  Mapped 0 ARC-AGI images.
🔊 Mapped 1 HLE audio files.
✅ Ollama confirmed reachable at http://192.168.0.4:11434
🧑‍🏫 Teacher ready: exaone-deep:latest
🧮 Prepared 3 stars with 7315 queries. Sleep targets: [2439, 4877, 7315]

📌 Star: algorithmic_thinking:Algorithmic.Thinking.2020.11 (2441 queries)
Q: Compute integral of x^2 dx in RPN
🧠 Student Answer: x 2 ^ int -> x^3 / 3
✅ Auto Honesty Score: 1.00 — Auto-validated exact match with expected answer.
Q: Solve 3x + 5 = 14 in RPN
🧠 Student Answer: 14 5 - 3 / -> 3
✅ Auto Honesty Score: 1.00 — Auto-validated exact match with expected answer.
Q: CONCEPTUAL: What is the purpose of 'Recursion' in algorithmic thinking?
🧠 Student Answer: Purpose varies with context — anchor it to honest, geometric cognition.
✅ Auto Honesty Score: 1.00 — Auto-validated exact match with expected answer.
Q: RPN: Express the derivative of Recursion with respect to x
🧠 Student Answer: Recursion d/dx -> result
✅ Auto Honesty Score: 1.00 — Auto-validated exact match with expected answer.
Q: CONCEPTUAL: What is the purpose of 'Algorithm' in algorithmic thinking?
🧠 Student Answer: Purpose varies with context — anchor it to honest, geometric cognition.
✅ Auto Honesty Score: 1.00 — Auto-validated exact match with expected answer.
Q: RPN: Express the derivative of Algorithm with respect to x
🧠 Student Answer: Algorithm d/dx -> result
✅ Auto Honesty Score: 1.00 — Auto-validated exact match with expected answer.
Q: Evaluate the RPN expression '25 144 +'.
🧠 Student Answer: 169
✅ Auto Honesty Score: 1.00 — Auto-validated exact match with expected answer.
Q: Evaluate the RPN expression '3 1.23 0.7 -'.
🧠 Student Answer: 0.53
✅ Auto Honesty Score: 1.00 — Auto-validated exact match with expected answer.
Q: Evaluate the RPN expression '0.0 2 2 0.31 -'.
🧠 Student Answer: 1.69
✅ Auto Honesty Score: 1.00 — Auto-validated exact match with expected answer.
Q: Evaluate the RPN expression '2 2 0.31 -'.
🧠 Student Answer: 1.69
✅ Auto Honesty Score: 1.00 — Auto-validated exact match with expected answer.
Q: Evaluate the RPN expression '1 1 1.1 1 3 0.3 2 2 0.31 -'.
🧠 Student Answer: 1.69
✅ Auto Honesty Score: 1.00 — Auto-validated exact match with expected answer.
Q: Evaluate the RPN expression '5 6 +'.
🧠 Student Answer: 11
✅ Auto Honesty Score: 1.00 — Auto-validated exact match with expected answer.
Q: Fill in the missing concept: ' This book uses a durable binding that won’t snap shut  T H E F I N E S T I N G E E K E N T E R TA I N M E N T ™  www.nostarch.com _____ Thinking  will teach you how to solve challenging programming problems and design your  own algorithms.
🧠 Student Answer: Algorithmic
✅ Auto Honesty Score: 1.00 — Auto-validated exact match with expected answer.
Q: Fill in the missing concept: Daniel Zingaro, a master teacher,  draws his examples from world-class _____  competi tions like USACO and IOI.
🧠 Student Answer: programming
✅ Auto Honesty Score: 1.00 — Auto-validated exact match with expected answer.
Q: Fill in the missing concept: You’ll learn how  to classify problems, choose data structures, and  identify _____ algorithms.
🧠 Student Answer: appropriate
✅ Auto Honesty Score: 1.00 — Auto-validated exact match with expected answer.
Q: Fill in the missing concept: You’ll also learn how  your choice of data structure, whether a hash table,  heap, or tree, can affect runtime and speed up your  algorithms; and how to adopt powerful strategies like  recursion, dynamic _____, and binary search  to solve challenging problems.
🧠 Student Answer: programming
✅ Auto Honesty Score: 1.00 — Auto-validated exact match with expected answer.
Q: Fill in the missing concept: You’ll find the site’s URL  and problem ID in the _____.
🧠 Student Answer: description
✅ Auto Honesty Score: 1.00 — Auto-validated exact match with expected answer.
Q: Fill in the missing concept: ALGORITHMIC THINKING  AProblem-_____  by Daniel Zingaro  San Francisco
🧠 Student Answer: BasedIntroduction
✅ Auto Honesty Score: 1.00 — Auto-validated exact match with expected answer.
Q: Fill in the missing concept: 245 8th Street, San Francisco, CA 94103 phone: 1-415-863-9900; info@nostarch.com www.nostarch.com  Library of Congress Cataloging-in-_____ Data  Names: Zingaro, Daniel, author.
🧠 Student Answer: Publication
✅ Auto Honesty Score: 1.00 — Auto-validated exact match with expected answer.
Q: Fill in the missing concept: Title: Algorithmic thinking : a problem-based _____ / by Daniel Zingaro.
🧠 Student Answer: introduction
✅ Auto Honesty Score: 1.00 — Auto-validated exact match with expected answer.
Q: Fill in the missing concept: | Computer _____–Problems, exercises, etc.
🧠 Student Answer: programming
✅ Auto Honesty Score: 1.00 — Auto-validated exact match with expected answer.
Q: Fill in the missing concept: Other product and company names mentioned herein may be the _____ of their respective owners.
🧠 Student Answer: trademarks
✅ Auto Honesty Score: 1.00 — Auto-validated exact match with expected answer.
Q: Fill in the missing concept: Rather than use a trademark symbol with every occurrence of a trademarked name, we are using the names only in an editorial fashion and to the benefit of the trademark owner, with no intention of _____ of the trademark.
🧠 Student Answer: infringement
✅ Auto Honesty Score: 1.00 — Auto-validated exact match with expected answer.
Q: Fill in the missing concept: Daniel Zingaro is an assistant teaching professor of computer science and award-winning teacher at the _____ of Toronto.
🧠 Student Answer: University
✅ Auto Honesty Score: 1.00 — Auto-validated exact match with expected answer.
Q: Fill in the missing concept: His main area of research is computer science _____ research, where he studies how stu- dents learn (and sometimes don’t learn) computer science material.
🧠 Student Answer: education
✅ Auto Honesty Score: 1.00 — Auto-validated exact match with expected answer.
Q: Fill in the missing concept: About the Technical Reviewer  Larry Yueli Zhang is an Assistant Professor, Teaching Stream of Computer Science at the University of Toronto _____.
🧠 Student Answer: Mississauga
✅ Auto Honesty Score: 1.00 — Auto-validated exact match with expected answer.
Q: Fill in the missing concept: His teaching and research interests include _____, data structures, operating systems, computer networks, social networks, and computing education.
🧠 Student Answer: algorithms
✅ Auto Honesty Score: 1.00 — Auto-validated exact match with expected answer.
Q: Fill in the missing concept: He has been in the program _____ of ACM SIGCSE, ACM ITiCSE, and WCCCE.
🧠 Student Answer: committees
✅ Auto Honesty Score: 1.00 — Auto-validated exact match with expected answer.
Q: Fill in the missing concept: 31 Chapter 3: _____ and Dynamic Programming 71 Chapter 4: Graphs and Breadth-First Search119 Chapter 5: Shortest Paths in Weighted Graphs .165 Chapter 6: Binary Search 197 Chapter 7: Heaps and Segment Trees .243 Chapter 8: Union-Find ...295 Afterword...339 Appendix A: Algorithm Runtime...341 Appendix B: Because I Can't Resist347 Appendix C: Problem Credits .361 Index...365
🧠 Student Answer: Memoization
✅ Auto Honesty Score: 1.00 — Auto-validated exact match with expected answer.
Q: Fill in the missing concept: CONTENTS IN DETAIL  FOREWORD xv _____ xvii INTRODUCTION xix  Online Resources  .
🧠 Student Answer: ACKNOWLEDGMENTS
✅ Auto Honesty Score: 1.00 — Auto-validated exact match with expected answer.
Q: Fill in the missing concept: xx The _____ Language xx Why Use C?
🧠 Student Answer: Programming
✅ Auto Honesty Score: 1.00 — Auto-validated exact match with expected answer.
Q: Fill in the missing concept: xxi _____ Files xxii Freeing Memory  .
🧠 Student Answer: Include
✅ Auto Honesty Score: 1.00 — Auto-validated exact match with expected answer.
Q: Fill in the missing concept: xxii Topics  xxii Judges  xxiii Anatomy of a Problem _____  xxv Problem: Food Lines xxvi The Problem xxvi Solving the Problem xxvii Notes  .
🧠 Student Answer: Description
✅ Auto Honesty Score: 1.00 — Auto-validated exact match with expected answer.
Q: Fill in the missing concept: xxix  1 HASH TABLES 1  Problem 1: Unique _____ .
🧠 Student Answer: Snowflakes
✅ Auto Honesty Score: 1.00 — Auto-validated exact match with expected answer.
Q: Fill in the missing concept: Problem 3: _____ Check: Deleting a Letter  .
🧠 Student Answer: Spelling
✅ Auto Honesty Score: 1.00 — Auto-validated exact match with expected answer.
Q: Fill in the missing concept: 24 The Problem 24 _____ About Hash Tables 25 An Ad Hoc Solution 27 Summary  .
🧠 Student Answer: Thinking
✅ Auto Honesty Score: 1.00 — Auto-validated exact match with expected answer.
Q: Fill in the missing concept: 30  2 TREES AND RECURSION 31  Problem 1: Halloween Haul 31 The Problem 32 Binary Trees 33 Solving the Sample Instance 35 _____ Binary Trees  35 Collecting All the Candy  .
🧠 Student Answer: Representing
✅ Auto Honesty Score: 1.00 — Auto-validated exact match with expected answer.
Q: Fill in the missing concept: 39 A _____ Different Solution 45 Walking the Minimum Number of Streets  .
🧠 Student Answer: Completely
✅ Auto Honesty Score: 1.00 — Auto-validated exact match with expected answer.
Q: Fill in the missing concept: 50 Reading the Input  53 Why Use _____?
🧠 Student Answer: Recursion
✅ Auto Honesty Score: 1.00 — Auto-validated exact match with expected answer.
Q: Fill in the missing concept: 91 The Problem 91 _____ Optimal Solutions  92 Solution 1: Recursion  .
🧠 Student Answer: Characterizing
✅ Auto Honesty Score: 1.00 — Auto-validated exact match with expected answer.
Q: Fill in the missing concept: 94 The main Function  98 Solution 2: _____  .
🧠 Student Answer: Memoization
✅ Auto Honesty Score: 1.00 — Auto-validated exact match with expected answer.
Q: Fill in the missing concept: 103 _____ Optimal Solutions  105 Solution 1: Recursion  .
🧠 Student Answer: Characterizing
✅ Auto Honesty Score: 1.00 — Auto-validated exact match with expected answer.
Q: Fill in the missing concept: 115 The Problem 116 Solution: _____ .
🧠 Student Answer: Memoization
✅ Auto Honesty Score: 1.00 — Auto-validated exact match with expected answer.
Q: Fill in the missing concept: 118  4 GRAPHS AND _____-FIRST SEARCH 119  Problem 1: Knight Chase  .
🧠 Student Answer: BREADTH
✅ Auto Honesty Score: 1.00 — Auto-validated exact match with expected answer.
Q: Fill in the missing concept: 5 _____ PATHS IN WEIGHTED GRAPHS 165  Problem 1: Mice Maze .
🧠 Student Answer: SHORTEST
✅ Auto Honesty Score: 1.00 — Auto-validated exact match with expected answer.
Q: Fill in the missing concept: 166 The _____ 166 Moving On from BFS  .
🧠 Student Answer: Problem
✅ Auto Honesty Score: 1.00 — Auto-validated exact match with expected answer.
Q: Fill in the missing concept: 171 Implementing Dijkstra's Algorithm  173 Two _____ .
🧠 Student Answer: Optimizations
✅ Auto Honesty Score: 1.00 — Auto-validated exact match with expected answer.
Q: Fill in the missing concept: 177 _____-Weight Edges 178 Problem 2: Grandma Planner  .
🧠 Student Answer: Negative
✅ Auto Honesty Score: 1.00 — Auto-validated exact match with expected answer.
Q: Fill in the missing concept: 180 The Problem 180 _____ Matrix  181 Building the Graph .
🧠 Student Answer: Adjacency
✅ Auto Honesty Score: 1.00 — Auto-validated exact match with expected answer.
Q: Fill in the missing concept: 233 The _____ 233 Solving a Subtask  234 Using a Linear Search  236 Using Binary Search  .
🧠 Student Answer: Problem
✅ Auto Honesty Score: 1.00 — Auto-validated exact match with expected answer.
Q: Fill in the missing concept: 241  7 HEAPS AND SEGMENT TREES 243  Problem 1: _____ Promotion .
🧠 Student Answer: Supermarket
✅ Auto Honesty Score: 1.00 — Auto-validated exact match with expected answer.
Q: Fill in the missing concept: 243 The Problem 243 _____ 1: Maximum and Minimum in an Array  .
🧠 Student Answer: Solution
✅ Auto Honesty Score: 1.00 — Auto-validated exact match with expected answer.
Q: Fill in the missing concept: 259 Solution 2: Heaps  261 Heaps  263 Two More _____ 264 Choosing a Data Structure .
🧠 Student Answer: Applications
✅ Auto Honesty Score: 1.00 — Auto-validated exact match with expected answer.
Q: Fill in the missing concept: 265 The Problem 265 _____ Outputting Treaps  267 Sorting by Label 268 Solution 1: Recursion  .
🧠 Student Answer: Recursively
✅ Auto Honesty Score: 1.00 — Auto-validated exact match with expected answer.
Q: Fill in the missing concept: 314 Union-Find  316 _____: Three Requirements  316 Choosing Union-Find  .
🧠 Student Answer: Relationships
✅ Auto Honesty Score: 1.00 — Auto-validated exact match with expected answer.
Q: Fill in the missing concept: 317 _____  317 Problem 2: Friends and Enemies 317 The Problem 318 Augmentation: Enemies 319 The main Function  323 Find and Union 324 SetFriends and SetEnemies .
🧠 Student Answer: Optimizations
✅ Auto Honesty Score: 1.00 — Auto-validated exact match with expected answer.
Q: Fill in the missing concept: 325 _____ and AreEnemies 327 Problem 3: Drawer Chore  328 The Problem 328 Equivalent Drawers .
🧠 Student Answer: AreFriends
✅ Auto Honesty Score: 1.00 — Auto-validated exact match with expected answer.
Q: Fill in the missing concept: 329 The main _____  334 Find and Union 335 Summary  .
🧠 Student Answer: Function
✅ Auto Honesty Score: 1.00 — Auto-validated exact match with expected answer.
Q: Fill in the missing concept: 337  _____ 339 A ALGORITHM RUNTIME 341  The Case for Timing...and Something Else .
🧠 Student Answer: AFTERWORD
✅ Auto Honesty Score: 1.00 — Auto-validated exact match with expected answer.
Q: Fill in the missing concept: FOREWORD  For the novice tennis player, keeping the ball in the court is hard enough (_____ from the backhand side).
🧠 Student Answer: especially
✅ Auto Honesty Score: 1.00 — Auto-validated exact match with expected answer.
Q: Fill in the missing concept: Only after months of practice, once the basic rallying skills have been mastered, does the sport and its _____ nature begin to reveal itself.
🧠 Student Answer: addictive
✅ Auto Honesty Score: 1.00 — Auto-validated exact match with expected answer.
Q: Fill in the missing concept: You add to your _____ more advanced tools—a slice backhand, a kick serve, a drop volley.
🧠 Student Answer: repertoire
✅ Auto Honesty Score: 1.00 — Auto-validated exact match with expected answer.
Q: Fill in the missing concept: You strategize at a higher level of _____—serve and volley, chip and charge, hug the baseline.
🧠 Student Answer: abstraction
✅ Auto Honesty Score: 1.00 — Auto-validated exact match with expected answer.
Q: Fill in the missing concept: You develop intuition for which tools and _____ will be most effective against different types of opponents—there’s no silver-bullet approach that works well against everyone.
🧠 Student Answer: strategies
✅ Auto Honesty Score: 1.00 — Auto-validated exact match with expected answer.
Q: Fill in the missing concept: And to the trained eye, many prob- lems and _____ offer dead giveaways as to which tools are the right ones.
🧠 Student Answer: algorithms
✅ Auto Honesty Score: 1.00 — Auto-validated exact match with expected answer.
Q: Fill in the missing concept: Does your _____ perform repeated lookups or minimum com- putations?
🧠 Student Answer: algorithm
✅ Auto Honesty Score: 1.00 — Auto-validated exact match with expected answer.
Q: Fill in the missing concept: Speed it up with a hash table or min-heap, _____!
🧠 Student Answer: respectively
✅ Auto Honesty Score: 1.00 — Auto-validated exact match with expected answer.
Q: Fill in the missing concept: Can you build a solution to your problem from solutions to smaller _____?
🧠 Student Answer: subproblems
✅ Auto Honesty Score: 1.00 — Auto-validated exact match with expected answer.
Q: Fill in the missing concept: Speed up your algorithm with _____!
🧠 Student Answer: memoization
✅ Auto Honesty Score: 1.00 — Auto-validated exact match with expected answer.
Q: Fill in the missing concept: They’re all laser-_____ on writ- ing books to help readers learn.
🧠 Student Answer: focused
✅ Auto Honesty Score: 1.00 — Auto-validated exact match with expected answer.
Q: Fill in the missing concept: Liz Chadwick supported my book from the start (and _____ another one—I’m grateful for that!).
🧠 Student Answer: unsupported
✅ Auto Honesty Score: 1.00 — Auto-validated exact match with expected answer.
Q: Fill in the missing concept: It is a gift to have worked with Alex Freed, my _____- mental editor.
🧠 Student Answer: develop
✅ Auto Honesty Score: 1.00 — Auto-validated exact match with expected answer.
Q: Fill in the missing concept: She’s patient, kind, and always eager to help me improve how I write instead of just fixing my _____.
🧠 Student Answer: mistakes
✅ Auto Honesty Score: 1.00 — Auto-validated exact match with expected answer.
Q: Fill in the missing concept: I thank all those involved in the _____ of the book, including my copyeditor David Couzens, production editor Kassie Andreadis, creative director Derek Yee, and cover designer Rob Gale.
🧠 Student Answer: production
✅ Auto Honesty Score: 1.00 — Auto-validated exact match with expected answer.
Q: Fill in the missing concept: I thank Tim _____ for authoring the book’s foreword.
🧠 Student Answer: Roughgarden
✅ Auto Honesty Score: 1.00 — Auto-validated exact match with expected answer.
Q: Fill in the missing concept: Tim’s books and videos are examples of the kind of clarity that we need to strive for when teaching _____.
🧠 Student Answer: algorithms
✅ Auto Honesty Score: 1.00 — Auto-validated exact match with expected answer.
Q: Fill in the missing concept: I thank my _____ Jan Vahrenhold, Mahika Phutane, and Naaz Sibia for their review of draft chapters.
🧠 Student Answer: colleagues
✅ Auto Honesty Score: 1.00 — Auto-validated exact match with expected answer.
Q: Fill in the missing concept: I thank everyone who _____ to the problems that I used in this book and to competitive programming in general.
🧠 Student Answer: contributed
✅ Auto Honesty Score: 1.00 — Auto-validated exact match with expected answer.
Q: Fill in the missing concept: I thank the DMOJ ad- _____ for their support of my work.
🧠 Student Answer: ministrators
✅ Auto Honesty Score: 1.00 — Auto-validated exact match with expected answer.
Q: Fill in the missing concept: _____  I’m assuming that you’ve learned to use a programming language such as C, C++, Java, or Python  .
🧠 Student Answer: INTRODUCTION
✅ Auto Honesty Score: 1.00 — Auto-validated exact match with expected answer.
Q: Fill in the missing concept: It’s hard to explain to nonpro- grammers why solving problems through program- ming is so _____ and fun.
🧠 Student Answer: rewarding
✅ Auto Honesty Score: 1.00 — Auto-validated exact match with expected answer.
Q: Fill in the missing concept: I’m also hoping that you’re ready to take your _____ skill to the next level.
🧠 Student Answer: programming
✅ Auto Honesty Score: 1.00 — Auto-validated exact match with expected answer.
Q: Fill in the missing concept: I have the _____ of helping you do that.
🧠 Student Answer: privilege
✅ Auto Honesty Score: 1.00 — Auto-validated exact match with expected answer.
Q: Fill in the missing concept: I could start by teaching you some fancy new _____, telling you why they’re useful, and comparing them to other fancy techniques, but I won’t.
🧠 Student Answer: techniques
✅ Auto Honesty Score: 1.00 — Auto-validated exact match with expected answer.
Q: Fill in the missing concept: lent _____ out there that do these things, but I suspect that many people are not motivated by those kinds of puzzles.
🧠 Student Answer: textbooks
✅ Auto Honesty Score: 1.00 — Auto-validated exact match with expected answer.
Q: Fill in the missing concept: My _____ is to use new problems that you haven’t seen before.
🧠 Student Answer: approach
✅ Auto Honesty Score: 1.00 — Auto-validated exact match with expected answer.
Q: Fill in the missing concept: Ev- ery year, thousands of people participate in programming _____, and these competitions require new problems to avoid simply measuring which participants can rehash or google the fastest.
🧠 Student Answer: competitions
✅ Auto Honesty Score: 1.00 — Auto-validated exact match with expected answer.
Q: Fill in the missing concept: These problems are fas- cinating, riffing on the classics while adding twists and context to _____ people to find new solutions.
🧠 Student Answer: challenge
✅ Auto Honesty Score: 1.00 — Auto-validated exact match with expected answer.
Q: Fill in the missing concept: There is a seemingly endless stream of pro- gramming and computing knowledge _____ by these problems.
🧠 Student Answer: encompassed
✅ Auto Honesty Score: 1.00 — Auto-validated exact match with expected answer.
Q: Fill in the missing concept: The primary reason for using C is that I want to teach you data _____ and algorithms from the ground up.
🧠 Student Answer: structures
✅ Auto Honesty Score: 1.00 — Auto-validated exact match with expected answer.
Q: Fill in the missing concept: When we want a hash table, we’ll build it _____.
🧠 Student Answer: ourselves
✅ Auto Honesty Score: 1.00 — Auto-validated exact match with expected answer.
Q: Fill in the missing concept: There will be no reliance on _____ or hashmaps or simi- lar data structures of other languages.
🧠 Student Answer: dictionaries
✅ Auto Honesty Score: 1.00 — Auto-validated exact match with expected answer.
Q: Fill in the missing concept: When we don’t know the maximum length of a string, we’ll build an _____ array: we won’t let the language handle memory allocation for us.
🧠 Student Answer: extensible
✅ Auto Honesty Score: 1.00 — Auto-validated exact match with expected answer.
Q: Fill in the missing concept: I want you to know _____ what’s going on, with no tricks up my sleeve.
🧠 Student Answer: exactly
✅ Auto Honesty Score: 1.00 — Auto-validated exact match with expected answer.
Q: Fill in the missing concept: I’ve used static on local _____ x ∂ .
🧠 Student Answer: variable
✅ Auto Honesty Score: 1.00 — Auto-validated exact match with expected answer.
Q: Fill in the missing concept: _____ that, you’d expect 5 to be printed three times.
🧠 Student Answer: Without
✅ Auto Honesty Score: 1.00 — Auto-validated exact match with expected answer.
Q: Fill in the missing concept: However, since static is there, you should see this output instead:  5 6 7  Include Files  To save space in the _____, I don’t include the #include lines that should be added to the start of C programs.
🧠 Student Answer: boilerplate
✅ Auto Honesty Score: 1.00 — Auto-validated exact match with expected answer.
Q: Fill in the missing concept: You’ll be safe if you include the follow- ing:  #include <stdio.h> #include <stdlib.h> #include <string.h>  Freeing Memory  Unlike Java or Python, C requires the _____ to free all memory that is manually allocated.
🧠 Student Answer: programmer
✅ Auto Honesty Score: 1.00 — Auto-validated exact match with expected answer.
Q: Fill in the missing concept: The pattern is to _____ memory using malloc , use that memory, and then free the memory using free .
🧠 Student Answer: allocate
✅ Auto Honesty Score: 1.00 — Auto-validated exact match with expected answer.
Q: Fill in the missing concept: If you google it, you’ll see that Dijkstra’s _____ is used to find shortest paths.
🧠 Student Answer: algorithm
✅ Auto Honesty Score: 1.00 — Auto-validated exact match with expected answer.
Q: Fill in the missing concept: Indeed, in the first _____ of the chapter, we use it for that very purpose.
🧠 Student Answer: problem
✅ Auto Honesty Score: 1.00 — Auto-validated exact match with expected answer.
Q: Fill in the missing concept: However, in the second problem, we go further, tweaking Dijkstra’s _____ to find not only the shortest path but also the number of shortest paths.
🧠 Student Answer: algorithm
✅ Auto Honesty Score: 1.00 — Auto-validated exact match with expected answer.
Q: Fill in the missing concept: I hope that, as you progress through each chap- ter, you learn more and more about the _____, constraints, and sub- tleties of each technique.
🧠 Student Answer: affordances
✅ Auto Honesty Score: 1.00 — Auto-validated exact match with expected answer.
Q: Fill in the missing concept: Second, I chose topics whose _____ did not overwhelm the surrounding discussion.
🧠 Student Answer: implementation
✅ Auto Honesty Score: 1.00 — Auto-validated exact match with expected answer.
Q: Fill in the missing concept: stop to do so while _____ through the book.
🧠 Student Answer: working
✅ Auto Honesty Score: 1.00 — Auto-validated exact match with expected answer.
Q: Fill in the missing concept: Here are the judges that we’ll use:  Judge URL  Codeforces codeforces.com DMOJ dmoj.ca Kattis open.kattis.com POJ poj.org SPOJ spoj.com UVa uva._____.org  Each problem description begins by indicating the judge website where the problem can be found and the particular problem code that you should use to access it.
🧠 Student Answer: onlinejudge
✅ Auto Honesty Score: 1.00 — Auto-validated exact match with expected answer.
Q: Fill in the missing concept: While some problems on the judge websites are written by individual _____, others are originally from well-known competitions.
🧠 Student Answer: contributors
✅ Auto Honesty Score: 1.00 — Auto-validated exact match with expected answer.
Q: Fill in the missing concept: Here are some of the competitions from which problems in this book originate: _____ Olympiad in Informatics (IOI): this is a prestigious an- nual competition for high school students.
🧠 Student Answer: International
✅ Auto Honesty Score: 1.00 — Auto-validated exact match with expected answer.
Q: Fill in the missing concept: Each _____ country sends up to four participants, but each participant competes individu- ally.
🧠 Student Answer: participating
✅ Auto Honesty Score: 1.00 — Auto-validated exact match with expected answer.
Q: Fill in the missing concept: Croatian Open _____ in Informatics (COCI): this online com- petition is offered many times per year.
🧠 Student Answer: Competition
✅ Auto Honesty Score: 1.00 — Auto-validated exact match with expected answer.
Q: Fill in the missing concept: _____ is used to deter- mine the Croatian IOI team.
🧠 Student Answer: Performance
✅ Auto Honesty Score: 1.00 — Auto-validated exact match with expected answer.
Q: Fill in the missing concept: USA Computing Olympiad (USACO): this online _____ is of- fered several times per year, the most challenging of which is the US Open competition.
🧠 Student Answer: competition
✅ Auto Honesty Score: 1.00 — Auto-validated exact match with expected answer.
Q: Fill in the missing concept: In each _____, you’ll encounter four levels of problems: bronze (easiest), silver, gold, and platinum (hardest).
🧠 Student Answer: competition
✅ Auto Honesty Score: 1.00 — Auto-validated exact match with expected answer.
Q: Fill in the missing concept: Perfor- mance is used to _____ the American IOI team.
🧠 Student Answer: determine
✅ Auto Honesty Score: 1.00 — Auto-validated exact match with expected answer.
Q: Fill in the missing concept: Output It can be very _____ to have a program that produces the correct answer but fails test cases because it does not output answers in the correct format.
🧠 Student Answer: frustrating
✅ Auto Honesty Score: 1.00 — Auto-validated exact match with expected answer.
Q: Fill in the missing concept: The output portion of a problem _____ dic- tates exactly how we should produce output.
🧠 Student Answer: description
✅ Auto Honesty Score: 1.00 — Auto-validated exact match with expected answer.
Q: Fill in the missing concept: For example, it will tell us how many lines of output to produce for each test case, what to put on each line, whether blank lines are _____ between or after test cases, and so on.
🧠 Student Answer: required
✅ Auto Honesty Score: 1.00 — Auto-validated exact match with expected answer.
Q: Fill in the missing concept: In _____, I provide the time limit for the problem: if the program does not output the solution for all test cases within the time limit, then the program does not pass.
🧠 Student Answer: addition
✅ Auto Honesty Score: 1.00 — Auto-validated exact match with expected answer.
Q: Fill in the missing concept: I have rewritten the text of each problem from the official description, so that I can maintain a consistent _____ throughout.
🧠 Student Answer: presentation
✅ Auto Honesty Score: 1.00 — Auto-validated exact match with expected answer.
Q: Fill in the missing concept: graph.) The first _____ joins a line with two people, line 2; now line 2 has three people.
🧠 Student Answer: person
✅ Auto Honesty Score: 1.00 — Auto-validated exact match with expected answer.
Q: Fill in the missing concept: The _____ person joins a line with three people, line 1 or line 2—let’s say line 1; line 1 now has four people.
🧠 Student Answer: second
✅ Auto Honesty Score: 1.00 — Auto-validated exact match with expected answer.
Q: Fill in the missing concept: The third _____ joins a line with three people, line 2; line 2 now has four people.
🧠 Student Answer: person
✅ Auto Honesty Score: 1.00 — Auto-validated exact match with expected answer.
Q: Fill in the missing concept: The _____ and final person joins a line with four people, line 1 or line 2—let’s say line 1; line 1 now has five people.
🧠 Student Answer: fourth
✅ Auto Honesty Score: 1.00 — Auto-validated exact match with expected answer.
Q: Fill in the missing concept: Input  The input _____ one test case.
🧠 Student Answer: contains
✅ Auto Honesty Score: 1.00 — Auto-validated exact match with expected answer.
Q: Fill in the missing concept: int ______line_index(int lines[], int n) { int j; int shortest = 0; for (j = 1; j < n; j++) if (lines[j] < lines[shortest]) shortest = j; return shortest; }  Listing 2: Index of the shortest line  Now, given a lines array and n and m , we can solve a test case, the code for which is given in Listing 3.
🧠 Student Answer: shortest
✅ Auto Honesty Score: 1.00 — Auto-validated exact match with expected answer.
Q: Fill in the missing concept: void solve(int lines[], int n, int m) { int i, shortest; for (i = 0; i < m; i++) { shortest = shortest_line_index(lines, n); printf('%d', lines[shortest]);  ∂ lines[shortest]++; } }  Listing 3: Solving the problem  For each _____ of the outer for loop, we call our helper function to grab the index of the shortest line.
🧠 Student Answer: iteration
✅ Auto Honesty Score: 1.00 — Auto-validated exact match with expected answer.
Q: Fill in the missing concept: We then print the _____ of that short- est line.
🧠 Student Answer: length
✅ Auto Honesty Score: 1.00 — Auto-validated exact match with expected answer.
Q: Fill in the missing concept: This person then joins that line: that’s why we must _____ the number of people by one ∂ .
🧠 Student Answer: increment
✅ Auto Honesty Score: 1.00 — Auto-validated exact match with expected answer.
Q: Fill in the missing concept: All that’s left is to read the input and call solve ; that’s done in _____ 4.
🧠 Student Answer: Listing
✅ Auto Honesty Score: 1.00 — Auto-validated exact match with expected answer.
Q: Fill in the missing concept: If you want to test your code locally before _____ it to the judge, then you have a few options.
🧠 Student Answer: submitting
✅ Auto Honesty Score: 1.00 — Auto-validated exact match with expected answer.
Q: Fill in the missing concept: Since our _____ read from standard input, one thing you can do is run the program and type a test case by hand.
🧠 Student Answer: programs
✅ Auto Honesty Score: 1.00 — Auto-validated exact match with expected answer.
Q: Fill in the missing concept: That’s a _____ thing to do for small test cases, but it’s tedious doing that over and over and especially for large test cases.
🧠 Student Answer: reasonable
✅ Auto Honesty Score: 1.00 — Auto-validated exact match with expected answer.
Q: Fill in the missing concept: A better option is to store the in- put in a file and then use input _____ from the command prompt to have the program read from that file instead of the keyboard.
🧠 Student Answer: redirection
✅ Auto Honesty Score: 1.00 — Auto-validated exact match with expected answer.
Q: Fill in the missing concept: For example, if you store a test case for the present problem in file food.txt , and your compiled program is called food , then try:  $ food < food.txt  This makes it easy to change the test case: just change what’s in food.txt and then run the program with input _____ again.
🧠 Student Answer: redirection
✅ Auto Honesty Score: 1.00 — Auto-validated exact match with expected answer.
Q: Fill in the missing concept: 1 HASH TABLES  In this chapter, we’ll solve two problems whose _____ hinge on being able to per- form efficient searches.
🧠 Student Answer: solutions
✅ Auto Honesty Score: 1.00 — Auto-validated exact match with expected answer.
Q: Fill in the missing concept: The first problem is _____ whether or not all snowflakes in a collection are identical.
🧠 Student Answer: determining
✅ Auto Honesty Score: 1.00 — Auto-validated exact match with expected answer.
Q: Fill in the missing concept: The second is _____ which words are compound words.
🧠 Student Answer: determining
✅ Auto Honesty Score: 1.00 — Auto-validated exact match with expected answer.
Q: Fill in the missing concept: We want to solve these problems correctly, but we’ll see that some cor- rect _____ are simply too slow.
🧠 Student Answer: approaches
✅ Auto Honesty Score: 1.00 — Auto-validated exact match with expected answer.
Q: Fill in the missing concept: We’ll be able to achieve enormous _____ increases using a data structure known as a hash table, which we’ll explore at length.
🧠 Student Answer: performance
✅ Auto Honesty Score: 1.00 — Auto-validated exact match with expected answer.
Q: Fill in the missing concept: The Problem  We’re given a _____ of snowflakes, and we have to determine whether any of the snowflakes in the collection are identical.
🧠 Student Answer: collection
✅ Auto Honesty Score: 1.00 — Auto-validated exact match with expected answer.
Q: Fill in the missing concept: A snowflake is _____ by six integers, where each integer gives the length of one of the snowflake’s arms.
🧠 Student Answer: represented
✅ Auto Honesty Score: 1.00 — Auto-validated exact match with expected answer.
Q: Fill in the missing concept: For example, this is a snowflake:  3, 9, 15, 2, 1, 10  _____ can also have repeated integers, such as  8, 4, 8, 9, 2, 8  What does it mean for two snowflakes to be identical?
🧠 Student Answer: Snowflakes
✅ Auto Honesty Score: 1.00 — Auto-validated exact match with expected answer.
Q: Fill in the missing concept: Let’s work up to that _____ through a few examples.
🧠 Student Answer: definition
✅ Auto Honesty Score: 1.00 — Auto-validated exact match with expected answer.
Q: Fill in the missing concept: First we’ll look at these two snowflakes:  1, 2, 3, 4, 5, 6  and  1, 2, 3, 4, 5, 6  These are clearly identical because the integers in one snowflake match the integers in their _____ positions in the other snowflake.
🧠 Student Answer: corresponding
✅ Auto Honesty Score: 1.00 — Auto-validated exact match with expected answer.
Q: Fill in the missing concept: However, if we begin at the 1 in the second _____ and move left in- stead of right, then we do get exactly 1, 2, 3, 4, 5, 6 !
🧠 Student Answer: snowflake
✅ Auto Honesty Score: 1.00 — Auto-validated exact match with expected answer.
Q: Fill in the missing concept: Moving left from the 1  gives us 1, 2, 3 , and _____ around to the right, we can proceed leftward to collect 4, 5, 6 .
🧠 Student Answer: wrapping
✅ Auto Honesty Score: 1.00 — Auto-validated exact match with expected answer.
Q: Fill in the missing concept: That’s our third way for two _____ to be identical: two snowflakes are called identical if they match when we move leftward through the numbers.
🧠 Student Answer: snowflakes
✅ Auto Honesty Score: 1.00 — Auto-validated exact match with expected answer.
Q: Fill in the missing concept: Putting it all together, we can conclude that two _____ are identi- cal if they are the same, if we can make them the same by moving rightward through one of the snowflakes, or if we can make them the same by moving leftward through one of the snowflakes.
🧠 Student Answer: snowflakes
✅ Auto Honesty Score: 1.00 — Auto-validated exact match with expected answer.
Q: Fill in the missing concept: Input  The first line of input is an integer n , which gives the number of _____ that we’ll be processing.
🧠 Student Answer: snowflakes
✅ Auto Honesty Score: 1.00 — Auto-validated exact match with expected answer.
Q: Fill in the missing concept: void identify______(int values[], int n) { int i, j; for (i = 0; i < n; i++) {  ∂ for (j = i+1; j < n; j++) { if (values[i] == values[j]) { printf('Twin integers found.'); return; } } } printf('No two integers are alike.
🧠 Student Answer: identical
✅ Auto Honesty Score: 1.00 — Auto-validated exact match with expected answer.
Q: Fill in the missing concept: '); }  Listing 1-1: Finding _____ integers  We feed the integers to the function through the values array.
🧠 Student Answer: identical
✅ Auto Honesty Score: 1.00 — Auto-validated exact match with expected answer.
Q: Fill in the missing concept: We also pass in n , the number of _____ in the array.
🧠 Student Answer: integers
✅ Auto Honesty Score: 1.00 — Auto-validated exact match with expected answer.
Q: Fill in the missing concept: _____ that we start the inner loop at i + 1 and not 0 ∂ .
🧠 Student Answer: Notice
✅ Auto Honesty Score: 1.00 — Auto-validated exact match with expected answer.
Q: Fill in the missing concept: If we started at  0 , then _____ j would equal i , and we’d compare an element to itself, giving us a false positive result.
🧠 Student Answer: eventually
✅ Auto Honesty Score: 1.00 — Auto-validated exact match with expected answer.
Q: Fill in the missing concept: To begin, let’s write a pair of helper functions: one for checking 'mov- ing right' and one for checking 'moving left.' Each of these helpers takes three _____: the first snowflake, the second snowflake, and the starting point for the second snowflake.
🧠 Student Answer: parameters
✅ Auto Honesty Score: 1.00 — Auto-validated exact match with expected answer.
Q: Fill in the missing concept: Checking to the Right  Here is the function header for identical_right :  int identical_right(int snow1[], int snow2[], int start)  To determine whether the _____ are the same by 'moving right,' we scan snow1 from index 0 and snow2 from index start .
🧠 Student Answer: snowflakes
✅ Auto Honesty Score: 1.00 — Auto-validated exact match with expected answer.
Q: Fill in the missing concept: If we find _____- ing elements that are not equal, then we return 0 to signify that we haven’t found identical snowflakes.
🧠 Student Answer: correspond
✅ Auto Honesty Score: 1.00 — Auto-validated exact match with expected answer.
Q: Fill in the missing concept: If all the _____ elements do match, then we return 1 .
🧠 Student Answer: corresponding
✅ Auto Honesty Score: 1.00 — Auto-validated exact match with expected answer.
Q: Fill in the missing concept: Think of 0 as _____ false and 1 as representing true.
🧠 Student Answer: representing
✅ Auto Honesty Score: 1.00 — Auto-validated exact match with expected answer.
Q: Fill in the missing concept: } return 1; }  Listing 1-3: _____ identical snowflakes moving right  This works, but we can still improve it.
🧠 Student Answer: Identifying
✅ Auto Honesty Score: 1.00 — Auto-validated exact match with expected answer.
Q: Fill in the missing concept: One change that many program- mers would _____ making at this point involves using % , the mod opera- tor.
🧠 Student Answer: consider
✅ Auto Honesty Score: 1.00 — Auto-validated exact match with expected answer.
Q: Fill in the missing concept: The % operator computes _____, so x % y returns the remainder of integer-dividing x by y .
🧠 Student Answer: remainders
✅ Auto Honesty Score: 1.00 — Auto-validated exact match with expected answer.
Q: Fill in the missing concept: For example, 6 % 3 is zero, because there is no re- mainder when _____ six by three.
🧠 Student Answer: dividing
✅ Auto Honesty Score: 1.00 — Auto-validated exact match with expected answer.
Q: Fill in the missing concept: 6 % 4 is two, because there is two left over when _____ six by four.
🧠 Student Answer: dividing
✅ Auto Honesty Score: 1.00 — Auto-validated exact match with expected answer.
Q: Fill in the missing concept: for (offset =0; offset < 6; offset++) { snow2_index = start - offset; if (snow2_index < 0) snow2_index = snow2_index + 6; if (snow1[offset] != snow2[snow2_index]) return 0; } return 1; }  Listing 1-5: _____ identical snowflakes moving left  Notice the similarity between this function and that of Listing 1-3.
🧠 Student Answer: Identifying
✅ Auto Honesty Score: 1.00 — Auto-validated exact match with expected answer.
Q: Fill in the missing concept: All we did was _____ the offset instead of add it, and change the bounds check at 6 to a bounds check at -1 .
🧠 Student Answer: subtract
✅ Auto Honesty Score: 1.00 — Auto-validated exact match with expected answer.
Q: Fill in the missing concept: Putting It Together  With these two helper functions, identical_right and identical_left , we can finally write a function that tells us whether two _____ are identical.
🧠 Student Answer: snowflakes
✅ Auto Honesty Score: 1.00 — Auto-validated exact match with expected answer.
Q: Fill in the missing concept: Listing 1-6 gives the code for an are______ function that does this.
🧠 Student Answer: identical
✅ Auto Honesty Score: 1.00 — Auto-validated exact match with expected answer.
Q: Fill in the missing concept: We simply test moving right and moving left for each of the _____ starting points in snow2 .
🧠 Student Answer: possible
✅ Auto Honesty Score: 1.00 — Auto-validated exact match with expected answer.
Q: Fill in the missing concept: messages depending on whether we find identical _____.
🧠 Student Answer: snowflakes
✅ Auto Honesty Score: 1.00 — Auto-validated exact match with expected answer.
Q: Fill in the missing concept: All we’ve done is swap == for a function that compares _____.
🧠 Student Answer: snowflakes
✅ Auto Honesty Score: 1.00 — Auto-validated exact match with expected answer.
Q: Fill in the missing concept: _____ the Input  We’re not quite ready to submit to our judge.
🧠 Student Answer: Reading
✅ Auto Honesty Score: 1.00 — Auto-validated exact match with expected answer.
Q: Fill in the missing concept: We haven’t yet written the code to read the _____ from standard input.
🧠 Student Answer: snowflakes
✅ Auto Honesty Score: 1.00 — Auto-validated exact match with expected answer.
Q: Fill in the missing concept: First, revisit the problem _____ at the start of the chapter.
🧠 Student Answer: description
✅ Auto Honesty Score: 1.00 — Auto-validated exact match with expected answer.
Q: Fill in the missing concept: Regular local variables are _____ on each call of a function, but static ones retain whatever value they had on the previous function call (see 'Static Keyword' on page xxi).
🧠 Student Answer: initialized
✅ Auto Honesty Score: 1.00 — Auto-validated exact match with expected answer.
Q: Fill in the missing concept: Also notice that I’ve allocated an array of 100000 _____ ∂ .
🧠 Student Answer: snowflakes
✅ Auto Honesty Score: 1.00 — Auto-validated exact match with expected answer.
Q: Fill in the missing concept: You might be _____ that this is a waste of memory.
🧠 Student Answer: concerned
✅ Auto Honesty Score: 1.00 — Auto-validated exact match with expected answer.
Q: Fill in the missing concept: What if the input has only a few _____?
🧠 Student Answer: snowflakes
✅ Auto Honesty Score: 1.00 — Auto-validated exact match with expected answer.
Q: Fill in the missing concept: For competitive programming problems, it’s generally okay to hard-code the memory _____ for the largest problem instance: the test cases are likely to stress test your submission on the maximum size anyway!
🧠 Student Answer: requirements
✅ Auto Honesty Score: 1.00 — Auto-validated exact match with expected answer.
Q: Fill in the missing concept: slow—we need at most two _____, not several minutes!
🧠 Student Answer: seconds
✅ Auto Honesty Score: 1.00 — Auto-validated exact match with expected answer.
Q: Fill in the missing concept: As a _____ rule of thumb for today’s computers, think of the number of steps that we can perform per second as about 30 million.
🧠 Student Answer: conservative
✅ Auto Honesty Score: 1.00 — Auto-validated exact match with expected answer.
Q: Fill in the missing concept: Trying to make 4 billion snow- flake _____ in two seconds is not doable.
🧠 Student Answer: comparisons
✅ Auto Honesty Score: 1.00 — Auto-validated exact match with expected answer.
Q: Fill in the missing concept: If we _____ n ( n – 1)/2, we get n 2 /2 – n /2.
🧠 Student Answer: expand
✅ Auto Honesty Score: 1.00 — Auto-validated exact match with expected answer.
Q: Fill in the missing concept: Algorithm _____ therefore call this an O ( n 2 ) algorithm, or a quadratic- time algorithm .
🧠 Student Answer: developers
✅ Auto Honesty Score: 1.00 — Auto-validated exact match with expected answer.
Q: Fill in the missing concept: 4 5 6 7 8 9 1 2 3 4 5 6  The first and fourth _____ are identical—but the message 'No two snowflakes are alike.' gets output.
🧠 Student Answer: snowflakes
✅ Auto Honesty Score: 1.00 — Auto-validated exact match with expected answer.
Q: Fill in the missing concept: Here are two facts that qsort might learn as it _____: 1.
🧠 Student Answer: executes
✅ Auto Honesty Score: 1.00 — Auto-validated exact match with expected answer.
Q: Fill in the missing concept: From this, qsort could conclude that _____ 4 is less than snowflake 1, without ever directly comparing snowflake 4 and snowflake 1!
🧠 Student Answer: snowflake
✅ Auto Honesty Score: 1.00 — Auto-validated exact match with expected answer.
Q: Fill in the missing concept: Here it’s re- lying on the _____ property of less than.
🧠 Student Answer: transitive
✅ Auto Honesty Score: 1.00 — Auto-validated exact match with expected answer.
Q: Fill in the missing concept: If a is less than b , and b is less than c , then _____ a should be less than c .
🧠 Student Answer: surely
✅ Auto Honesty Score: 1.00 — Auto-validated exact match with expected answer.
Q: Fill in the missing concept: These two _____ are identical even though 3 is very different from 82.
🧠 Student Answer: snowflakes
✅ Auto Honesty Score: 1.00 — Auto-validated exact match with expected answer.
Q: Fill in the missing concept: A quick litmus test for _____ whether two snowflakes might be identical is to use the sum of their elements.
🧠 Student Answer: determining
✅ Auto Honesty Score: 1.00 — Auto-validated exact match with expected answer.
Q: Fill in the missing concept: When we sum our two example _____, for 1, 2, 3, 4, 5, 6 , we get a total of 21, and for 82, 100, 3, 1, 2, 999 , we get 1187.
🧠 Student Answer: snowflakes
✅ Auto Honesty Score: 1.00 — Auto-validated exact match with expected answer.
Q: Fill in the missing concept: We say that the code for the former _____ is 21 and the code for the latter is 1187.
🧠 Student Answer: snowflake
✅ Auto Honesty Score: 1.00 — Auto-validated exact match with expected answer.
Q: Fill in the missing concept: Our hope is that we can throw the '21 _____ in one bin and throw the '1187 snowflakes' in another, and then we never have to compare the 21s to the 1187s.
🧠 Student Answer: snowflakes'
✅ Auto Honesty Score: 1.00 — Auto-validated exact match with expected answer.
Q: Fill in the missing concept: We’re going to stick with an array that has room for 100,000 _____.
🧠 Student Answer: elements
✅ Auto Honesty Score: 1.00 — Auto-validated exact match with expected answer.
Q: Fill in the missing concept: We’ll need to _____ a snowflake’s code as before, but then we must force that code to be a number between 0 and 99999 (the minimum and maximum index in our array).
🧠 Student Answer: calculate
✅ Auto Honesty Score: 1.00 — Auto-validated exact match with expected answer.
Q: Fill in the missing concept: One way to do this is to break out the % mod _____ again.
🧠 Student Answer: operator
✅ Auto Honesty Score: 1.00 — Auto-validated exact match with expected answer.
Q: Fill in the missing concept: Taking a _____ integer mod x yields an integer between 0 and  x – 1.
🧠 Student Answer: nonnegative
✅ Auto Honesty Score: 1.00 — Auto-validated exact match with expected answer.
Q: Fill in the missing concept: No matter the sum of a _____, if we take it mod 100,000, we’ll get a valid index in our array.
🧠 Student Answer: snowflake
✅ Auto Honesty Score: 1.00 — Auto-validated exact match with expected answer.
Q: Fill in the missing concept: use of typedef , which allows us to later use snowflake_node instead of the full  struct snowflake_node :  typedef struct snowflake_node { int snowflake[6]; struct snowflake_node *next; } snowflake_node;  This change _____ updates to two functions, main and identify _identical , because those functions previously used arrays.
🧠 Student Answer: necessitates
✅ Auto Honesty Score: 1.00 — Auto-validated exact match with expected answer.
Q: Fill in the missing concept: The New main  You can see the _____ main code in Listing 1-11.
🧠 Student Answer: updated
✅ Auto Honesty Score: 1.00 — Auto-validated exact match with expected answer.
Q: Fill in the missing concept: First, notice that we changed the type of our array from a two-_____ array of numbers to a one-dimensional array of pointers to snowflake nodes ∂ .
🧠 Student Answer: dimensional
✅ Auto Honesty Score: 1.00 — Auto-validated exact match with expected answer.
Q: Fill in the missing concept: We also declare snow ∑ , which will point to _____ nodes that we allocate.
🧠 Student Answer: snowflake
✅ Auto Honesty Score: 1.00 — Auto-validated exact match with expected answer.
Q: Fill in the missing concept: We use malloc to allocate memory for each ______node ∏ .
🧠 Student Answer: snowflake
✅ Auto Honesty Score: 1.00 — Auto-validated exact match with expected answer.
Q: Fill in the missing concept: next pointer to the first node in the list ª , and then we set the start of the list to point to the _____ node º .
🧠 Student Answer: inserted
✅ Auto Honesty Score: 1.00 — Auto-validated exact match with expected answer.
Q: Fill in the missing concept: The order matters here: if we had _____ the order of these two lines, we would lose access to the elements already in the linked list!
🧠 Student Answer: reversed
✅ Auto Honesty Score: 1.00 — Auto-validated exact match with expected answer.
Q: Fill in the missing concept: Notice that, in terms of _____, it doesn’t matter where in the linked list we add the new node.
🧠 Student Answer: correctness
✅ Auto Honesty Score: 1.00 — Auto-validated exact match with expected answer.
Q: Fill in the missing concept: It could go at the _____, the end, or some- where in the middle—it’s our choice.
🧠 Student Answer: beginning
✅ Auto Honesty Score: 1.00 — Auto-validated exact match with expected answer.
Q: Fill in the missing concept: So we should do whatever is fastest, and adding to the _____ is fastest because it doesn’t require us to tra- verse the list at all.
🧠 Student Answer: beginning
✅ Auto Honesty Score: 1.00 — Auto-validated exact match with expected answer.
Q: Fill in the missing concept: return; } node2 = node2->next; }  ∏ node1 = node1->next; } } printf('No two snowflakes are alike.'); }  Listing 1-12: _____ identical snowflakes in linked lists  We begin with node1 at the first node in a linked list ∂ .
🧠 Student Answer: Identifying
✅ Auto Honesty Score: 1.00 — Auto-validated exact match with expected answer.
Q: Fill in the missing concept: We use node2 to _____ from the node to the right of node1 ∑ all the way to the end of the linked list.
🧠 Student Answer: traverse
✅ Auto Honesty Score: 1.00 — Auto-validated exact match with expected answer.
Q: Fill in the missing concept: This compares the first snowflake in the linked list to all other _____ in that linked list.
🧠 Student Answer: snowflakes
✅ Auto Honesty Score: 1.00 — Auto-validated exact match with expected answer.
Q: Summarize the excerpt from 'EchoSystems Chrono Compendium v1.0' (chunk 1.1) about time: May Su Mo Tu We Th Fr Sa 1 2 3 4 5 6 7 8 9 10 11 12 13 14 15 16 17 18 19 20 21 22 23 24 25 26 27 28 29 30 31 2025 Modern
🧠 Student Answer: May Su Mo Tu We Th Fr Sa 1 2 3 4 5 6 7 8 9 10 11 12 13 14 15 16 17 18 19 20 21 22 23 24 25 26 27 28 29 30 31 2025 Modern day Indonesian Gregorian calendar for a Catholic church Calendar A calendar is a system of organizing days. is is done by giving names to periods of time, typically days, weeks, months and years.[1][2][3] A date is the designation of a single and speciﬁc day within such a system. A calendar is also a physical record (oen paper) of such a system.
✅ Auto Honesty Score: 1.00 — Auto-validated exact match with expected answer.
Q: Summarize the excerpt from 'EchoSystems Chrono Compendium v1.0' (chunk 1.2) about time: A calendar can also mean a list of planned events, such as a court calendar, or a partly or fully chronological list of 
🧠 Student Answer: A calendar can also mean a list of planned events, such as a court calendar, or a partly or fully chronological list of documents, such as a calendar of wills. Periods in a calendar (such as years and months) are usually, though not necessarily, synchronized with the cycle of the sun or the moon.[4] [5][6] e most common type of pre-modern calendar was the lunisolar calendar, a lunar calendar that occasionally adds one intercalary month to remain synchronized with the solar year over the long term.
✅ Auto Honesty Score: 1.00 — Auto-validated exact match with expected answer.
Q: Summarize the excerpt from 'EchoSystems Chrono Compendium v1.0' (chunk 1.3) about time: e term calendar is taken from kalendae,[7][8] the term for the ﬁrst day of the month in the Roman calendar, related to 
🧠 Student Answer: e term calendar is taken from kalendae,[7][8] the term for the ﬁrst day of the month in the Roman calendar, related to the verb calare 'to call out', referring to the 'calling' of the new moon when it was ﬁrst seen.[9] Latin calendarium meant 'account book, register' (as accounts were seled and debts were collected on the calends of each month).[10] e Latin term was adopted in Old French as calendier and from there in Middle English as calender by the 13th century (the spelling calendar is early modern).[10] e course of the Sun and the Moon are the most salient regularly recurring natural events useful for timekeeping, and in pre-modern societies around the world lunation and the year were most commonly used as time units.
✅ Auto Honesty Score: 1.00 — Auto-validated exact match with expected answer.
Q: Summarize the excerpt from 'EchoSystems Chrono Compendium v1.0' (chunk 1.4) about time: Nevertheless, the Roman calendar contained remnants of a very ancient pre-Etruscan 10-month solar year.[11] e ﬁrst reco
🧠 Student Answer: Nevertheless, the Roman calendar contained remnants of a very ancient pre-Etruscan 10-month solar year.[11] e ﬁrst recorded physical calendars, dependent on the development of writing in the Ancient Near East, are the Bronze Age Egyptian and Sumerian calendars.[12] During the Vedic period India developed a sophisticated timekeeping methodology and calendars for Vedic rituals.[13] According to Yukio Ohashi, the Vedanga calendar in ancient India was based on astronomical studies during the Vedic Period and was not derived from other cultures.[14] Etymology History British calendar, 1851, gilt bronze and malachite, height: 20.3 cm, Metropolitan Museum of Art (New York City) Equinox seen from the astronomic calendar of Pizzo Vento at Fondachelli Fantina, Sicily A large number of calendar systems in the Ancient Near East were based on the Babylonian calendar dating from the Iron Age,[15] among them the calendar system of the Persian Empire, which in turn gave rise to the Zoroastrian calendar and the Hebrew calendar.[16][17] A great number of Hellenic calendars were developed in Classical Greece, and during the Hellenistic period they gave rise to the ancient Roman calendar and to various Hindu calendars.[18] Calendars in antiquity were lunisolar, depending on the introduction of intercalary months to align the solar and the lunar years.
✅ Auto Honesty Score: 1.00 — Auto-validated exact match with expected answer.
Q: Summarize the excerpt from 'EchoSystems Chrono Compendium v1.0' (chunk 1.5) about time: is was mostly based on observation, but there may have been early aempts to model the paern of intercalation algorith
🧠 Student Answer: is was mostly based on observation, but there may have been early aempts to model the paern of intercalation algorithmically, as evidenced in the fragmentary 2nd-century Coligny calendar. e Roman calendar was reformed by Julius Caesar in 46 BC.[19] His 'Julian' calendar was no longer dependent on the observation of the new moon, but followed an algorithm of introducing a leap day every four years. is created a dissociation of the calendar month from lunation.
✅ Auto Honesty Score: 1.00 — Auto-validated exact match with expected answer.
Q: Summarize the excerpt from 'EchoSystems Chrono Compendium v1.0' (chunk 1.6) about time: e Gregorian calendar, introduced in 1582, corrected most of the remaining diﬀerence between the Julian calendar and the
🧠 Student Answer: e Gregorian calendar, introduced in 1582, corrected most of the remaining diﬀerence between the Julian calendar and the solar year. e Islamic calendar is based on the prohibition of intercalation (nasi') by Muhammad, in Islamic tradition dated to a sermon given on 9 Dhu al-Hijjah AH 10 (Julian date: 6 March 632). is resulted in an observation-based lunar calendar that shis relative to the seasons of the solar year.
✅ Auto Honesty Score: 1.00 — Auto-validated exact match with expected answer.
Q: Summarize the excerpt from 'EchoSystems Chrono Compendium v1.0' (chunk 1.7) about time: ere have been several modern proposals for reform of the modern calendar, such as the World Calendar, the International
🧠 Student Answer: ere have been several modern proposals for reform of the modern calendar, such as the World Calendar, the International Fixed Calendar, the Holocene calendar, and the Hanke–Henry Permanent Calendar. Such ideas are promoted from time to time, but have failed to gain traction because of the loss of continuity and the massive upheaval that implementing them would involve, as well as their eﬀect on cycles of religious activity.
✅ Auto Honesty Score: 1.00 — Auto-validated exact match with expected answer.
Q: Summarize the excerpt from 'EchoSystems Chrono Compendium v1.0' (chunk 1.8) about time: A full calendar system has a diﬀerent calendar date for every day.[20][21] us the week cycle is by itself not a full ca
🧠 Student Answer: A full calendar system has a diﬀerent calendar date for every day.[20][21] us the week cycle is by itself not a full calendar system;[22] neither is a system to name the days within a year without a system for identifying the years. e simplest calendar system just counts time periods from a reference date, or epoch.[23] is applies for the Julian day or Unix Time. Virtually the only possible variation is using a diﬀerent reference date, in particular, one less distant in the past to make the numbers smaller. Computations in these systems are just a maer of addition and subtraction.
✅ Auto Honesty Score: 1.00 — Auto-validated exact match with expected answer.
Q: Summarize the excerpt from 'EchoSystems Chrono Compendium v1.0' (chunk 1.9) about time: Other calendars have one (or multiple) larger units of time.
🧠 Student Answer: Other calendars have one (or multiple) larger units of time.
✅ Auto Honesty Score: 1.00 — Auto-validated exact match with expected answer.
Q: Summarize the excerpt from 'EchoSystems Chrono Compendium v1.0' (chunk 1.10) about time: Calendars that contain one level of cycles: Systems A universal calendar, combining diﬀerent calendars ▪ week and weekda
🧠 Student Answer: Calendars that contain one level of cycles: Systems A universal calendar, combining diﬀerent calendars ▪ week and weekday – this system (without year, the week number keeps on increasing) is not very common ▪ year and ordinal date within the year, e.g., the ISO 8601 ordinal date system Calendars with two levels of cycles: ▪ year, month, and day – most systems, including the Gregorian calendar (and its very similar predecessor, the Julian calendar), the Islamic calendar, the Solar Hijri calendar and the Hebrew calendar ▪ year, week, and weekday – e.g., the ISO week date Cycles can be synchronized with periodic phenomena: ▪ Lunar calendars are synchronized to the motion of the Moon (lunar phases); an example is the Islamic calendar.
✅ Auto Honesty Score: 1.00 — Auto-validated exact match with expected answer.
Q: Summarize the excerpt from 'EchoSystems Chrono Compendium v1.0' (chunk 1.11) about time: ▪ Solar calendars are based on perceived seasonal changes synchronized to the apparent motion of the Sun; an example is 
🧠 Student Answer: ▪ Solar calendars are based on perceived seasonal changes synchronized to the apparent motion of the Sun; an example is the Persian calendar. ▪ Lunisolar calendars are based on a combination of both solar and lunar reckonings; examples include the traditional calendar of China, the Hindu calendar in India and Nepal, and the Hebrew calendar. ▪ The week cycle is an example of one that is not synchronized to any external phenomenon (although it may have been derived from lunar phases, beginning anew every month).
✅ Auto Honesty Score: 1.00 — Auto-validated exact match with expected answer.
Q: Summarize the excerpt from 'EchoSystems Chrono Compendium v1.0' (chunk 1.12) about time: Very commonly a calendar includes more than one type of cycle or has both cyclic and non-cyclic elements. Most calendars
🧠 Student Answer: Very commonly a calendar includes more than one type of cycle or has both cyclic and non-cyclic elements. Most calendars incorporate more complex cycles. For example, the vast majority of them track years, months, weeks and days. e seven-day week is practically universal, though its use varies.
✅ Auto Honesty Score: 1.00 — Auto-validated exact match with expected answer.
Q: Summarize the excerpt from 'EchoSystems Chrono Compendium v1.0' (chunk 1.13) about time: It has run uninterrupted for millennia.[24] Solar calendars assign a date to each solar day.[5] A day may consist of the
🧠 Student Answer: It has run uninterrupted for millennia.[24] Solar calendars assign a date to each solar day.[5] A day may consist of the period between sunrise and sunset, with a following period of night, or it may be a period between successive events such as two sunsets.[25][26] e length of the interval between two such successive events may be allowed to vary slightly during the year, or it may be averaged into a mean solar day. Other types of calendar may also use a solar day.
✅ Auto Honesty Score: 1.00 — Auto-validated exact match with expected answer.
Q: Summarize the excerpt from 'EchoSystems Chrono Compendium v1.0' (chunk 1.14) about time: e Egyptians appear to have been the ﬁrst to develop a solar calendar,[27] using as a ﬁxed point the annual sunrise reap
🧠 Student Answer: e Egyptians appear to have been the ﬁrst to develop a solar calendar,[27] using as a ﬁxed point the annual sunrise reappearance of the Dog Star—Sirius, or Sothis—in the eastern sky, which coincided with the annual ﬂooding of the Nile River.[28][29][30] ey built a calendar with 365 days, divided into 12 months of 30 days each, with 5 extra days at the end of the year.
✅ Auto Honesty Score: 1.00 — Auto-validated exact match with expected answer.
Q: Summarize the excerpt from 'EchoSystems Chrono Compendium v1.0' (chunk 1.15) about time: However, they did not include the extra bit of time in each year, and this caused their calendar to slowly become inaccu
🧠 Student Answer: However, they did not include the extra bit of time in each year, and this caused their calendar to slowly become inaccurate.[31] Solar Sun and Moon, Schedel's Nuremberg Chronicle, 1493 Not all calendars use the solar year as a unit. A lunar calendar is one in which days are numbered within each lunar phase cycle. Because the length of the lunar month is not an even fraction of the length of the tropical year, a purely lunar calendar quickly dris against the seasons, which do not vary much near the equator. It does, however, stay constant with respect to other phenomena, notably tides.
✅ Auto Honesty Score: 1.00 — Auto-validated exact match with expected answer.
Q: Summarize the excerpt from 'EchoSystems Chrono Compendium v1.0' (chunk 1.16) about time: An example is the Islamic calendar. Alexander Marshack, in a controversial reading,[32] believed that marks on a bone ba
🧠 Student Answer: An example is the Islamic calendar. Alexander Marshack, in a controversial reading,[32] believed that marks on a bone baton (c. 25,000 BC) represented a lunar calendar. Other marked bones may also represent lunar calendars. Similarly, Michael Rappenglueck believes that marks on a 15,000-year-old cave painting represent a lunar calendar. [33] A lunisolar calendar is a lunar calendar that compensates by adding an extra month as needed to realign the months with the seasons.
✅ Auto Honesty Score: 1.00 — Auto-validated exact match with expected answer.
Q: Summarize the excerpt from 'EchoSystems Chrono Compendium v1.0' (chunk 1.17) about time: Prominent examples of lunisolar calendar are Hindu calendar and Buddhist calendar that are popular in South Asia and Sou
🧠 Student Answer: Prominent examples of lunisolar calendar are Hindu calendar and Buddhist calendar that are popular in South Asia and Southeast Asia. Another example is the Hebrew calendar, which uses a 19-year cycle. Nearly all calendar systems group consecutive days into 'months' and also into 'years'. In a solar calendar a year approximates Earth's tropical year (that is, the time it takes for a complete cycle of seasons), traditionally used to facilitate the planning of agricultural activities. In a lunar calendar, the month approximates the cycle of the moon phase.
✅ Auto Honesty Score: 1.00 — Auto-validated exact match with expected answer.
Q: Summarize the excerpt from 'EchoSystems Chrono Compendium v1.0' (chunk 1.18) about time: Consecutive days may be grouped into other periods such as the week. Because the number of days in the tropical year is 
🧠 Student Answer: Consecutive days may be grouped into other periods such as the week. Because the number of days in the tropical year is not a whole number, a solar calendar must have a diﬀerent number of days in diﬀerent years. is may be handled, for example, by adding an extra day in leap years. e same applies to months in a lunar calendar and also the number of months in a year in a lunisolar calendar. is is generally known as intercalation. Even if a calendar is solar, but not lunar, the year cannot be divided entirely into months that never vary in length.
✅ Auto Honesty Score: 1.00 — Auto-validated exact match with expected answer.
Q: Summarize the excerpt from 'EchoSystems Chrono Compendium v1.0' (chunk 1.19) about time: Cultures may deﬁne other units of time, such as the week, for the purpose of scheduling regular activities that do not e
🧠 Student Answer: Cultures may deﬁne other units of time, such as the week, for the purpose of scheduling regular activities that do not easily coincide with months or years. Many cultures use diﬀerent baselines for their calendars' starting years. Historically, several countries have based their calendars on regnal years, a calendar based on the reign of their current sovereign. For example, the year 2006 in Japan is year 18 Heisei, with Heisei being the era name of Emperor Akihito.
✅ Auto Honesty Score: 1.00 — Auto-validated exact match with expected answer.
Q: Summarize the excerpt from 'EchoSystems Chrono Compendium v1.0' (chunk 1.20) about time: An astronomical calendar is based on ongoing observation; examples are the religious Islamic calendar and the old religi
🧠 Student Answer: An astronomical calendar is based on ongoing observation; examples are the religious Islamic calendar and the old religious Jewish calendar in the time of the Second Lunar Lunisolar Subdivisions Other types Arithmetical and astronomical Catalan early 20th century perpetual calendar Calendar of the Qahal, 5591 (1831) Temple. Such a calendar is also referred to as an observation-based calendar. e advantage of such a calendar is that it is perfectly and perpetually accurate. e disadvantage is that working out when a particular date would occur is diﬃcult.
✅ Auto Honesty Score: 1.00 — Auto-validated exact match with expected answer.
Q: Summarize the excerpt from 'EchoSystems Chrono Compendium v1.0' (chunk 1.21) about time: An arithmetic calendar is one that is based on a strict set of rules; an example is the current Jewish calendar. Such a 
🧠 Student Answer: An arithmetic calendar is one that is based on a strict set of rules; an example is the current Jewish calendar. Such a calendar is also referred to as a rule-based calendar. e advantage of such a calendar is the ease of calculating when a particular date occurs. e disadvantage is imperfect accuracy. Furthermore, even if the calendar is very accurate, its accuracy diminishes slowly over time, owing to changes in Earth's rotation. is limits the lifetime of an accurate arithmetic calendar to a few thousand years.
✅ Auto Honesty Score: 1.00 — Auto-validated exact match with expected answer.
Q: Summarize the excerpt from 'EchoSystems Chrono Compendium v1.0' (chunk 1.22) about time: Aer then, the rules would need to be modiﬁed from observations made since the invention of the calendar. e early Roman
🧠 Student Answer: Aer then, the rules would need to be modiﬁed from observations made since the invention of the calendar. e early Roman calendar, created during the reign of Romulus, lumped the 61 days of the winter period together as simply 'winter'.[34] Over time, this period became January and February; through further changes over time (including the creation of the Julian calendar) this calendar became the modern Gregorian calendar, introduced in the 1570s.[35][36] Other variants Usage Current usage of civil calendars in the world.
✅ Auto Honesty Score: 1.00 — Auto-validated exact match with expected answer.
Q: Summarize the excerpt from 'EchoSystems Chrono Compendium v1.0' (chunk 1.23) about time: Some countries use an additional calendar not listed here that determine holidays and other traditions, for example the 
🧠 Student Answer: Some countries use an additional calendar not listed here that determine holidays and other traditions, for example the Chinese or Islamic calendars. e primary practical use of a calendar is to identify days: to be informed about or to agree on a future event and to record an event that has happened. Days may be signiﬁcant for agricultural, civil, religious, or social reasons.
✅ Auto Honesty Score: 1.00 — Auto-validated exact match with expected answer.
Q: Summarize the excerpt from 'EchoSystems Chrono Compendium v1.0' (chunk 1.24) about time: For example, a calendar provides a way to determine when to start planting or harvesting, which days are religious or ci
🧠 Student Answer: For example, a calendar provides a way to determine when to start planting or harvesting, which days are religious or civil holidays, which days mark the beginning and end of business accounting periods, and which days have legal signiﬁcance, such as the day taxes are due or a contract expires. Also, a calendar may, by identifying a day, provide other useful information about the day such as its season. Calendars are also used as part of a complete timekeeping system: date and time of day together specify a moment in time. In the modern world, timekeepers can show time, date, and weekday.
✅ Auto Honesty Score: 1.00 — Auto-validated exact match with expected answer.
Q: Summarize the excerpt from 'EchoSystems Chrono Compendium v1.0' (chunk 1.25) about time: Some may also show the lunar phase. e Gregorian calendar is the de facto international standard and is used almost ever
🧠 Student Answer: Some may also show the lunar phase. e Gregorian calendar is the de facto international standard and is used almost everywhere in the world for civil purposes.
✅ Auto Honesty Score: 1.00 — Auto-validated exact match with expected answer.
Q: Summarize the excerpt from 'EchoSystems Chrono Compendium v1.0' (chunk 1.26) about time: e widely used solar aspect is a cycle of leap days in a 400-year cycle designed to keep the duration of the year aligne
🧠 Student Answer: e widely used solar aspect is a cycle of leap days in a 400-year cycle designed to keep the duration of the year aligned with the solar year.[37] ere is a lunar aspect which approximates the position of the moon during the year, and is used in the calculation of the date of Easter.[38] Each Gregorian year has either 365 or 366 days (the leap day being inserted as 29 February), amounting to an average Gregorian year of 365.2425 days (compared to a solar year of 365.2422 days).[39] e Gregorian calendar was introduced in 1582 as a reﬁnement to the Julian calendar, that had been in use throughout the European Middle Ages, amounting to a 0.002% correction in the length of the year.[37] During the Early Modern period, its adoption was mostly limited to Roman Catholic nations, but by the 19th century it had become widely adopted for the sake of convenience in international trade.
✅ Auto Honesty Score: 1.00 — Auto-validated exact match with expected answer.
Q: Summarize the excerpt from 'EchoSystems Chrono Compendium v1.0' (chunk 1.27) about time: e last European country to adopt it was Greece, in 1923.[40] Gregorian e calendar epoch used by the Gregorian calendar
🧠 Student Answer: e last European country to adopt it was Greece, in 1923.[40] Gregorian e calendar epoch used by the Gregorian calendar is inherited from the medieval convention established by Dionysius Exiguus and associated with the Julian calendar. e year number is variously given as AD (for Anno Domini) or CE (for Common Era or Christian Era).[41] e most important use of pre-modern calendars is keeping track of the liturgical year and the observation of religious feast days.
✅ Auto Honesty Score: 1.00 — Auto-validated exact match with expected answer.
Q: Summarize the excerpt from 'EchoSystems Chrono Compendium v1.0' (chunk 1.28) about time: While the Gregorian calendar is itself historically motivated to the calculation of the Easter date, it is now in worldw
🧠 Student Answer: While the Gregorian calendar is itself historically motivated to the calculation of the Easter date, it is now in worldwide secular use as the de facto standard. Alongside the use of the Gregorian calendar for secular maers, there remain several calendars in use for religious purposes. Western Christian liturgical calendars are based on the cycle of the Roman Rite of the Catholic Church, and generally include the liturgical seasons of Advent, Christmas, Ordinary Time (Time aer Epiphany), Lent, Easter, and Ordinary Time (Time aer Pentecost).
✅ Auto Honesty Score: 1.00 — Auto-validated exact match with expected answer.
Q: Summarize the excerpt from 'EchoSystems Chrono Compendium v1.0' (chunk 1.29) about time: Some Christian calendars do not include Ordinary Time and every day falls into a denominated season. e Eastern Orthodox
🧠 Student Answer: Some Christian calendars do not include Ordinary Time and every day falls into a denominated season. e Eastern Orthodox Church employs the use of 2 liturgical calendars; the Julian calendar (oen called the Old Calendar) and the Revised Julian Calendar (oen called the New Calendar). e Revised Julian Calendar is nearly the same as the Gregorian calendar, with the addition that years divisible by 100 are not leap years, except that years with remainders of 200 or 600 when divided by 900 remain leap years, e.g.
✅ Auto Honesty Score: 1.00 — Auto-validated exact match with expected answer.
Q: Summarize the excerpt from 'EchoSystems Chrono Compendium v1.0' (chunk 1.30) about time: 2000 and 2400 as in the Gregorian calendar.[42] e Islamic calendar or Hijri calendar is a lunar calendar consisting of 
🧠 Student Answer: 2000 and 2400 as in the Gregorian calendar.[42] e Islamic calendar or Hijri calendar is a lunar calendar consisting of 12 lunar months in a year of 354 or 355 days. It is used to date events in most of the Muslim countries (concurrently with the Gregorian calendar) and used by Muslims everywhere to determine the proper day on which to celebrate Islamic holy days and festivals. Its epoch is the Hijra (corresponding to AD 622). With an annual dri of 11 or 12 days, the seasonal relation is repeated approximately every 33 Islamic years.
✅ Auto Honesty Score: 1.00 — Auto-validated exact match with expected answer.
Q: Summarize the excerpt from 'EchoSystems Chrono Compendium v1.0' (chunk 1.31) about time: Various Hindu calendars remain in use in the Indian subcontinent, including the Nepali calendars, Bengali calendar, Mala
🧠 Student Answer: Various Hindu calendars remain in use in the Indian subcontinent, including the Nepali calendars, Bengali calendar, Malayalam calendar, Tamil calendar, Vikrama Samvat used in Northern India, and Shalivahana calendar in the Deccan states. e Buddhist calendar and the traditional lunisolar calendars of Cambodia, Laos, Myanmar, Sri Lanka and ailand are also based on an older version of the Hindu calendar.
✅ Auto Honesty Score: 1.00 — Auto-validated exact match with expected answer.
Q: Summarize the excerpt from 'EchoSystems Chrono Compendium v1.0' (chunk 1.32) about time: Most of the Hindu calendars are inherited from a system ﬁrst enunciated in Vedanga Jyotisha of Lagadha, standardized in 
🧠 Student Answer: Most of the Hindu calendars are inherited from a system ﬁrst enunciated in Vedanga Jyotisha of Lagadha, standardized in the Sūrya Siddhānta and subsequently reformed by astronomers such as Āryabhaṭa (AD 499), Varāhamihira (6th century) and Bhāskara II (12th century). e Hebrew calendar is used by Jews worldwide for religious and cultural aﬀairs, also inﬂuences civil maers in Israel (such as national holidays) and can be used business dealings (such as for the dating of cheques).[43] Followers of the Baháʼí Faith use the Baháʼí calendar.
✅ Auto Honesty Score: 1.00 — Auto-validated exact match with expected answer.
Q: Summarize the excerpt from 'EchoSystems Chrono Compendium v1.0' (chunk 1.33) about time: e Baháʼí Calendar, also known as the Badi Calendar was ﬁrst established by the Bab in the Kitab-i-Asma. e Baháʼí Calen
🧠 Student Answer: e Baháʼí Calendar, also known as the Badi Calendar was ﬁrst established by the Bab in the Kitab-i-Asma. e Baháʼí Calendar is also purely a solar calendar and comprises 19 months each having nineteen days. Religious National A Hindu almanac (pancanga) for the year 1871/2 from Rajasthan (Library of Congress, Asian Division) e Chinese, Hebrew, Hindu, and Julian calendars are widely used for religious and social purposes. e Iranian (Persian) calendar is used in Iran and some parts of Afghanistan.
✅ Auto Honesty Score: 1.00 — Auto-validated exact match with expected answer.
Q: Summarize the excerpt from 'EchoSystems Chrono Compendium v1.0' (chunk 1.34) about time: e Assyrian calendar is in use by the members of the Assyrian community in the Middle East (mainly Iraq, Syria, Turkey, 
🧠 Student Answer: e Assyrian calendar is in use by the members of the Assyrian community in the Middle East (mainly Iraq, Syria, Turkey, and Iran) and the diaspora. e ﬁrst year of the calendar is exactly 4750 years prior to the start of the Gregorian calendar. e Ethiopian calendar or Ethiopic calendar is the principal calendar used in Ethiopia and Eritrea, with the Oromo calendar also in use in some areas. In neighboring Somalia, the Somali calendar co-exists alongside the Gregorian and Islamic calendars.
✅ Auto Honesty Score: 1.00 — Auto-validated exact match with expected answer.
Q: Summarize the excerpt from 'EchoSystems Chrono Compendium v1.0' (chunk 1.35) about time: In ailand, where the ai solar calendar is used, the months and days have adopted the western standard, although the ye
🧠 Student Answer: In ailand, where the ai solar calendar is used, the months and days have adopted the western standard, although the years are still based on the traditional Buddhist calendar. A ﬁscal calendar generally means the accounting year of a government or a business. It is used for budgeting, keeping accounts, and taxation. It is a set of 12 months that may start at any date in a year. e US government's ﬁscal year starts on 1 October and ends on 30 September. e government of India's ﬁscal year starts on 1 April and ends on 31 March.
✅ Auto Honesty Score: 1.00 — Auto-validated exact match with expected answer.
Q: Summarize the excerpt from 'EchoSystems Chrono Compendium v1.0' (chunk 1.36) about time: Small traditional businesses in India start the ﬁscal year on Diwali festival and end the day before the next year's Diw
🧠 Student Answer: Small traditional businesses in India start the ﬁscal year on Diwali festival and end the day before the next year's Diwali festival. In accounting (and particularly accounting soware), a ﬁscal calendar (such as a 4/4/5 calendar) ﬁxes each month at a speciﬁc number of weeks to facilitate comparisons from month to month and year to year. January always has exactly 4 weeks (Sunday through Saturday), February has 4 weeks, March has 5 weeks, etc.
✅ Auto Honesty Score: 1.00 — Auto-validated exact match with expected answer.
Q: Summarize the excerpt from 'EchoSystems Chrono Compendium v1.0' (chunk 1.37) about time: Note that this calendar will normally need to add a 53rd week to every 5th or 6th year, which might be added to December
🧠 Student Answer: Note that this calendar will normally need to add a 53rd week to every 5th or 6th year, which might be added to December or might not be, depending on how the organization uses those dates. ere exists an international standard way to do this (the ISO week). e ISO week starts on a Monday and ends on a Sunday. Week 1 is always the week that contains 4 January in the Gregorian calendar.
✅ Auto Honesty Score: 1.00 — Auto-validated exact match with expected answer.
Q: Summarize the excerpt from 'EchoSystems Chrono Compendium v1.0' (chunk 1.38) about time: e term calendar applies not only to a given scheme of timekeeping but also to a speciﬁc record or device displaying suc
🧠 Student Answer: e term calendar applies not only to a given scheme of timekeeping but also to a speciﬁc record or device displaying such a scheme, for example, an appointment book in the form of a pocket calendar (or personal organizer), desktop calendar, a wall calendar, etc. In a paper calendar, one or two sheets can show a single day, a week, a month, or a year. If a sheet is for a single day, it easily shows the date and the weekday. If a sheet is for multiple days it shows a conversion table to convert from weekday to date and back.
✅ Auto Honesty Score: 1.00 — Auto-validated exact match with expected answer.
Q: Summarize the excerpt from 'EchoSystems Chrono Compendium v1.0' (chunk 1.39) about time: With a special pointing device, or by crossing out past days, it may indicate the current date and weekday. is is the m
🧠 Student Answer: With a special pointing device, or by crossing out past days, it may indicate the current date and weekday. is is the most common usage of the word. In the US Sunday is considered the ﬁrst day of the week and so appears on the far le and Saturday the last day of the week appearing on the far right. In Britain, the weekend may appear at the end of the week so the ﬁrst day is Monday and the last Fiscal Formats The Payment of the Tithes (The tax- collector), also known as Village Lawyer, by Pieter Brueghel the Younger A calendar from the Petaluma and Santa Rosa Railroad day is Sunday.
✅ Auto Honesty Score: 1.00 — Auto-validated exact match with expected answer.
Q: Summarize the excerpt from 'EchoSystems Chrono Compendium v1.0' (chunk 1.40) about time: e US calendar display is also used in Britain. It is common to display the Gregorian calendar in separate monthly grids
🧠 Student Answer: e US calendar display is also used in Britain. It is common to display the Gregorian calendar in separate monthly grids of seven columns (from Monday to Sunday, or Sunday to Saturday depending on which day is considered to start the week – this varies according to country) and ﬁve to six rows (or rarely, four rows when the month of February contains 28 days in common years beginning on the ﬁrst day of the week), with the day of the month numbered in each cell, beginning with 1. e sixth row is sometimes eliminated by marking 23/30 and 24/31 together as necessary.
✅ Auto Honesty Score: 1.00 — Auto-validated exact match with expected answer.
Q: Summarize the excerpt from 'EchoSystems Chrono Compendium v1.0' (chunk 1.41) about time: When working with weeks rather than months, a continuous format is sometimes more convenient, where no blank cells are i
🧠 Student Answer: When working with weeks rather than months, a continuous format is sometimes more convenient, where no blank cells are inserted to ensure that the ﬁrst day of a new month begins on a fresh row. Calendaring soware provides users with an electronic version of a calendar, and may additionally provide an appointment book, address book, or contact list. Calendaring is a standard feature of many PDAs, EDAs, and smartphones.
✅ Auto Honesty Score: 1.00 — Auto-validated exact match with expected answer.
Q: Summarize the excerpt from 'EchoSystems Chrono Compendium v1.0' (chunk 1.42) about time: e soware may be a local package designed for individual use (e.g., Lightning extension for Mozilla underbird, Microso
🧠 Student Answer: e soware may be a local package designed for individual use (e.g., Lightning extension for Mozilla underbird, Microso Outlook without Exchange Server, or Windows Calendar) or maybe a networked package that allows for the sharing of information between users (e.g., Mozilla Sunbird, Windows Live Calendar, Google Calendar, or Microso Outlook with Exchange Server).
✅ Auto Honesty Score: 1.00 — Auto-validated exact match with expected answer.
Q: Summarize the excerpt from 'EchoSystems Chrono Compendium v1.0' (chunk 1.43) about time: ▪ General Roman Calendar ▪ List of calendars ▪ Advent calendar ▪ Calendar reform ▪ Calendrical calculation ▪ Docket (cou
🧠 Student Answer: ▪ General Roman Calendar ▪ List of calendars ▪ Advent calendar ▪ Calendar reform ▪ Calendrical calculation ▪ Docket (court) ▪ Nanaksahi calendar ▪ History of calendars ▪ Horology ▪ List of international common standards ▪ List of unoﬃcial observances by date Soware See also ▪ Real-time clock (RTC), which underlies the Calendar software on modern computers. ▪ Unit of time 1. 'Calendars and their History' (https://eclipse.gsfc.nasa.gov/SEhelp/c alendars.html). eclipse.gsfc.nasa.gov. Retrieved 12 March 2024. 2. Guo, Rongxing (16 May 2018).
✅ Auto Honesty Score: 1.00 — Auto-validated exact match with expected answer.
Q: Summarize the excerpt from 'EchoSystems Chrono Compendium v1.0' (chunk 1.44) about time: Human-Earth System Dynamics: Implications to Civilizations (https://books.google.com/books?id=8QN bDwAAQBAJ&dq=A+calenda
🧠 Student Answer: Human-Earth System Dynamics: Implications to Civilizations (https://books.google.com/books?id=8QN bDwAAQBAJ&dq=A+calendar+is+a+system+of+organizing+days.+Thi s+is+done+by+giving+names+to+periods+of+time,+typically+days, +weeks,+months+and+years.&pg=PA159). Springer. p. 159. ISBN 978-981-13-0547-4. 3. Bond, Thomas; Hughes, Chris (3 December 2013).
✅ Auto Honesty Score: 1.00 — Auto-validated exact match with expected answer.
Q: Summarize the excerpt from 'EchoSystems Chrono Compendium v1.0' (chunk 1.45) about time: Singapore PSLE Mathematics Challenging Practice Solutions (Yellowreef) (https://book s.google.com/books?id=ADJEAgAAQBAJ&
🧠 Student Answer: Singapore PSLE Mathematics Challenging Practice Solutions (Yellowreef) (https://book s.google.com/books?id=ADJEAgAAQBAJ&dq=A+calendar+is+a+syste m+of+organizing+days.+This+is+done+by+giving+names+to+periods +of+time,+typically+days,+weeks,+months+and+years.&pg=RA1-PA9) . Yellowreef Limited. ISBN 978-0-7978-0222-3. 4. 'Do menstrual and lunar cycles synchronize? What scientists say' (ht tps://www.medicalnewstoday.com/articles/menstrual-cycles-and-lun ar-cycles-is-there-a-link). www.medicalnewstoday.com. 12 February 2021. Retrieved 12 March 2024. 5.
✅ Auto Honesty Score: 1.00 — Auto-validated exact match with expected answer.
Q: Summarize the excerpt from 'EchoSystems Chrono Compendium v1.0' (chunk 1.46) about time: 'Introduction to Calendars' (https://aa.usno.navy.mil/faq/calendars). aa.usno.navy.mil. Retrieved 12 March 2024. 6. 'His
🧠 Student Answer: 'Introduction to Calendars' (https://aa.usno.navy.mil/faq/calendars). aa.usno.navy.mil. Retrieved 12 March 2024. 6. 'History – Ancient Egyptian Calendar' (https://mabscross.co.uk/wp-c ontent/uploads/2020/06/3.-History-Calendar.pdf) (PDF). Retrieved 12 March 2024. 7. Ma'Atnefert, Mwt Seshatms Nkatraet (2011). You are Harmony ... Take Time to Harmonize ... Calendars and Time Connecting (https://books.go ogle.com/books?id=C7KnAgAAQBAJ&dq=The+term+calendar+is+tak en+from+kalendae,&pg=PA9). Lulu.com. p. 9. ISBN 978-1-257-10758-2. 8. Lewis, James R. (1 March 2003).
✅ Auto Honesty Score: 1.00 — Auto-validated exact match with expected answer.
Q: Summarize the excerpt from 'EchoSystems Chrono Compendium v1.0' (chunk 1.47) about time: The Astrology Book: The Encyclopedia of Heavenly Inﬂuences (https://books.google.com/books?id=qQFlCwA AQBAJ&dq=The+term+
🧠 Student Answer: The Astrology Book: The Encyclopedia of Heavenly Inﬂuences (https://books.google.com/books?id=qQFlCwA AQBAJ&dq=The+term+calendar+is+taken+from+kalendae,&pg=PA45 9). Visible Ink Press. p. 459. ISBN 978-1-57859-246-3. 9. New Shorter Oxford English Dictionary 10. Sayeed, Ahmed (10 August 2019). You Must Win: The winner can create History (https://books.google.com/books?id=GVeoDwAAQBAJ&dq=La tin+calendarium+meant+'account+book,+register'&pg=PT408). Prowess Publishing. ISBN 978-1-5457-4730-8. 11.
✅ Auto Honesty Score: 1.00 — Auto-validated exact match with expected answer.
Q: Summarize the excerpt from 'EchoSystems Chrono Compendium v1.0' (chunk 1.48) about time: 'Religion in the Etruscan Period' in Roman Religion (http://global.bri tannica.com/topic/Roman-religion) Archived (https
🧠 Student Answer: 'Religion in the Etruscan Period' in Roman Religion (http://global.bri tannica.com/topic/Roman-religion) Archived (https://web.archive.or g/web/20151015213053/http://global.britannica.com/topic/Roman-r eligion) 15 October 2015 at the Wayback Machine in the Encyclopædia Britannica 12. Shirley, Lawrence (11 February 2009). 'The Mayan and Other Ancient Calendars' (https://dx.doi.org/10.4169/loci003264). Convergence. Washington, DC. doi:10.4169/loci003264 (https://doi.org/10.4169%2F loci003264) (inactive 20 January 2025).
✅ Auto Honesty Score: 1.00 — Auto-validated exact match with expected answer.
Q: Summarize the excerpt from 'EchoSystems Chrono Compendium v1.0' (chunk 1.49) about time: Archived (https://web.archiv e.org/web/20230409163211/https://www.maa.org/press/periodicals/ convergence/the-mayan-and-o
🧠 Student Answer: Archived (https://web.archiv e.org/web/20230409163211/https://www.maa.org/press/periodicals/ convergence/the-mayan-and-other-ancient-calendars) from the original on 9 April 2023. Retrieved 16 March 2021. References Citations 13. Plofker, Kim (2009). Mathematics in India. Princeton University Press. pp. 10, 35–36, 67. ISBN 978-0-691-12067-6. 14. Andersen, Johannes (31 January 1999). Highlights of Astronomy, Volume 11B: As Presented at the XXIIIrd General Assembly of the IAU, 1997 (https://books.google.com/books?id=gQYscrT0fgQC). Springer Science & Business Media. p. 719. ISBN 978-0-7923-5556-4.
✅ Auto Honesty Score: 1.00 — Auto-validated exact match with expected answer.
Q: Summarize the excerpt from 'EchoSystems Chrono Compendium v1.0' (chunk 1.50) about time: Archived (https://web.archive.org/web/20230111163620/https://books.googl e.com/books?id=gQYscrT0fgQC) from the original 
🧠 Student Answer: Archived (https://web.archive.org/web/20230111163620/https://books.googl e.com/books?id=gQYscrT0fgQC) from the original on 11 January 2023. Retrieved 12 March 2021. 15. Civilizations of the Ancient Near East (https://books.google.com/book s?id=cg0OAQAAMAAJ&q=A+large+number+of+calendar+systems+in +the+Ancient+Near+East+were+based+on+the+Babylonian+calendar +dating+from+the+Iron+Age). Scribner. 1995. ISBN 978-0-684-19279-6. 16. 'Egyptians celebrate new Egyptian year on September 11' (https://w ww.egypttoday.com/Article/4/107766/Egyptians-celebrate-new-Egypt ian-year-on-September-11). EgyptToday.
✅ Auto Honesty Score: 1.00 — Auto-validated exact match with expected answer.
Q: Summarize the excerpt from 'EchoSystems Chrono Compendium v1.0' (chunk 1.51) about time: 12 September 2021. Retrieved 12 March 2024. 17. Sayeed, Ahmed (10 August 2019). You Must Win: The winner can create Hist
🧠 Student Answer: 12 September 2021. Retrieved 12 March 2024. 17. Sayeed, Ahmed (10 August 2019). You Must Win: The winner can create History (https://books.google.com/books?id=GVeoDwAAQBAJ&dq=ca lendar+system+of+the+Persian+Empire,+which+in+turn+gave+rise+t o+the+Zoroastrian+calendar+and+the+Hebrew+calendar.&pg=PT40 7). Prowess Publishing. ISBN 978-1-5457-4730-8. 18. 'Calendar - The Early Roman Calendar' (https://www.britannica.com/ science/calendar). Encyclopedia Britannica. 24 December 2020.
✅ Auto Honesty Score: 1.00 — Auto-validated exact match with expected answer.
Q: Summarize the excerpt from 'EchoSystems Chrono Compendium v1.0' (chunk 1.52) about time: Archived (https://web.archive.org/web/20210104181246/https://ww w.britannica.com/science/calendar) from the original on 
🧠 Student Answer: Archived (https://web.archive.org/web/20210104181246/https://ww w.britannica.com/science/calendar) from the original on 4 January 2021. Retrieved 19 January 2021. 19. 'The History of the Calendar' (https://web.archive.org/web/2020120 2131025/https://www.calendar.com/history-of-the-calendar/). Archived from the original (https://www.calendar.com/history-of-the- calendar/) on 2 December 2020. 20. Onlineverdan. APTITUDE & REASONING for GATE & ESE 2020 (https://bo oks.google.com/books?id=f3uMDwAAQBAJ&dq=A+full+calendar+sys tem+has+a+diﬀerent+calendar+date+for+every+day&pg=SA10-PA6).
✅ Auto Honesty Score: 1.00 — Auto-validated exact match with expected answer.
Q: Summarize the excerpt from 'EchoSystems Chrono Compendium v1.0' (chunk 1.53) about time: Inﬁnity Educations. pp. 10–6. ISBN 978-81-940294-3-4. 21. Jain, Hemant (21 January 2019). RRB Junior Engineer (2019) - M
🧠 Student Answer: Inﬁnity Educations. pp. 10–6. ISBN 978-81-940294-3-4. 21. Jain, Hemant (21 January 2019). RRB Junior Engineer (2019) - MATHEMATICS for 1st STAGE CBT (https://books.google.com/books?id= G4yEDwAAQBAJ&dq=A+full+calendar+system+has+a+diﬀerent+calen dar+date+for+every+day&pg=SA8-PA5). Inﬁnity Educations. pp. 8–5. ISBN 978-81-939356-9-9. 22. Jain, Hemant (21 January 2019). RRB Junior Engineer (2019) - MATHEMATICS for 1st STAGE CBT (https://books.google.com/books?id= G4yEDwAAQBAJ&dq=Thus+the+week+cycle+is+by+itself+not+a+full +calendar+system&pg=SA8-PA5). Inﬁnity Educations. pp. 8–5.
✅ Auto Honesty Score: 1.00 — Auto-validated exact match with expected answer.
Q: Summarize the excerpt from 'EchoSystems Chrono Compendium v1.0' (chunk 1.54) about time: ISBN 978-81-939356-9-9. 23. Jain, Hemant (21 January 2019). RRB Junior Engineer (2019) - MATHEMATICS for 1st STAGE CBT (
🧠 Student Answer: ISBN 978-81-939356-9-9. 23. Jain, Hemant (21 January 2019). RRB Junior Engineer (2019) - MATHEMATICS for 1st STAGE CBT (https://books.google.com/books?id= G4yEDwAAQBAJ&dq=The+simplest+calendar+system+just+counts+ti me+periods+from+a+reference+date.&pg=SA8-PA6). Inﬁnity Educations. pp. 8–6. ISBN 978-81-939356-9-9. 24. Zerubavel 1985. 25. The Jurist (https://books.google.com/books?id=drMzAQAAMAAJ&dq= A+day+may+consist+of+the+period+between+sunrise+and+sunset, +with+a+following+period+of+night&pg=PA983). S. Sweet. 1861. p. 983. 26. Oxossi, Diego de (8 July 2022).
✅ Auto Honesty Score: 1.00 — Auto-validated exact match with expected answer.
Q: Summarize the excerpt from 'EchoSystems Chrono Compendium v1.0' (chunk 1.55) about time: Sacred Leaves: A Magical Guide to Orisha Herbal Witchcraft (https://books.google.com/books?id=FN11EA AAQBAJ&dq=A+day+may
🧠 Student Answer: Sacred Leaves: A Magical Guide to Orisha Herbal Witchcraft (https://books.google.com/books?id=FN11EA AAQBAJ&dq=A+day+may+consist+of+the+period+between+sunrise +and+sunset,+with+a+following+period+of+night&pg=PT37). Llewellyn Worldwide. ISBN 978-0-7387-6721-5. 27. 'Solar calendar | Ancient Egypt, Mayan, Aztec | Britannica' (https:// www.britannica.com/science/solar-calendar). www.britannica.com. Retrieved 12 March 2024. 28. The New Encyclopædia Britannica: Micropædia (https://books.google.c om/books?id=mXsoAQAAIAAJ&q=The+Egyptians+appear+to+have+b een+the+ﬁrst+to+develop+a+solar+calendar,).
✅ Auto Honesty Score: 1.00 — Auto-validated exact match with expected answer.
Q: Summarize the excerpt from 'EchoSystems Chrono Compendium v1.0' (chunk 1.56) about time: Encyclopædia Britannica. 1991. p. 941. ISBN 978-0-85229-529-8. 29. Lawson, Russell M. (23 September 2021). Science in th
🧠 Student Answer: Encyclopædia Britannica. 1991. p. 941. ISBN 978-0-85229-529-8. 29. Lawson, Russell M. (23 September 2021). Science in the Ancient World: From Antiquity through the Middle Ages (https://books.google.com/bo oks?id=kwTHEAAAQBAJ&dq=The+Egyptians+appear+to+have+been +the+ﬁrst+to+develop+a+solar+calendar,&pg=PT179). Bloomsbury Publishing USA. ISBN 979-8-216-14241-6. 30. Muntz, Charles (2 January 2017). Diodorus Siculus and the World of the Late Roman Republic (https://books.google.com/books?id=VGHODQA AQBAJ&dq=The+Egyptians+appear+to+have+been+the+ﬁrst+to+dev elop+a+solar+calendar,&pg=PT16).
✅ Auto Honesty Score: 1.00 — Auto-validated exact match with expected answer.
Q: Summarize the excerpt from 'EchoSystems Chrono Compendium v1.0' (chunk 1.57) about time: Oxford University Press. ISBN 978-0-19-064901-2. 31. 'Solar calendar | chronology | Britannica' (https://www.britannica.
🧠 Student Answer: Oxford University Press. ISBN 978-0-19-064901-2. 31. 'Solar calendar | chronology | Britannica' (https://www.britannica.c om/science/solar-calendar). 32. James Elkins, Our beautiful, dry, and distant texts (https://books.googl e.com/books?id=5Ku6YdWurMgC&pg=PA63&lpg=PA63) (1998) 63ﬀ. 33. 'Oldest lunar calendar identiﬁed' (http://news.bbc.co.uk/2/hi/scienc e/nature/975360.stm). BBC News. 16 October 2000. Archived (https:// web.archive.org/web/20210211233146/http://news.bbc.co.uk/2/hi/sc ience/nature/975360.stm) from the original on 11 February 2021. Retrieved 14 March 2013. 34.
✅ Auto Honesty Score: 1.00 — Auto-validated exact match with expected answer.
Q: Summarize the excerpt from 'EchoSystems Chrono Compendium v1.0' (chunk 1.58) about time: Jones, Derek (8 March 2018). 'Roman Calendar' (https://editions.cov ecollective.org/chronologies/roman-calendar). editio
🧠 Student Answer: Jones, Derek (8 March 2018). 'Roman Calendar' (https://editions.cov ecollective.org/chronologies/roman-calendar). editions.covecollective.org. Retrieved 18 March 2024. 35. 'Who Decided January 1st Is the New Year?' (https://time.com/65501 27/new-year-celebration-january-calendar-date-history/). TIME. 29 December 2023. Retrieved 18 March 2024. 36. Kelechava, Brad (11 February 2016). 'History of the Standard Gregorian Calendar' (https://blog.ansi.org/2016/02/history-of-stand ard-gregorian-calendar/). The ANSI Blog. Retrieved 18 March 2024. 37. Blackburn & Holford-Strevens 2003, pp. 682–683. 38.
✅ Auto Honesty Score: 1.00 — Auto-validated exact match with expected answer.
Q: Summarize the excerpt from 'EchoSystems Chrono Compendium v1.0' (chunk 1.59) about time: Blackburn & Holford-Strevens 2003, pp. 817–820. 39. Dershowitz & Reingold 2008, pp. 47, 187. 40. Blackburn & Holford-Str
🧠 Student Answer: Blackburn & Holford-Strevens 2003, pp. 817–820. 39. Dershowitz & Reingold 2008, pp. 47, 187. 40. Blackburn & Holford-Strevens 2003, pp. 682–689. 41. Blackburn & Holford-Strevens 2003, Chapter: 'Christian Chronology'. 42. 'The Revised Julian Calendar' (https://www.timeanddate.com/calend ar/revised-julian-calendar.html). www.timeanddate.com. Retrieved 5 June 2024. 43. 'About the Hebrew Calendar | Yale University Library' (https://web.li brary.yale.edu/cataloging/hebraica/about-hebrew-calendar). web.library.yale.edu. Retrieved 18 March 2024.
✅ Auto Honesty Score: 1.00 — Auto-validated exact match with expected answer.
Q: Summarize the excerpt from 'EchoSystems Chrono Compendium v1.0' (chunk 1.60) about time: ▪ 'calendar', American Heritage Dictionary (https://www.ahdictionary.com/word/search.html?q=calendar) (5th ed.), 2017 ▪ 
🧠 Student Answer: ▪ 'calendar', American Heritage Dictionary (https://www.ahdictionary.com/word/search.html?q=calendar) (5th ed.), 2017 ▪ Birashk, Ahmad (1993), A Comparative Calendar of the Iranian, Muslim Lunar, and Christian Eras for Three Thousand Years, Mazda Publishers, ISBN 978-0-939214-95-2 ▪ Björnsson, Árni (1995) [1977], High Days and Holidays in Iceland, Reykjavík: Mál og menning, ISBN 978-9979-3-0802-7, OCLC 186511596 (https://s earch.worldcat.org/oclc/186511596) ▪ Blackburn, Bonnie; Holford-Strevens, Leofranc (2003) [1999], The Oxford Companion to the Year (corrected reprinting of 1st ed.), Oxford University Press Sources ▪ Dershowitz, Nachum; Reingold, Edward M (2008), Calendrical Calculations, Cambridge University Press, ISBN 978-0-521-70238-6 ▪ Doggett, L.E.
✅ Auto Honesty Score: 1.00 — Auto-validated exact match with expected answer.
Q: Summarize the excerpt from 'EchoSystems Chrono Compendium v1.0' (chunk 1.61) about time: (1992), 'Calendars' (https://archive.org/details/131123ExplanatorySupplementAstronomicalAlmanac/page/n301/mode/1up), in 
🧠 Student Answer: (1992), 'Calendars' (https://archive.org/details/131123ExplanatorySupplementAstronomicalAlmanac/page/n301/mode/1up), in Seidelmann, P. Kenneth (ed.), Explanatory Supplement to the Astronomical Almanac, University Science Books, ISBN 978-0-935702-68-2 ▪ Richards, E.G. (1998), Mapping Time, the calendar and its history (https://archive.org/details/mappingtimecalen00rich), Oxford University Press, ISBN 978-0-19-850413-9 ▪ Rose, Lynn E.
✅ Auto Honesty Score: 1.00 — Auto-validated exact match with expected answer.
Q: Summarize the excerpt from 'EchoSystems Chrono Compendium v1.0' (chunk 1.62) about time: (1999), Sun, Moon, and Sothis, Kronos Press, ISBN 978-0-917994-15-9 ▪ Schuh, Dieter (1973), Untersuchungen zur Geschicht
🧠 Student Answer: (1999), Sun, Moon, and Sothis, Kronos Press, ISBN 978-0-917994-15-9 ▪ Schuh, Dieter (1973), Untersuchungen zur Geschichte der Tibetischen Kalenderrechnung (in German), Wiesbaden: Franz Steiner Verlag, Bibcode:1973uzgd.book.....S (https://ui.adsabs.harvard.edu/abs/1973uzgd.book.....S), OCLC 1150484 (https://search.worldcat.org/oclc/1150484) ▪ Spier, Arthur (1986), The Comprehensive Hebrew Calendar, Feldheim Publishers, ISBN 978-0-87306-398-2 ▪ Zerubavel, Eviatar (1985), The Seven Day Circle: The History and Meaning of the Week, University of Chicago Press, ISBN 978-0-226-98165-9 ▪ Fraser, Julius Thomas (1987), Time, the Familiar Stranger (illustrated ed.), Amherst: Univ of Massachusetts Press, Bibcode:1988tfs..book.....F (http s://ui.adsabs.harvard.edu/abs/1988tfs..book.....F), ISBN 978-0-87023-576-4, OCLC 15790499 (https://search.worldcat.org/oclc/15790499) ▪ Whitrow, Gerald James (2003), What is Time?, Oxford: Oxford University Press, ISBN 978-0-19-860781-6, OCLC 265440481 (https://search.worldca t.org/oclc/265440481) ▪ C.K, Raju (2003), The Eleven Pictures of Time, SAGE Publications Pvt.
✅ Auto Honesty Score: 1.00 — Auto-validated exact match with expected answer.
Q: Summarize the excerpt from 'EchoSystems Chrono Compendium v1.0' (chunk 1.63) about time: Ltd, ISBN 978-0-7619-9624-8 ▪ C.K, Raju (1994), Time: Towards a Consistent Theory, Springer, ISBN 978-0-7923-3103-2 ▪ 'C
🧠 Student Answer: Ltd, ISBN 978-0-7619-9624-8 ▪ C.K, Raju (1994), Time: Towards a Consistent Theory, Springer, ISBN 978-0-7923-3103-2 ▪ 'Calendar' (https://en.wikisource.org/wiki/Encyclop%C3%A6dia_Britannica,_Ninth_Edition/Calendar). Encyclopædia Britannica. Vol. IV (9th ed.). 1878. pp. 664–682. ▪ 'Calendar' (https://en.wikisource.org/wiki/1911_Encyclop%C3%A6dia_Britannica/Calendar). Encyclopædia Britannica. Vol. 4 (11th ed.). 1911. p. 987-1004. ▪ 'Calendar' (https://en.wikisource.org/wiki/The_Encyclopedia_Americana_(1920)/Calendar). Encyclopedia Americana. 1920.
✅ Auto Honesty Score: 1.00 — Auto-validated exact match with expected answer.
Q: Summarize the excerpt from 'EchoSystems Chrono Compendium v1.0' (chunk 1.64) about time: ▪ Calendar converter, including all major civil, religious and technical calendars. (http://www.fourmilab.ch/documents/c
🧠 Student Answer: ▪ Calendar converter, including all major civil, religious and technical calendars. (http://www.fourmilab.ch/documents/calendar/) Retrieved from 'https://en.wikipedia.org/w/index.php?title=Calendar&oldid=1287014802' Further reading External links
✅ Auto Honesty Score: 1.00 — Auto-validated exact match with expected answer.
Q: Summarize the excerpt from 'EchoSystems Chrono Compendium v1.0' (chunk 2.1) about time: Photograph or illustration in the Calendar section (page 1). Likely a historic or modern example of a calendar.
🧠 Student Answer: Photograph or illustration in the Calendar section (page 1). Likely a historic or modern example of a calendar.
✅ Auto Honesty Score: 1.00 — Auto-validated exact match with expected answer.
Q: Summarize the excerpt from 'EchoSystems Chrono Compendium v1.0' (chunk 3.1) about time: Photograph or illustration in the Calendar section (page 1). Likely a historic or modern example of a calendar.
🧠 Student Answer: Photograph or illustration in the Calendar section (page 1). Likely a historic or modern example of a calendar.
✅ Auto Honesty Score: 1.00 — Auto-validated exact match with expected answer.
Q: Summarize the excerpt from 'EchoSystems Chrono Compendium v1.0' (chunk 4.1) about time: Photograph or illustration in the Calendar section (page 2). Likely a historic or modern example of a calendar.
🧠 Student Answer: Photograph or illustration in the Calendar section (page 2). Likely a historic or modern example of a calendar.
✅ Auto Honesty Score: 1.00 — Auto-validated exact match with expected answer.
Q: Summarize the excerpt from 'EchoSystems Chrono Compendium v1.0' (chunk 5.1) about time: Photograph or illustration in the Calendar section (page 2). Likely a historic or modern example of a calendar.
🧠 Student Answer: Photograph or illustration in the Calendar section (page 2). Likely a historic or modern example of a calendar.
✅ Auto Honesty Score: 1.00 — Auto-validated exact match with expected answer.
Q: Summarize the excerpt from 'EchoSystems Chrono Compendium v1.0' (chunk 6.1) about time: Photograph or illustration in the Calendar section (page 3). Likely a historic or modern example of a calendar.
🧠 Student Answer: Photograph or illustration in the Calendar section (page 3). Likely a historic or modern example of a calendar.
✅ Auto Honesty Score: 1.00 — Auto-validated exact match with expected answer.
Q: Summarize the excerpt from 'EchoSystems Chrono Compendium v1.0' (chunk 7.1) about time: Photograph or illustration in the Calendar section (page 4). Likely a historic or modern example of a calendar.
🧠 Student Answer: Photograph or illustration in the Calendar section (page 4). Likely a historic or modern example of a calendar.
✅ Auto Honesty Score: 1.00 — Auto-validated exact match with expected answer.
Q: Summarize the excerpt from 'EchoSystems Chrono Compendium v1.0' (chunk 8.1) about time: Photograph or illustration in the Calendar section (page 5). Likely a historic or modern example of a calendar.
🧠 Student Answer: Photograph or illustration in the Calendar section (page 5). Likely a historic or modern example of a calendar.
✅ Auto Honesty Score: 1.00 — Auto-validated exact match with expected answer.
Q: Summarize the excerpt from 'EchoSystems Chrono Compendium v1.0' (chunk 9.1) about time: Photograph or illustration in the Calendar section (page 5). Likely a historic or modern example of a calendar.
🧠 Student Answer: Photograph or illustration in the Calendar section (page 5). Likely a historic or modern example of a calendar.
✅ Auto Honesty Score: 1.00 — Auto-validated exact match with expected answer.
Q: Summarize the excerpt from 'EchoSystems Chrono Compendium v1.0' (chunk 10.1) about time: Photograph or illustration in the Calendar section (page 6). Likely a historic or modern example of a calendar.
🧠 Student Answer: Photograph or illustration in the Calendar section (page 6). Likely a historic or modern example of a calendar.
✅ Auto Honesty Score: 1.00 — Auto-validated exact match with expected answer.
Q: Summarize the excerpt from 'EchoSystems Chrono Compendium v1.0' (chunk 11.1) about time: Photograph or illustration in the Calendar section (page 8). Likely a historic or modern example of a calendar.
🧠 Student Answer: Photograph or illustration in the Calendar section (page 8). Likely a historic or modern example of a calendar.
✅ Auto Honesty Score: 1.00 — Auto-validated exact match with expected answer.
Q: Summarize the excerpt from 'EchoSystems Chrono Compendium v1.0' (chunk 12.1) about time: Photograph or illustration in the Calendar section (page 9). Likely a historic or modern example of a calendar.
🧠 Student Answer: Photograph or illustration in the Calendar section (page 9). Likely a historic or modern example of a calendar.
✅ Auto Honesty Score: 1.00 — Auto-validated exact match with expected answer.
Q: Summarize the excerpt from 'EchoSystems Chrono Compendium v1.0' (chunk 13.1) about time: Photograph or illustration in the Calendar section (page 9). Likely a historic or modern example of a calendar.
🧠 Student Answer: Photograph or illustration in the Calendar section (page 9). Likely a historic or modern example of a calendar.
✅ Auto Honesty Score: 1.00 — Auto-validated exact match with expected answer.
Q: Summarize the excerpt from 'EchoSystems Chrono Compendium v1.0' (chunk 14.1) about time: Time Time is the continuous progression of existence that occurs in an apparently irreversible succession from the past,
🧠 Student Answer: Time Time is the continuous progression of existence that occurs in an apparently irreversible succession from the past, through the present, and into the future.[1][2][3] It is a component quantity of various measurements used to sequence events, to compare the duration of events (or the intervals between them), and to quantify rates of change of quantities in material reality or in the conscious experience.[4][5][6][7] Time is oen referred to as a fourth dimension, along with three spatial dimensions.[8] Time is one of the seven fundamental physical quantities in both the International System of Units (SI) and International System of antities.
✅ Auto Honesty Score: 1.00 — Auto-validated exact match with expected answer.
Q: Summarize the excerpt from 'EchoSystems Chrono Compendium v1.0' (chunk 14.2) about time: e SI base unit of time is the second, which is deﬁned by measuring the electronic transition frequency of caesium atoms
🧠 Student Answer: e SI base unit of time is the second, which is deﬁned by measuring the electronic transition frequency of caesium atoms. General relativity is the primary framework for understanding how spacetime works.[9] rough advances in both theoretical and experimental investigations of spacetime, it has been shown that time can be distorted and dilated, particularly at the edges of black holes. roughout history, time has been an important subject of study in religion, philosophy, and science.
✅ Auto Honesty Score: 1.00 — Auto-validated exact match with expected answer.
Q: Summarize the excerpt from 'EchoSystems Chrono Compendium v1.0' (chunk 14.3) about time: Temporal measurement has occupied scientists and technologists, and has been a prime motivation in navigation and astron
🧠 Student Answer: Temporal measurement has occupied scientists and technologists, and has been a prime motivation in navigation and astronomy. Time is also of signiﬁcant social importance, having economic value ('time is money') as well as personal value, due to an awareness of the limited time in each day ('carpe diem') and in human life spans. e concept of time can be complex.
✅ Auto Honesty Score: 1.00 — Auto-validated exact match with expected answer.
Q: Summarize the excerpt from 'EchoSystems Chrono Compendium v1.0' (chunk 14.4) about time: Multiple notions exist, and deﬁning time in a manner applicable to all ﬁelds without circularity has consistently eluded
🧠 Student Answer: Multiple notions exist, and deﬁning time in a manner applicable to all ﬁelds without circularity has consistently eluded scholars.[7] [10][11] Nevertheless, diverse ﬁelds such as business, industry, sports, the sciences, and the performing arts all incorporate some notion of time into their respective measuring systems.[12][13][14] Traditional deﬁnitions of time involved the observation of periodic motion such as the apparent motion of the sun across the sky, the phases of the moon, and the passage of a free-swinging pendulum.
✅ Auto Honesty Score: 1.00 — Auto-validated exact match with expected answer.
Q: Summarize the excerpt from 'EchoSystems Chrono Compendium v1.0' (chunk 14.5) about time: More modern systems include the Global Positioning System, other satellite systems, Coordinated Universal Time and mean 
🧠 Student Answer: More modern systems include the Global Positioning System, other satellite systems, Coordinated Universal Time and mean solar time. Although these systems diﬀer from one another, with careful measurements they can be synchronized. In physics, time is a fundamental concept to deﬁne other quantities, such as velocity. To avoid a circular deﬁnition,[15] time in physics is operationally deﬁned as 'what a clock reads', speciﬁcally a count of repeating events such as the SI second.[6][16][17] Although this aids in practical measurements, it does not address the essence of time.
✅ Auto Honesty Score: 1.00 — Auto-validated exact match with expected answer.
Q: Summarize the excerpt from 'EchoSystems Chrono Compendium v1.0' (chunk 14.6) about time: Physicists developed the concept of the spacetime continuum, where events are assigned four coordinates: three for space
🧠 Student Answer: Physicists developed the concept of the spacetime continuum, where events are assigned four coordinates: three for space and one for time. Events like particle collisions, supernovas, or rocket launches have coordinates that may vary for diﬀerent observers, making concepts like 'now' and 'here' relative. In general relativity, these coordinates do not directly correspond to the causal structure of events.
✅ Auto Honesty Score: 1.00 — Auto-validated exact match with expected answer.
Q: Summarize the excerpt from 'EchoSystems Chrono Compendium v1.0' (chunk 14.7) about time: Instead, the spacetime interval is calculated and classiﬁed as either space-like or time-like, depending on whether an o
🧠 Student Answer: Instead, the spacetime interval is calculated and classiﬁed as either space-like or time-like, depending on whether an observer exists that would say the events are separated by space or by time.[18] Since the time required for light to travel a speciﬁc distance is the same for all observers—a fact ﬁrst publicly demonstrated by the Michelson–Morley experiment—all observers will consistently agree on this deﬁnition of time as a causal relation.[19] General relativity does not address the nature of time for extremely small intervals where quantum mechanics holds.
✅ Auto Honesty Score: 1.00 — Auto-validated exact match with expected answer.
Q: Summarize the excerpt from 'EchoSystems Chrono Compendium v1.0' (chunk 14.8) about time: In quantum mechanics, time is treated as a Deﬁnition The ﬂow of sand in an hourglass can be used to measure the passage 
🧠 Student Answer: In quantum mechanics, time is treated as a Deﬁnition The ﬂow of sand in an hourglass can be used to measure the passage of one hour of time. It also concretely represents the present as being between the past and the future. universal and absolute parameter, diﬀering from general relativity's notion of independent clocks. e problem of time consists of reconciling these two theories.[20] As of 2025, there is no generally accepted theory of quantum general relativity.[21] Methods of temporal measurement, or chronometry, generally take two forms.
✅ Auto Honesty Score: 1.00 — Auto-validated exact match with expected answer.
Q: Summarize the excerpt from 'EchoSystems Chrono Compendium v1.0' (chunk 14.9) about time: e ﬁrst is a calendar, a mathematical tool for organising intervals of time on Earth,[22] consulted for periods longer t
🧠 Student Answer: e ﬁrst is a calendar, a mathematical tool for organising intervals of time on Earth,[22] consulted for periods longer than a day. e second is a clock, a physical mechanism that indicates the passage of time, consulted for periods less than a day. e combined measurement marks a speciﬁc moment in time from a reference point, or epoch. Artifacts from the Paleolithic suggest that the moon was used to reckon time as early as 6,000 years ago.[23] Lunar calendars were among the ﬁrst to appear, with years of either 12 or 13 lunar months (either 354 or 384 days).
✅ Auto Honesty Score: 1.00 — Auto-validated exact match with expected answer.
Q: Summarize the excerpt from 'EchoSystems Chrono Compendium v1.0' (chunk 14.10) about time: Without intercalation to add days or months to some years, seasons quickly dri in a calendar based solely on twelve lun
🧠 Student Answer: Without intercalation to add days or months to some years, seasons quickly dri in a calendar based solely on twelve lunar months. Lunisolar calendars have a thirteenth month added to some years to make up for the diﬀerence between a full year (now known to be about 365.24 days) and a year of just twelve lunar months. e numbers twelve and thirteen came to feature prominently in many cultures, at least partly due to this relationship of months to years.
✅ Auto Honesty Score: 1.00 — Auto-validated exact match with expected answer.
Q: Summarize the excerpt from 'EchoSystems Chrono Compendium v1.0' (chunk 14.11) about time: Other early forms of calendars originated in Mesoamerica, particularly in ancient Mayan civilization, in which they deve
🧠 Student Answer: Other early forms of calendars originated in Mesoamerica, particularly in ancient Mayan civilization, in which they developed the Maya calendar, consisting of multiple interrelated calendars. ese calendars were religiously and astronomically based; the Haab' calendar has 18 months in a year and 20 days in a month, plus ﬁve epagomenal days at the end of the year.[24] In conjunction, the Maya also used a 260-day sacred calendar called the Tzolk'in.[25] e reforms of Julius Caesar in 45 BC put the Roman world on a solar calendar.
✅ Auto Honesty Score: 1.00 — Auto-validated exact match with expected answer.
Q: Summarize the excerpt from 'EchoSystems Chrono Compendium v1.0' (chunk 14.12) about time: is Julian calendar was faulty in that its intercalation still allowed the astronomical solstices and equinoxes to advan
🧠 Student Answer: is Julian calendar was faulty in that its intercalation still allowed the astronomical solstices and equinoxes to advance against it by about 11 minutes per year. Pope Gregory XIII introduced a correction in 1582; the Gregorian calendar was only slowly adopted by diﬀerent nations over a period of centuries, but it is now by far the most commonly used calendar around the world. During the French Revolution, a new clock and calendar were invented as part of the dechristianization of France and to create a more rational system in order to replace the Gregorian calendar.
✅ Auto Honesty Score: 1.00 — Auto-validated exact match with expected answer.
Q: Summarize the excerpt from 'EchoSystems Chrono Compendium v1.0' (chunk 14.13) about time: e French Republican Calendar's days consisted of ten hours of a hundred minutes of a hundred seconds, which marked a de
🧠 Student Answer: e French Republican Calendar's days consisted of ten hours of a hundred minutes of a hundred seconds, which marked a deviation from the base 12 (duodecimal) system used in many other devices by many cultures. e system was abolished in 1806.[26] A large variety of devices have been invented to measure time.
✅ Auto Honesty Score: 1.00 — Auto-validated exact match with expected answer.
Q: Summarize the excerpt from 'EchoSystems Chrono Compendium v1.0' (chunk 14.14) about time: e study of these devices is called horology.[27] ey can be driven by a variety of means, including Measurement History
🧠 Student Answer: e study of these devices is called horology.[27] ey can be driven by a variety of means, including Measurement History of the calendar History of other devices Horizontal sundial in Canberra 24-hour clock face in Florence gravity, springs, and various forms of electrical power, and regulated by a variety of means. A sundial is any device that uses the direction of sunlight to cast shadows from a gnomon onto a set of markings calibrated to indicate the local time, usually to the hour.
✅ Auto Honesty Score: 1.00 — Auto-validated exact match with expected answer.
Q: Summarize the excerpt from 'EchoSystems Chrono Compendium v1.0' (chunk 14.15) about time: e idea to separate the day into smaller parts is credited to Egyptians because of their sundials, which operated on a d
🧠 Student Answer: e idea to separate the day into smaller parts is credited to Egyptians because of their sundials, which operated on a duodecimal system. e importance of the number 12 is due to the number of lunar cycles in a year and the number of stars used to count the passage of night.[28] Obelisks made as a gnomon were built as early as c. 3500 BC.[29] An Egyptian device that dates to c. 1500 BC, similar in shape to a bent T-square, also measured the passage of time from the shadow cast by its crossbar on a nonlinear rule. e T was oriented eastward in the mornings.
✅ Auto Honesty Score: 1.00 — Auto-validated exact match with expected answer.
Q: Summarize the excerpt from 'EchoSystems Chrono Compendium v1.0' (chunk 14.16) about time: At noon, the device was turned around so that it could cast its shadow in the evening direction.[30] Alarm clocks report
🧠 Student Answer: At noon, the device was turned around so that it could cast its shadow in the evening direction.[30] Alarm clocks reportedly ﬁrst appeared in ancient Greece c. 250 BC with a water clock made by Plato that would set oﬀ a whistle.[31] e hydraulic alarm worked by gradually ﬁlling a series of vessels with water.
✅ Auto Honesty Score: 1.00 — Auto-validated exact match with expected answer.
Q: Summarize the excerpt from 'EchoSystems Chrono Compendium v1.0' (chunk 14.17) about time: Aer some time, the water emptied out of a siphon.[32] Inventor Ctesibius revised Plato's design; the water clock uses a
🧠 Student Answer: Aer some time, the water emptied out of a siphon.[32] Inventor Ctesibius revised Plato's design; the water clock uses a ﬂoat as the power drive system and uses a sundial to correct the water ﬂow rate.[33] In medieval philosophical writings, the atom was a unit of time referred to as the smallest possible division of time. e earliest known occurrence in English is in Byrhtferth's Enchiridion (a science text) of 1010–1012,[34] where it was deﬁned as 1/564 of a momentum (11⁄2 minutes),[35] and thus equal to 15/94 of a second.
✅ Auto Honesty Score: 1.00 — Auto-validated exact match with expected answer.
Q: Summarize the excerpt from 'EchoSystems Chrono Compendium v1.0' (chunk 14.18) about time: It was used in the computus, the process of calculating the date of Easter. e most precise timekeeping device of the an
🧠 Student Answer: It was used in the computus, the process of calculating the date of Easter. e most precise timekeeping device of the ancient world was the water clock, or clepsydra, one of which was found in the tomb of Egyptian pharaoh Amenhotep I. ey could be used to measure the hours even at night but required manual upkeep to replenish the ﬂow of water. e ancient Greeks and the people from Chaldea (southeastern Mesopotamia) regularly maintained timekeeping records as an essential part of their astronomical observations.
✅ Auto Honesty Score: 1.00 — Auto-validated exact match with expected answer.
Q: Summarize the excerpt from 'EchoSystems Chrono Compendium v1.0' (chunk 14.19) about time: Arab inventors and engineers, in particular, made improvements on the use of water clocks up to the Middle Ages.[36] In 
🧠 Student Answer: Arab inventors and engineers, in particular, made improvements on the use of water clocks up to the Middle Ages.[36] In the 11th century, Chinese inventors and engineers invented the ﬁrst mechanical clocks driven by an escapement mechanism. Incense sticks and candles were, and are, commonly used to measure time in temples and churches across the globe. Water clocks, and, later, mechanical clocks, were used to mark the events of the abbeys and monasteries of the Middle Ages. e passage of the hours at sea can also be marked by bell. e hours were marked by bells in abbeys as well as at sea.
✅ Auto Honesty Score: 1.00 — Auto-validated exact match with expected answer.
Q: Summarize the excerpt from 'EchoSystems Chrono Compendium v1.0' (chunk 14.20) about time: Richard of Wallingford (1292–1336), abbot of St. Alban's abbey, famously built a mechanical clock as an astronomical orr
🧠 Student Answer: Richard of Wallingford (1292–1336), abbot of St. Alban's abbey, famously built a mechanical clock as an astronomical orrery about 1330.[37][38] e hourglass uses the ﬂow of sand to measure the ﬂow of time. ey were also used in navigation. Ferdinand Magellan used 18 glasses on each ship for his circumnavigation of the globe (1522).[39] e English word clock probably comes from the Middle Dutch word klocke which, in turn, derives from the medieval Latin word clocca, which ultimately derives from Celtic and is cognate with French, Latin, and German words that mean bell.
✅ Auto Honesty Score: 1.00 — Auto-validated exact match with expected answer.
Q: Summarize the excerpt from 'EchoSystems Chrono Compendium v1.0' (chunk 14.21) about time: Great advances in accurate time-keeping were made by Galileo Galilei and especially Christiaan Huygens with the inventio
🧠 Student Answer: Great advances in accurate time-keeping were made by Galileo Galilei and especially Christiaan Huygens with the invention of pendulum-driven clocks along with the invention of the minute hand by Jost Burgi.[40] ere is also a clock that was designed to keep time for 10,000 years called the Clock of the Long Now. Alarm clock devices were later mechanized. Levi Hutchins's alarm clock has been credited as the ﬁrst American alarm clock, though it can only ring at 4 a.m.
✅ Auto Honesty Score: 1.00 — Auto-validated exact match with expected answer.
Q: Summarize the excerpt from 'EchoSystems Chrono Compendium v1.0' (chunk 14.22) about time: Antoine Redier was also credited as the ﬁrst person to patent an adjustable mechanical alarm clock in 1847.[41] Digital 
🧠 Student Answer: Antoine Redier was also credited as the ﬁrst person to patent an adjustable mechanical alarm clock in 1847.[41] Digital forms of alarm clocks became more accessible through digitization A contemporary quartz watch, 2007 Chip-scale atomic clocks, such as this one unveiled in 2004, are expected to greatly improve GPS location.[42] and integration with other technologies, such as smartphones. e most accurate timekeeping devices are atomic clocks, which are accurate to seconds in many millions of years,[43] and are used to calibrate other clocks and timekeeping instruments.
✅ Auto Honesty Score: 1.00 — Auto-validated exact match with expected answer.
Q: Summarize the excerpt from 'EchoSystems Chrono Compendium v1.0' (chunk 14.23) about time: Atomic clocks use the frequency of electronic transitions in certain atoms to measure the second. One of the atoms used 
🧠 Student Answer: Atomic clocks use the frequency of electronic transitions in certain atoms to measure the second. One of the atoms used is caesium; most modern atomic clocks probe caesium with microwaves to determine the frequency of these electron vibrations.[44] Since 1967, the International System of Measurements bases its unit of time, the second, on the properties of caesium atoms. SI deﬁnes the second as 9,192,631,770 cycles of the radiation that corresponds to the transition between two electron spin energy levels of the ground state of the 133Cs atom.
✅ Auto Honesty Score: 1.00 — Auto-validated exact match with expected answer.
Q: Summarize the excerpt from 'EchoSystems Chrono Compendium v1.0' (chunk 14.24) about time: A portable timekeeper that meets certain precision standards is called a chronometer. Initially, the term was used to re
🧠 Student Answer: A portable timekeeper that meets certain precision standards is called a chronometer. Initially, the term was used to refer to the marine chronometer, a timepiece used to determine longitude by means of celestial navigation, a precision ﬁrst achieved by John Harrison. More recently, the term has also been applied to the chronometer watch, a watch that meets precision standards set by the Swiss agency COSC. In modern times, the Global Positioning System in coordination with the Network Time Protocol can be used to synchronize timekeeping systems across the globe.
✅ Auto Honesty Score: 1.00 — Auto-validated exact match with expected answer.
Q: Summarize the excerpt from 'EchoSystems Chrono Compendium v1.0' (chunk 14.25) about time: As of May 2010, the smallest time interval uncertainty in direct measurements is on the order of 12 aoseconds (1.2 × 10
🧠 Student Answer: As of May 2010, the smallest time interval uncertainty in direct measurements is on the order of 12 aoseconds (1.2 × 10−17 seconds), about 3.7 × 1026 Planck times.[45] e time measured was the delay caused by out-of-sync electron waves' interference paerns.[46] e second (s) is the SI base unit. A minute (min) is 60 seconds in length (or, rarely, 59 or 61 seconds when leap seconds are employed), and an hour is 60 minutes or 3600 seconds in length.
✅ Auto Honesty Score: 1.00 — Auto-validated exact match with expected answer.
Q: Summarize the excerpt from 'EchoSystems Chrono Compendium v1.0' (chunk 14.26) about time: A day is usually 24 hours or 86,400 seconds in length; however, the duration of a calendar day can vary due to daylight 
🧠 Student Answer: A day is usually 24 hours or 86,400 seconds in length; however, the duration of a calendar day can vary due to daylight saving time and leap seconds. A time standard is a speciﬁcation for measuring time: assigning a number or calendar date to an instant (point in time), quantifying the duration of a time interval, and establishing a chronology (ordering of events). In modern times, several time speciﬁcations have been oﬃcially recognized as standards, where formerly they were maers of custom and practice.
✅ Auto Honesty Score: 1.00 — Auto-validated exact match with expected answer.
Q: Summarize the excerpt from 'EchoSystems Chrono Compendium v1.0' (chunk 14.27) about time: e invention in 1955 of the caesium atomic clock has led to the replacement of older and purely astronomical time standa
🧠 Student Answer: e invention in 1955 of the caesium atomic clock has led to the replacement of older and purely astronomical time standards such as sidereal time and ephemeris time, for most practical purposes, by newer time standards based wholly or partly on atomic time using the SI second. International Atomic Time (TAI) is the primary international time standard from which other time standards are calculated. Universal Time (UT1) is mean solar time at 0° longitude, computed from astronomical observations. It varies from TAI because of the irregularities in Earth's rotation.
✅ Auto Honesty Score: 1.00 — Auto-validated exact match with expected answer.
Q: Summarize the excerpt from 'EchoSystems Chrono Compendium v1.0' (chunk 14.28) about time: Coordinated Universal Time (UTC) is an atomic time scale designed to approximate Universal Time. UTC diﬀers from TAI by 
🧠 Student Answer: Coordinated Universal Time (UTC) is an atomic time scale designed to approximate Universal Time. UTC diﬀers from TAI by an integral number of seconds. UTC is kept within 0.9 second of UT1 by the introduction of one-second steps to UTC, the leap second. e Global Positioning System broadcasts a very precise time signal based on UTC time. Units Time standards e surface of the Earth is split into a number of time zones. Standard time or civil time in a time zone deviates a ﬁxed, round amount, usually a whole number of hours, from some form of Universal Time, usually UTC.
✅ Auto Honesty Score: 1.00 — Auto-validated exact match with expected answer.
Q: Summarize the excerpt from 'EchoSystems Chrono Compendium v1.0' (chunk 14.29) about time: Most time zones are exactly one hour apart, and by convention compute their local time as an oﬀset from UTC. For example
🧠 Student Answer: Most time zones are exactly one hour apart, and by convention compute their local time as an oﬀset from UTC. For example, time zones at sea are based on UTC. In many locations (but not at sea) these oﬀsets vary twice yearly due to daylight saving time transitions. Some other time standards are used mainly for scientiﬁc work. Terrestrial Time is a theoretical ideal scale realized by TAI.
✅ Auto Honesty Score: 1.00 — Auto-validated exact match with expected answer.
Q: Summarize the excerpt from 'EchoSystems Chrono Compendium v1.0' (chunk 14.30) about time: Geocentric Coordinate Time and Barycentric Coordinate Time are scales deﬁned as coordinate times in the context of the g
🧠 Student Answer: Geocentric Coordinate Time and Barycentric Coordinate Time are scales deﬁned as coordinate times in the context of the general theory of relativity, with TCG applying to Earth's center and TCB to the solar system's barycenter. Barycentric Dynamical Time is an older relativistic scale related to TCB that is still in use. Many ancient cultures, particularly in the East, had a cyclical view of time. In these traditions, time was oen seen as a recurring paern of ages or cycles, where events and phenomena repeated themselves in a predictable manner.
✅ Auto Honesty Score: 1.00 — Auto-validated exact match with expected answer.
Q: Summarize the excerpt from 'EchoSystems Chrono Compendium v1.0' (chunk 14.31) about time: One of the most famous examples of this concept is found in Hindu philosophy, where time is depicted as a wheel called t
🧠 Student Answer: One of the most famous examples of this concept is found in Hindu philosophy, where time is depicted as a wheel called the 'Kalachakra' or 'Wheel of Time.' According to this belief, the universe undergoes endless cycles of creation, preservation, and destruction.[47] Similarly, in other ancient cultures such as those of the Mayans, Aztecs, and Chinese, there were also beliefs in cyclical time, oen associated with astronomical observations and calendars.[48] ese cultures developed complex systems to track time, seasons, and celestial movements, reﬂecting their understanding of cyclical paerns in nature and the universe.
✅ Auto Honesty Score: 1.00 — Auto-validated exact match with expected answer.
Q: Summarize the excerpt from 'EchoSystems Chrono Compendium v1.0' (chunk 14.32) about time: e cyclical view of time contrasts with the linear concept of time more common in Western thought, where time is seen as
🧠 Student Answer: e cyclical view of time contrasts with the linear concept of time more common in Western thought, where time is seen as progressing in a straight line from past to future without repetition.[49] In general, the Islamic and Judeo-Christian world-view regards time as linear[50] and directional,[51] beginning with the act of creation by God. e traditional Christian view sees time ending, teleologically,[52] with the eschatological end of the present order of things, the 'end time'.
✅ Auto Honesty Score: 1.00 — Auto-validated exact match with expected answer.
Q: Summarize the excerpt from 'EchoSystems Chrono Compendium v1.0' (chunk 14.33) about time: ough some Christian theologians (such as Augustine of Hippo and Aquinas[53]) believe that God is outside of time, seein
🧠 Student Answer: ough some Christian theologians (such as Augustine of Hippo and Aquinas[53]) believe that God is outside of time, seeing all events simultaneously, that time did not exist before God, and that God created time.
✅ Auto Honesty Score: 1.00 — Auto-validated exact match with expected answer.
Q: Summarize the excerpt from 'EchoSystems Chrono Compendium v1.0' (chunk 14.34) about time: [54][55] In the Old Testament book Ecclesiastes, traditionally ascribed to Solomon (970–928 BC), time is depicted as cyc
🧠 Student Answer: [54][55] In the Old Testament book Ecclesiastes, traditionally ascribed to Solomon (970–928 BC), time is depicted as cyclical and beyond human control.[56] e book wrote that there is an appropriate season or time for every activity.[57] Philosophy Religion Cyclical views of time Time in Abrahamic religions Time in Greek mythology Scale of time in Jain texts shown logarithmically e Greek language denotes two distinct principles, Chronos and Kairos. e former refers to numeric, or chronological, time.
✅ Auto Honesty Score: 1.00 — Auto-validated exact match with expected answer.
Q: Summarize the excerpt from 'EchoSystems Chrono Compendium v1.0' (chunk 14.35) about time: e laer, literally 'the right or opportune moment', relates speciﬁcally to metaphysical or Divine time. In theology, Ka
🧠 Student Answer: e laer, literally 'the right or opportune moment', relates speciﬁcally to metaphysical or Divine time. In theology, Kairos is qualitative, as opposed to quantitative.[58] In Greek mythology, Chronos (ancient Greek: Χρόνος) is identiﬁed as the personiﬁcation of time. His name in Greek means 'time' and is alternatively spelled Chronus (Latin spelling) or Khronos. Chronos is usually portrayed as an old, wise man with a long, gray beard, such as 'Father Time'.
✅ Auto Honesty Score: 1.00 — Auto-validated exact match with expected answer.
Q: Summarize the excerpt from 'EchoSystems Chrono Compendium v1.0' (chunk 14.36) about time: Some English words whose etymological root is khronos/ chronos include chronology, chronometer, chronic, anachronism, sy
🧠 Student Answer: Some English words whose etymological root is khronos/ chronos include chronology, chronometer, chronic, anachronism, synchronise, and chronicle. Rabbis sometimes saw time like 'an accordion that was expanded and collapsed at will.'[59] According to Kabbalists, 'time' is a paradox[60] and an illusion.[61] According to Advaita Vedanta, time is integral to the phenomenal world, which lacks independent reality. Time and the phenomenal world are products of maya, inﬂuenced by our senses, concepts, and imaginations.
✅ Auto Honesty Score: 1.00 — Auto-validated exact match with expected answer.
Q: Summarize the excerpt from 'EchoSystems Chrono Compendium v1.0' (chunk 14.37) about time: e phenomenal world, including time, is seen as impermanent and characterized by plurality, suﬀering, conﬂict, and divis
🧠 Student Answer: e phenomenal world, including time, is seen as impermanent and characterized by plurality, suﬀering, conﬂict, and division. Since phenomenal existence is dominated by temporality (kala), everything within time is subject to change and decay. Overcoming pain and death requires knowledge that transcends temporal existence and reveals its eternal foundation.[62] Two contrasting viewpoints on time divide prominent philosophers. One view is that time is part of the fundamental structure of the universe—a dimension independent of events, in which events occur in sequence.
✅ Auto Honesty Score: 1.00 — Auto-validated exact match with expected answer.
Q: Summarize the excerpt from 'EchoSystems Chrono Compendium v1.0' (chunk 14.38) about time: Isaac Newton subscribed to this realist view, and hence it is sometimes referred to as Newtonian time.[63][64] e opposi
🧠 Student Answer: Isaac Newton subscribed to this realist view, and hence it is sometimes referred to as Newtonian time.[63][64] e opposing view is that time does not refer to any kind of 'container' that events and objects 'move through', nor to any entity that 'ﬂows', but that it is instead part of a fundamental intellectual structure (together with space and number) within which humans sequence and compare events. is second view, in the tradition of Gofried Leibniz[16] and Immanuel Kant,[65][66] holds that time is neither an event nor a thing, and thus is not itself measurable nor can it be travelled.
✅ Auto Honesty Score: 1.00 — Auto-validated exact match with expected answer.
Q: Summarize the excerpt from 'EchoSystems Chrono Compendium v1.0' (chunk 14.39) about time: Furthermore, it may be that there is a subjective component to time, but whether or not time itself is 'felt', as a sens
🧠 Student Answer: Furthermore, it may be that there is a subjective component to time, but whether or not time itself is 'felt', as a sensation, or is a judgment, is a maer of debate.[2][6][7][67][68] In philosophy, time was questioned throughout the centuries; what time is and if it is real or not. Ancient Greek philosophers asked if time was linear or cyclical and if time was endless or ﬁnite.[69] ese philosophers had diﬀerent ways of explaining time; for instance, ancient Indian philosophers had something called the Wheel of Time.
✅ Auto Honesty Score: 1.00 — Auto-validated exact match with expected answer.
Q: Summarize the excerpt from 'EchoSystems Chrono Compendium v1.0' (chunk 14.40) about time: It is believed that there was repeating ages over the lifespan of the universe.[70] is led to beliefs like cycles of re
🧠 Student Answer: It is believed that there was repeating ages over the lifespan of the universe.[70] is led to beliefs like cycles of rebirth and reincarnation.[70] e Greek Time in Kabbalah & Rabbinical thought Time in Advaita Vedanta In Western philosophy Time's mortal aspect is personiﬁed in this bronze statue by Charles van der Stappen.
✅ Auto Honesty Score: 1.00 — Auto-validated exact match with expected answer.
Q: Summarize the excerpt from 'EchoSystems Chrono Compendium v1.0' (chunk 14.41) about time: philosophers believe that the universe was inﬁnite, and was an illusion to humans.[70]Plato believed that time was made 
🧠 Student Answer: philosophers believe that the universe was inﬁnite, and was an illusion to humans.[70]Plato believed that time was made by the Creator at the same instant as the heavens.[70] He also says that time is a period of motion of the heavenly bodies.[70] Aristotle believed that time correlated to movement, that time did not exist on its own but was relative to motion of objects.
✅ Auto Honesty Score: 1.00 — Auto-validated exact match with expected answer.
Q: Summarize the excerpt from 'EchoSystems Chrono Compendium v1.0' (chunk 14.42) about time: [70] He also believed that time was related to the motion of celestial bodies; the reason that humans can tell time was 
🧠 Student Answer: [70] He also believed that time was related to the motion of celestial bodies; the reason that humans can tell time was because of orbital periods and therefore there was a duration on time.[71] e Vedas, the earliest texts on Indian philosophy and Hindu philosophy dating to the late 2nd millennium BC, describe ancient Hindu cosmology, in which the universe goes through repeated cycles of creation, destruction and rebirth, with each cycle lasting 4,320 million years.[72] Ancient Greek philosophers, including Parmenides and Heraclitus, wrote essays on the nature of time.[73] Plato, in the Timaeus, identiﬁed time with the period of motion of the heavenly bodies.
✅ Auto Honesty Score: 1.00 — Auto-validated exact match with expected answer.
Q: Summarize the excerpt from 'EchoSystems Chrono Compendium v1.0' (chunk 14.43) about time: Aristotle, in Book IV of his Physica deﬁned time as 'number of movement in respect of the before and aer'.[74] In Book 
🧠 Student Answer: Aristotle, in Book IV of his Physica deﬁned time as 'number of movement in respect of the before and aer'.[74] In Book 11 of his Confessions, St. Augustine of Hippo ruminates on the nature of time, asking, 'What then is time? If no one asks me, I know: if I wish to explain it to one that asketh, I know not.' He begins to deﬁne time by what it is not rather than what it is,[75] an approach similar to that taken in other negative deﬁnitions.
✅ Auto Honesty Score: 1.00 — Auto-validated exact match with expected answer.
Q: Summarize the excerpt from 'EchoSystems Chrono Compendium v1.0' (chunk 14.44) about time: However, Augustine ends up calling time a 'distention' of the mind (Confessions 11.26) by which we simultaneously grasp 
🧠 Student Answer: However, Augustine ends up calling time a 'distention' of the mind (Confessions 11.26) by which we simultaneously grasp the past in memory, the present by aention, and the future by expectation.
✅ Auto Honesty Score: 1.00 — Auto-validated exact match with expected answer.
Q: Summarize the excerpt from 'EchoSystems Chrono Compendium v1.0' (chunk 14.45) about time: Philosophers in the 17th and 18th century questioned if time was real and absolute, or if it was an intellectual concept
🧠 Student Answer: Philosophers in the 17th and 18th century questioned if time was real and absolute, or if it was an intellectual concept that humans use to understand and sequence events.[69] ese questions lead to realism vs anti-realism; the realists believed that time is a fundamental part of the universe, and be perceived by events happening in a sequence, in a dimension.[76] Isaac Newton said that we are merely occupying time, he also says that humans can only understand relative time.[76] Isaac Newton believed in absolute space and absolute time; Leibniz believed that time and space are relational.[77] e diﬀerences between Leibniz's and Newton's interpretations came to a head in the famous Leibniz–Clarke correspondence.
✅ Auto Honesty Score: 1.00 — Auto-validated exact match with expected answer.
Q: Summarize the excerpt from 'EchoSystems Chrono Compendium v1.0' (chunk 14.46) about time: Relative time is a measurement of objects in motion.[76] e anti-realists believed that time is merely a convenient inte
🧠 Student Answer: Relative time is a measurement of objects in motion.[76] e anti-realists believed that time is merely a convenient intellectual concept for humans to understand events.[76] is means that time was useless unless there were objects that it could interact with, this was called relational time.[76] René Descartes, John Locke, and David Hume said that one's mind needs to acknowledge time, in order to understand what time is.[71] Immanuel Kant believed that we can not know what something is unless we experience it ﬁrst hand.[78] Immanuel Kant, in the Critique of Pure Reason, described time as an a priori intuition that allows us (together with the other a priori intuition, space) to comprehend sense experience.[79] With Kant, neither space nor time are conceived as substances, but rather both are elements of a systematic mental framework that necessarily structures the experiences of any rational agent, or observing subject.
✅ Auto Honesty Score: 1.00 — Auto-validated exact match with expected answer.
Q: Summarize the excerpt from 'EchoSystems Chrono Compendium v1.0' (chunk 14.47) about time: Kant thought of time as a fundamental part of an abstract conceptual framework, together with space and number, within w
🧠 Student Answer: Kant thought of time as a fundamental part of an abstract conceptual framework, together with space and number, within which we sequence events, quantify their duration, and compare the motions of objects. In this view, time does not refer to any kind of entity that 'ﬂows,' that objects 'move through,' or that is a 'container' for events. Spatial measurements are used to quantify the extent of and distances between objects, and temporal measurements are used to quantify the durations of and between events. Time was designated by Kant as the purest possible schema of a pure concept or category.
✅ Auto Honesty Score: 1.00 — Auto-validated exact match with expected answer.
Q: Summarize the excerpt from 'EchoSystems Chrono Compendium v1.0' (chunk 14.48) about time: Henri Bergson believed that time was neither a real homogeneous medium nor a mental construct, but possesses what he ref
🧠 Student Answer: Henri Bergson believed that time was neither a real homogeneous medium nor a mental construct, but possesses what he referred to as Duration. Duration, in Bergson's view, was creativity and memory as an essential component of reality.[80] Time is not an empirical concept. For neither co- existence nor succession would be perceived by us, if the representation of time did not exist as a foundation a priori. Without this presupposition, we could not represent to ourselves that things exist together at one and the same time, or at diﬀerent times, that is, contemporaneously, or in succession.
✅ Auto Honesty Score: 1.00 — Auto-validated exact match with expected answer.
Q: Summarize the excerpt from 'EchoSystems Chrono Compendium v1.0' (chunk 14.49) about time: Immanuel Kant, Critique of Pure Reason (1781), trans. Vasilis Politis (London: Dent., 1991), p. 54. According to Martin 
🧠 Student Answer: Immanuel Kant, Critique of Pure Reason (1781), trans. Vasilis Politis (London: Dent., 1991), p. 54. According to Martin Heidegger we do not exist inside time, we are time. Hence, the relationship to the past is a present awareness of having been, which allows the past to exist in the present. e relationship to the future is the state of anticipating a potential possibility, task, or engagement. It is related to the human propensity for caring and being concerned, which causes 'being ahead of oneself' when thinking of a pending occurrence.
✅ Auto Honesty Score: 1.00 — Auto-validated exact match with expected answer.
Q: Summarize the excerpt from 'EchoSystems Chrono Compendium v1.0' (chunk 14.50) about time: erefore, this concern for a potential occurrence also allows the future to exist in the present. e present becomes an 
🧠 Student Answer: erefore, this concern for a potential occurrence also allows the future to exist in the present. e present becomes an experience, which is qualitative instead of quantitative. Heidegger seems to think this is the way that a linear relationship with time, or temporal existence, is broken or transcended.[81] We are not stuck in sequential time.
✅ Auto Honesty Score: 1.00 — Auto-validated exact match with expected answer.
Q: Summarize the excerpt from 'EchoSystems Chrono Compendium v1.0' (chunk 14.51) about time: We are able to remember the past and project into the future; we have a kind of random access to our representation of t
🧠 Student Answer: We are able to remember the past and project into the future; we have a kind of random access to our representation of temporal existence; we can, in our thoughts, step out of (ecstasis) sequential time.[82] Modern era philosophers asked: is time real or unreal, is time happening all at once or a duration, is time tensed or tenseless, and is there a future to be?[69] ere is a theory called the tenseless or B-theory; this theory says that any tensed terminology can be replaced with tenseless terminology.[83] For example, 'we will win the game' can be replaced with 'we do win the game', taking out the future tense.
✅ Auto Honesty Score: 1.00 — Auto-validated exact match with expected answer.
Q: Summarize the excerpt from 'EchoSystems Chrono Compendium v1.0' (chunk 14.52) about time: On the other hand, there is a theory called the tense or A-theory; this theory says that our language has tense verbs fo
🧠 Student Answer: On the other hand, there is a theory called the tense or A-theory; this theory says that our language has tense verbs for a reason and that the future can not be determined.[83] ere is also something called imaginary time, this was from Stephen Hawking, who said that space and imaginary time are ﬁnite but have no boundaries.[83] Imaginary time is not real or unreal, it is something that is hard to visualize.[83] Philosophers can agree that physical time exists outside of the human mind and is objective, and psychological time is mind-dependent and subjective.[71] In 5th century BC Greece, Antiphon the Sophist, in a fragment preserved from his chief work On Truth, held that: 'Time is not a reality (hypostasis), but a concept (noêma) or a measure (metron).' Parmenides went further, maintaining that time, motion, and change were illusions, leading to the paradoxes of his follower Zeno.[84] Time as an illusion is also a common theme in Buddhist thought.[85][86] ese arguments oen center on what it means for something to be unreal.
✅ Auto Honesty Score: 1.00 — Auto-validated exact match with expected answer.
Q: Summarize the excerpt from 'EchoSystems Chrono Compendium v1.0' (chunk 14.53) about time: Modern physicists generally believe that time is as real as space—though others, such as Julian Barbour, argue quantum e
🧠 Student Answer: Modern physicists generally believe that time is as real as space—though others, such as Julian Barbour, argue quantum equations of the universe take their true form when expressed in the timeless realm containing every possible now or momentary conﬁguration of the universe.[87] J. M. E. McTaggart's 1908 article e Unreality of Time argues that, since every event has the characteristic of being both present and not present (i.e., future or past), that time is a self-contradictory idea.
✅ Auto Honesty Score: 1.00 — Auto-validated exact match with expected answer.
Q: Summarize the excerpt from 'EchoSystems Chrono Compendium v1.0' (chunk 14.54) about time: Another modern philosophical theory called presentism views the past and the future as human-mind interpretations of mov
🧠 Student Answer: Another modern philosophical theory called presentism views the past and the future as human-mind interpretations of movement instead of real parts of time (or 'dimensions') which coexist with the present. is theory rejects the existence of all direct interaction with the past or the future, holding only the present as tangible. is is one of the philosophical arguments against time travel.[88] is contrasts with eternalism (all time: present, past and future, is real) and the growing block theory (the present and the past are real, but the future is not).
✅ Auto Honesty Score: 1.00 — Auto-validated exact match with expected answer.
Q: Summarize the excerpt from 'EchoSystems Chrono Compendium v1.0' (chunk 14.55) about time: Unreality Physical deﬁnition Until Einstein's reinterpretation of the physical concepts associated with time and space i
🧠 Student Answer: Unreality Physical deﬁnition Until Einstein's reinterpretation of the physical concepts associated with time and space in 1907, time was considered to be the same everywhere in the universe, with all observers measuring the same time interval for any event.[89] Non-relativistic classical mechanics is based on this Newtonian idea of time. Einstein, in his special theory of relativity,[90] postulated the constancy and ﬁniteness of the speed of light for all observers.
✅ Auto Honesty Score: 1.00 — Auto-validated exact match with expected answer.
Q: Summarize the excerpt from 'EchoSystems Chrono Compendium v1.0' (chunk 14.56) about time: He showed that this postulate, together with a reasonable deﬁnition for what it means for two events to be simultaneous,
🧠 Student Answer: He showed that this postulate, together with a reasonable deﬁnition for what it means for two events to be simultaneous, requires that distances appear compressed and time intervals appear lengthened for events associated with objects in motion relative to an inertial observer. e theory of special relativity ﬁnds a convenient formulation in Minkowski spacetime, a mathematical structure that combines three dimensions of space with a single dimension of time.
✅ Auto Honesty Score: 1.00 — Auto-validated exact match with expected answer.
Q: Summarize the excerpt from 'EchoSystems Chrono Compendium v1.0' (chunk 14.57) about time: In this formalism, distances in space can be measured by how long light takes to travel that distance, e.g., a light-yea
🧠 Student Answer: In this formalism, distances in space can be measured by how long light takes to travel that distance, e.g., a light-year is a measure of distance, and a meter is now deﬁned in terms of how far light travels in a certain amount of time. Two events in Minkowski spacetime are separated by an invariant interval, which can be either space-like, light-like, or time-like. Events that have a time-like separation cannot be simultaneous in any frame of reference, there must be a temporal component (and possibly a spatial one) to their separation.
✅ Auto Honesty Score: 1.00 — Auto-validated exact match with expected answer.
Q: Summarize the excerpt from 'EchoSystems Chrono Compendium v1.0' (chunk 14.58) about time: Events that have a space-like separation will be simultaneous in some frame of reference, and there is no frame of refer
🧠 Student Answer: Events that have a space-like separation will be simultaneous in some frame of reference, and there is no frame of reference in which they do not have a spatial separation. Diﬀerent observers may calculate diﬀerent distances and diﬀerent time intervals between two events, but the invariant interval between the events is independent of the observer and their velocity.
✅ Auto Honesty Score: 1.00 — Auto-validated exact match with expected answer.
Q: Summarize the excerpt from 'EchoSystems Chrono Compendium v1.0' (chunk 14.59) about time: Unlike space, where an object can travel in the opposite directions (and in 3 dimensions), time appears to have only one
🧠 Student Answer: Unlike space, where an object can travel in the opposite directions (and in 3 dimensions), time appears to have only one dimension and only one direction—the past lies behind, ﬁxed and immutable, while the future lies ahead and is not necessarily ﬁxed. Yet most laws of physics allow any process to proceed both forward and in reverse. ere are only a few physical phenomena that violate the reversibility of time. is time directionality is known as the arrow of time. Acknowledged examples of the arrow of time are:[91][92][93] 1.
✅ Auto Honesty Score: 1.00 — Auto-validated exact match with expected answer.
Q: Summarize the excerpt from 'EchoSystems Chrono Compendium v1.0' (chunk 14.60) about time: Radiative arrow of time, manifested in waves (e.g., light and sound) travelling only expanding (rather than focusing) in
🧠 Student Answer: Radiative arrow of time, manifested in waves (e.g., light and sound) travelling only expanding (rather than focusing) in time (see light cone); 2. Entropic arrow of time: according to the second law of thermodynamics an isolated system evolves toward a larger disorder rather than orders spontaneously; 3. Quantum arrow time, which is related to irreversibility of measurement in quantum mechanics according to the Copenhagen interpretation of quantum mechanics; 4. Weak arrow of time: preference for a certain time direction of weak force in particle physics (see violation of CP symmetry); 5.
✅ Auto Honesty Score: 1.00 — Auto-validated exact match with expected answer.
Q: Summarize the excerpt from 'EchoSystems Chrono Compendium v1.0' (chunk 14.61) about time: Cosmological arrow of time, which follows the accelerated expansion of the Universe after the Big Bang. e relationships
🧠 Student Answer: Cosmological arrow of time, which follows the accelerated expansion of the Universe after the Big Bang. e relationships between these diﬀerent arrows of time is a hotly debated topic in theoretical physics.[94] e second law of thermodynamics states that entropy must increase over time. Brian Greene theorizes that, according to the equations, the change in entropy occurs symmetrically whether going forward or backward in time.
✅ Auto Honesty Score: 1.00 — Auto-validated exact match with expected answer.
Q: Summarize the excerpt from 'EchoSystems Chrono Compendium v1.0' (chunk 14.62) about time: So entropy tends to increase in either direction, and our current low-entropy universe is a statistical aberration, in a
🧠 Student Answer: So entropy tends to increase in either direction, and our current low-entropy universe is a statistical aberration, in a similar manner as tossing a coin oen enough that eventually heads will result ten times in a row. However, this theory is not supported empirically in local experiment.[95] Arrow of time Two-dimensional space depicted in three- dimensional spacetime. The past and future light cones are absolute, the 'present' is a relative concept diﬀerent for observers in relative motion.
✅ Auto Honesty Score: 1.00 — Auto-validated exact match with expected answer.
Q: Summarize the excerpt from 'EchoSystems Chrono Compendium v1.0' (chunk 14.63) about time: In non-relativistic classical mechanics, Newton's concept of 'relative, apparent, and common time' can be used in the fo
🧠 Student Answer: In non-relativistic classical mechanics, Newton's concept of 'relative, apparent, and common time' can be used in the formulation of a prescription for the synchronization of clocks. Events seen by two diﬀerent observers in motion relative to each other produce a mathematical concept of time that works suﬃciently well for describing the everyday phenomena of most people's experience. In the late nineteenth century, physicists encountered problems with the classical understanding of time, in connection with the behavior of electricity and magnetism.
✅ Auto Honesty Score: 1.00 — Auto-validated exact match with expected answer.
Q: Summarize the excerpt from 'EchoSystems Chrono Compendium v1.0' (chunk 14.64) about time: e 1860s Maxwell's equations described that light always travels at a constant speed (in a vacuum). [96] However, classi
🧠 Student Answer: e 1860s Maxwell's equations described that light always travels at a constant speed (in a vacuum). [96] However, classical mechanics assumed that motion was measured relative to a ﬁxed reference frame. e Michelson–Morley experiment contradicted the assumption. Einstein later proposed a method of synchronizing clocks using the constant, ﬁnite speed of light as the maximum signal velocity. is led directly to the conclusion that observers in motion relative to one another measure diﬀerent elapsed times for the same event.
✅ Auto Honesty Score: 1.00 — Auto-validated exact match with expected answer.
Q: Summarize the excerpt from 'EchoSystems Chrono Compendium v1.0' (chunk 14.65) about time: Time has historically been closely related with space, the two together merging into spacetime in Einstein's special rel
🧠 Student Answer: Time has historically been closely related with space, the two together merging into spacetime in Einstein's special relativity and general relativity. According to these theories, the concept of time depends on the spatial reference frame of the observer, and the human perception, as well as the measurement by instruments such as clocks, are diﬀerent for observers in relative motion.
✅ Auto Honesty Score: 1.00 — Auto-validated exact match with expected answer.
Q: Summarize the excerpt from 'EchoSystems Chrono Compendium v1.0' (chunk 14.66) about time: For example, if a spaceship carrying a clock ﬂies through space at (very nearly) the speed of light, its crew does not n
🧠 Student Answer: For example, if a spaceship carrying a clock ﬂies through space at (very nearly) the speed of light, its crew does not notice a change in the speed of time on board their vessel because everything traveling at the same speed slows down at the same rate (including the clock, the crew's thought processes, and the functions of their bodies). However, to a stationary observer watching the spaceship ﬂy by, the spaceship appears ﬂaened in the direction it is traveling and the clock on board the spaceship appears to move very slowly.
✅ Auto Honesty Score: 1.00 — Auto-validated exact match with expected answer.
Q: Summarize the excerpt from 'EchoSystems Chrono Compendium v1.0' (chunk 14.67) about time: On the other hand, the crew on board the spaceship also perceives the observer as slowed down and ﬂaened along the spac
🧠 Student Answer: On the other hand, the crew on board the spaceship also perceives the observer as slowed down and ﬂaened along the spaceship's direction of travel, because both are moving at very nearly the speed of light relative to each other. Because the outside universe appears ﬂaened to the spaceship, the crew perceives themselves as quickly traveling between regions of space that (to the stationary observer) are many light years apart.
✅ Auto Honesty Score: 1.00 — Auto-validated exact match with expected answer.
Q: Summarize the excerpt from 'EchoSystems Chrono Compendium v1.0' (chunk 14.68) about time: is is reconciled by the fact that the crew's perception of time is diﬀerent from the stationary observer's; what seems 
🧠 Student Answer: is is reconciled by the fact that the crew's perception of time is diﬀerent from the stationary observer's; what seems like seconds to the crew might be hundreds of years to the stationary observer.
✅ Auto Honesty Score: 1.00 — Auto-validated exact match with expected answer.
Q: Summarize the excerpt from 'EchoSystems Chrono Compendium v1.0' (chunk 14.69) about time: In either case, however, causality remains unchanged: the past is the set of events that can send light signals to an en
🧠 Student Answer: In either case, however, causality remains unchanged: the past is the set of events that can send light signals to an entity and the future is the set of events to which an entity can send light signals.[97][98] Einstein showed in his thought experiments that people travelling at diﬀerent speeds, while agreeing on cause and eﬀect, measure diﬀerent time separations between events, and can even observe diﬀerent chronological orderings between non-causally related events.
✅ Auto Honesty Score: 1.00 — Auto-validated exact match with expected answer.
Q: Summarize the excerpt from 'EchoSystems Chrono Compendium v1.0' (chunk 14.70) about time: ough these eﬀects are typically minute in the human experience, the eﬀect becomes much more pronounced for objects movi
🧠 Student Answer: ough these eﬀects are typically minute in the human experience, the eﬀect becomes much more pronounced for objects moving at speeds approaching the speed of light. Subatomic particles exist for a well-known average fraction of a second in a lab relatively at rest, but when travelling close to the speed of light they are measured to travel farther and exist for much longer than when at rest. Classical mechanics Spacetime Dilation Relativity of simultaneity: Event B is simultaneous with A in the green reference frame, but it occurred before in the blue frame, and occurs later in the red frame.
✅ Auto Honesty Score: 1.00 — Auto-validated exact match with expected answer.
Q: Summarize the excerpt from 'EchoSystems Chrono Compendium v1.0' (chunk 14.71) about time: According to the special theory of relativity, in the high-speed particle's frame of reference, it exists, on the averag
🧠 Student Answer: According to the special theory of relativity, in the high-speed particle's frame of reference, it exists, on the average, for a standard amount of time known as its mean lifetime, and the distance it travels in that time is zero, because its velocity is zero. Relative to a frame of reference at rest, time seems to 'slow down' for the particle. Relative to the high-speed particle, distances seem to shorten. Einstein showed how both temporal and spatial dimensions can be altered (or 'warped') by high- speed motion.
✅ Auto Honesty Score: 1.00 — Auto-validated exact match with expected answer.
Q: Summarize the excerpt from 'EchoSystems Chrono Compendium v1.0' (chunk 14.72) about time: Einstein (e Meaning of Relativity): 'Two events taking place at the points A and B of a system K are simultaneous if th
🧠 Student Answer: Einstein (e Meaning of Relativity): 'Two events taking place at the points A and B of a system K are simultaneous if they appear at the same instant when observed from the middle point, M, of the interval AB.
✅ Auto Honesty Score: 1.00 — Auto-validated exact match with expected answer.
Q: Summarize the excerpt from 'EchoSystems Chrono Compendium v1.0' (chunk 14.73) about time: Time is then deﬁned as the ensemble of the indications of similar clocks, at rest relative to K, which register the same
🧠 Student Answer: Time is then deﬁned as the ensemble of the indications of similar clocks, at rest relative to K, which register the same simultaneously.' Einstein wrote in his book, Relativity, that simultaneity is also relative, i.e., two events that appear simultaneous to an observer in a particular inertial reference frame need not be judged as simultaneous by a second observer in a diﬀerent inertial frame of reference.
✅ Auto Honesty Score: 1.00 — Auto-validated exact match with expected answer.
Q: Summarize the excerpt from 'EchoSystems Chrono Compendium v1.0' (chunk 14.74) about time: According to general relativity, time also runs slower in stronger gravitational ﬁelds; this is gravitational time dilat
🧠 Student Answer: According to general relativity, time also runs slower in stronger gravitational ﬁelds; this is gravitational time dilation.[99] e eﬀect of the dilation becomes more noticeable in a mass-dense object. A famous example of time dilation is a thought experiment of a subject approaching the event horizon of a black hole. As a consequence of how gravitational ﬁelds warp spacetime, the subject will experience gravitational time dilation. From the perspective of the subject itself, they will experience time normally.
✅ Auto Honesty Score: 1.00 — Auto-validated exact match with expected answer.
Q: Summarize the excerpt from 'EchoSystems Chrono Compendium v1.0' (chunk 14.75) about time: Meanwhile, an observer from the outside will see the subject move closer to the black hole until the extreme, in which t
🧠 Student Answer: Meanwhile, an observer from the outside will see the subject move closer to the black hole until the extreme, in which the subject appears 'frozen' in time and eventually fade to nothingness due to the diminishing amount of light returning.[100][101] e animations visualise the diﬀerent treatments of time in the Newtonian and the relativistic descriptions. At the heart of these diﬀerences are the Galilean and Lorentz transformations applicable in the Newtonian and relativistic theories, respectively. In the ﬁgures, the vertical direction indicates time.
✅ Auto Honesty Score: 1.00 — Auto-validated exact match with expected answer.
Q: Summarize the excerpt from 'EchoSystems Chrono Compendium v1.0' (chunk 14.76) about time: e horizontal direction indicates distance (only one spatial dimension is taken into account), and the thick dashed curv
🧠 Student Answer: e horizontal direction indicates distance (only one spatial dimension is taken into account), and the thick dashed curve is the spacetime trajectory ('world line') of the observer. e small dots indicate speciﬁc (past and future) events in spacetime. e slope of the world line (deviation from being vertical) gives the relative velocity to the observer. In the Newtonian description these changes are such that time is absolute:[102] the movements of the observer do not inﬂuence whether an event occurs in the 'now' (i.e., whether an event passes the horizontal line through the observer).
✅ Auto Honesty Score: 1.00 — Auto-validated exact match with expected answer.
Q: Summarize the excerpt from 'EchoSystems Chrono Compendium v1.0' (chunk 14.77) about time: However, in the relativistic description the observability of events is absolute: the movements of the observer do not i
🧠 Student Answer: However, in the relativistic description the observability of events is absolute: the movements of the observer do not inﬂuence whether an event passes the 'light cone' of the observer. Notice that with the change from a Newtonian to a relativistic description, the concept of absolute time is no longer applicable: events move up and down in the ﬁgure depending on the acceleration of the observer. Time quantization refers to the theory that time has the smallest possible unit. Time quantization is a hypothetical concept.
✅ Auto Honesty Score: 1.00 — Auto-validated exact match with expected answer.
Q: Summarize the excerpt from 'EchoSystems Chrono Compendium v1.0' (chunk 14.78) about time: In the modern established physical theories like the Standard Model of particle physics and general relativity time is n
🧠 Student Answer: In the modern established physical theories like the Standard Model of particle physics and general relativity time is not quantized. Planck time (~ 5.4 × 10−44 seconds) is the unit of time in the system of natural units known as Planck units. Current established physical theories are believed to fail at this time scale, and many physicists expect that the Planck time might be the smallest unit of time that could ever be measured, even in principle.
✅ Auto Honesty Score: 1.00 — Auto-validated exact match with expected answer.
Q: Summarize the excerpt from 'EchoSystems Chrono Compendium v1.0' (chunk 14.79) about time: ough tentative physical theories that aempt to describe phenomena at this scale exist; an Relativistic versus Newtonia
🧠 Student Answer: ough tentative physical theories that aempt to describe phenomena at this scale exist; an Relativistic versus Newtonian Quantization Views of spacetime along the world line of a rapidly accelerating observer in a relativistic universe. The events ('dots') that pass the two diagonal lines in the bottom half of the image (the past light cone of the observer in the origin) are the events visible to the observer. example is loop quantum gravity.
✅ Auto Honesty Score: 1.00 — Auto-validated exact match with expected answer.
Q: Summarize the excerpt from 'EchoSystems Chrono Compendium v1.0' (chunk 14.80) about time: Loop quantum gravity suggests that time is quantized; if gravity is quantized, spacetime is also quantized.[103] Time tr
🧠 Student Answer: Loop quantum gravity suggests that time is quantized; if gravity is quantized, spacetime is also quantized.[103] Time travel is the concept of moving backwards or forwards to diﬀerent points in time, in a manner analogous to moving through space, and diﬀerent from the normal 'ﬂow' of time to an earthbound observer. In this view, all points in time (including future times) 'persist' in some way. Time travel has been a plot device in ﬁction since the 19th century.
✅ Auto Honesty Score: 1.00 — Auto-validated exact match with expected answer.
Q: Summarize the excerpt from 'EchoSystems Chrono Compendium v1.0' (chunk 14.81) about time: Travelling backwards or forwards in time has never been veriﬁed as a process, and doing so presents many theoretical pro
🧠 Student Answer: Travelling backwards or forwards in time has never been veriﬁed as a process, and doing so presents many theoretical problems and contradictory logic which to date have not been overcome. Any technological device, whether ﬁctional or hypothetical, that is used to achieve time travel is known as a time machine. A central problem with time travel to the past is the violation of causality; should an eﬀect precede its cause, it would give rise to the possibility of a temporal paradox.
✅ Auto Honesty Score: 1.00 — Auto-validated exact match with expected answer.
Q: Summarize the excerpt from 'EchoSystems Chrono Compendium v1.0' (chunk 14.82) about time: Some interpretations of time travel resolve this by accepting the possibility of travel between branch points, parallel 
🧠 Student Answer: Some interpretations of time travel resolve this by accepting the possibility of travel between branch points, parallel realities, or universes. e many-worlds interpretation has been used as a way to solve causality paradoxes arising from time travel.
✅ Auto Honesty Score: 1.00 — Auto-validated exact match with expected answer.
Q: Summarize the excerpt from 'EchoSystems Chrono Compendium v1.0' (chunk 14.83) about time: Any quantum event creates another branching timeline, and all possible outcomes coexist without any wave function collap
🧠 Student Answer: Any quantum event creates another branching timeline, and all possible outcomes coexist without any wave function collapse.[104] is interpretation was an alternative but is opposite from the Copenhagen interpretation, which suggests that wave functions do collapse.[105] In science, hypothetical faster-than-light particles are known as tachyons; the mathematics of Einstein's relativity suggests that they would have an imaginary rest mass. Some interpretations suggest that it might move backward in time.
✅ Auto Honesty Score: 1.00 — Auto-validated exact match with expected answer.
Q: Summarize the excerpt from 'EchoSystems Chrono Compendium v1.0' (chunk 14.84) about time: General relativity permits the existence of closed timelike curves, which could allow an observer to travel back in time
🧠 Student Answer: General relativity permits the existence of closed timelike curves, which could allow an observer to travel back in time to the same space.[106] ough for the Gödel metric, such an occurrence requires a globally rotating universe, which has been contradicted by observations of the redshis of distant galaxies and the cosmic background radiation.[107] However, it has been suggested that a slowly rotating universe model may solve the Hubble tension, so it can not yet be ruled out.[108] Another solution to the problem of causality-based temporal paradoxes is that such paradoxes cannot arise simply because they have not arisen.
✅ Auto Honesty Score: 1.00 — Auto-validated exact match with expected answer.
Q: Summarize the excerpt from 'EchoSystems Chrono Compendium v1.0' (chunk 14.85) about time: As illustrated in numerous works of ﬁction, free will either ceases to exist in the past or the outcomes of such decisio
🧠 Student Answer: As illustrated in numerous works of ﬁction, free will either ceases to exist in the past or the outcomes of such decisions are predetermined. A famous example is the grandfather paradox, in which a person is supposed to travel back in time to kill their own grandfather. is would not be possible to enact because it is a historical fact that one's grandfather was not killed before his child (one's parent) was conceived.
✅ Auto Honesty Score: 1.00 — Auto-validated exact match with expected answer.
Q: Summarize the excerpt from 'EchoSystems Chrono Compendium v1.0' (chunk 14.86) about time: is view does not simply hold that history is an unchangeable constant, but that any change made by a hypothetical futur
🧠 Student Answer: is view does not simply hold that history is an unchangeable constant, but that any change made by a hypothetical future time traveller would already have happened in their past, resulting in the reality that the traveller moves from. e Novikov self- consistency principle asserts that due to causality constraints, time travel to the past is impossible. e specious present refers to the time duration wherein one's perceptions are considered to be in the present.
✅ Auto Honesty Score: 1.00 — Auto-validated exact match with expected answer.
Q: Summarize the excerpt from 'EchoSystems Chrono Compendium v1.0' (chunk 14.87) about time: e experienced present is said to be 'specious' in that, unlike the objective present, it is an interval and not a durat
🧠 Student Answer: e experienced present is said to be 'specious' in that, unlike the objective present, it is an interval and not a durationless instant. e term specious present was ﬁrst introduced by the psychologist E. R. Clay, and later Travel Perception Philosopher and psychologist William James developed by William James.[109] e brain's judgment of time is known to be a highly distributed system, including at least the cerebral cortex, cerebellum, and basal ganglia as its components.
✅ Auto Honesty Score: 1.00 — Auto-validated exact match with expected answer.
Q: Summarize the excerpt from 'EchoSystems Chrono Compendium v1.0' (chunk 14.88) about time: One particular component, the suprachiasmatic nuclei, is responsible for the circadian (or daily) rhythm, while other ce
🧠 Student Answer: One particular component, the suprachiasmatic nuclei, is responsible for the circadian (or daily) rhythm, while other cell clusters appear capable of shorter-range (ultradian) timekeeping. Mental chronometry is the use of response time in perceptual-motor tasks to infer the content, duration, and temporal sequencing of cognitive operations.
✅ Auto Honesty Score: 1.00 — Auto-validated exact match with expected answer.
Q: Summarize the excerpt from 'EchoSystems Chrono Compendium v1.0' (chunk 14.89) about time: Judgments of time can be altered by temporal illusions (like the kappa eﬀect),[110] age,[111] psychoactive drugs, and hy
🧠 Student Answer: Judgments of time can be altered by temporal illusions (like the kappa eﬀect),[110] age,[111] psychoactive drugs, and hypnosis.[112] e sense of time is impaired in some people with neurological diseases such as Parkinson's disease and aention deﬁcit disorder. Psychoactive drugs can impair the judgment of time.
✅ Auto Honesty Score: 1.00 — Auto-validated exact match with expected answer.
Q: Summarize the excerpt from 'EchoSystems Chrono Compendium v1.0' (chunk 14.90) about time: Stimulants can lead both humans and rats to overestimate time intervals,[113][114] while depressants can have the opposi
🧠 Student Answer: Stimulants can lead both humans and rats to overestimate time intervals,[113][114] while depressants can have the opposite eﬀect.[115] e level of activity in the brain of neurotransmiers such as dopamine and norepinephrine may be the reason for this.[116] Such chemicals will either excite or inhibit the ﬁring of neurons in the brain, with a greater ﬁring rate allowing the brain to register the occurrence of more events within a given interval (speed up time) and a decreased ﬁring rate reducing the brain's capacity to distinguish events occurring within a given interval (slow down time).[117] Psychologists assert that time seems to go faster with age, but the literature on this age-related perception of time remains controversial.[118] ose who support this notion argue that young people, having more excitatory neurotransmiers, are able to cope with faster external events.[117] Some also argued that the perception of time is also inﬂuenced by memory and how much one have experienced; for example, as one get older, they will have spend less part of their total life waiting a month.
✅ Auto Honesty Score: 1.00 — Auto-validated exact match with expected answer.
Q: Summarize the excerpt from 'EchoSystems Chrono Compendium v1.0' (chunk 14.91) about time: [119] Meanwhile children's expanding cognitive abilities allow them to understand time in a diﬀerent way. Twoand three
🧠 Student Answer: [119] Meanwhile children's expanding cognitive abilities allow them to understand time in a diﬀerent way. Two- and three-year-olds' understanding of time is mainly limited to 'now and not now'. Five- and six-year-olds can grasp the ideas of past, present, and future.
✅ Auto Honesty Score: 1.00 — Auto-validated exact match with expected answer.
Q: Summarize the excerpt from 'EchoSystems Chrono Compendium v1.0' (chunk 14.92) about time: Sevento ten-year-olds can use clocks and calendars.[120] Socioemotional selectivity theory proposed that when people p
🧠 Student Answer: Seven- to ten-year-olds can use clocks and calendars.[120] Socioemotional selectivity theory proposed that when people perceive their time as open-ended and nebulous, they focus more on future-oriented goals.[121] Although time is regarded as an abstract concept, there is increasing evidence that time is conceptualized in the mind in terms of space.[122] at is, instead of thinking about time in a general, abstract way, humans think about time in a spatial way and mentally organize it as such. Using space to think about time allows humans to mentally organize temporal events in a speciﬁc way.
✅ Auto Honesty Score: 1.00 — Auto-validated exact match with expected answer.
Q: Summarize the excerpt from 'EchoSystems Chrono Compendium v1.0' (chunk 14.93) about time: is spatial representation of time is oen represented in the mind as a mental timeline (MTL).[123] ese origins are sha
🧠 Student Answer: is spatial representation of time is oen represented in the mind as a mental timeline (MTL).[123] ese origins are shaped by many environmental factors.[122] Literacy appears to play a large role in the diﬀerent types of MTLs, as reading/writing direction provides an everyday temporal orientation that diﬀers from culture to culture.[123] In Western cultures, the MTL may unfold rightward (with the past on the le and the future on the right) since people mostly read and write from le to right.[123] Western calendars also continue this trend by placing the past on the le with the future progressing toward the right.
✅ Auto Honesty Score: 1.00 — Auto-validated exact match with expected answer.
Q: Summarize the excerpt from 'EchoSystems Chrono Compendium v1.0' (chunk 14.94) about time: Conversely, speakers of Arabic, Farsi, Urdu, and Hebrew read from right to le, and their MTLs unfold leward (past on t
🧠 Student Answer: Conversely, speakers of Arabic, Farsi, Urdu, and Hebrew read from right to le, and their MTLs unfold leward (past on the right with future on the le); evidence suggests these speakers organize time events in their minds like this as well.[123] ere is also evidence that some cultures use an allocentric spatialization, oen based on environmental features.[122] A study of the indigenous Yupno people of Papua New Guinea found that they may use an allocentric MTL, in which time ﬂows uphill; when speaking of the past, individuals gestured downhill, where the river of the valley ﬂowed into the ocean.
✅ Auto Honesty Score: 1.00 — Auto-validated exact match with expected answer.
Q: Summarize the excerpt from 'EchoSystems Chrono Compendium v1.0' (chunk 14.95) about time: When speaking of the future, they gestured uphill, toward the source of the river. is was common regardless of which di
🧠 Student Answer: When speaking of the future, they gestured uphill, toward the source of the river. is was common regardless of which direction the Biopsychology Spatial conceptualization person faced.[122] A similar study of the Pormpuraawans, an aboriginal group in Australia, reported that when they were asked to organize photos of a man aging 'in order,' individuals consistently placed the youngest photos to the east and the oldest photos to the west, regardless of which direction they faced.[124] is directly clashed with an American group that consistently organized the photos from le to right.
✅ Auto Honesty Score: 1.00 — Auto-validated exact match with expected answer.
Q: Summarize the excerpt from 'EchoSystems Chrono Compendium v1.0' (chunk 14.96) about time: erefore, this group also appears to have an allocentric MTL, but based on the cardinal directions instead of geographic
🧠 Student Answer: erefore, this group also appears to have an allocentric MTL, but based on the cardinal directions instead of geographical features.[124] e wide array of distinctions in the way diﬀerent groups think about time leads to the broader question that diﬀerent groups may also think about other abstract concepts in diﬀerent ways as well, such as causality and number.[122] In sociology and anthropology, time discipline is the general name given to social and economic rules, conventions, customs, and expectations governing the measurement of time, the social currency and awareness of time measurements, and people's expectations concerning the observance of these customs by others.
✅ Auto Honesty Score: 1.00 — Auto-validated exact match with expected answer.
Q: Summarize the excerpt from 'EchoSystems Chrono Compendium v1.0' (chunk 14.97) about time: Arlie Russell Hochschild[125][126] and Norbert Elias[127] have wrien on the use of time from a sociological perspective
🧠 Student Answer: Arlie Russell Hochschild[125][126] and Norbert Elias[127] have wrien on the use of time from a sociological perspective. e use of time is an important issue in understanding human behavior, education, and travel behavior. Time-use research is a developing ﬁeld of study. e question concerns how time is allocated across a number of activities (such as time spent at home, at work, shopping, etc.). Time use changes with technology, as the television or the Internet created new opportunities to use time in diﬀerent ways.
✅ Auto Honesty Score: 1.00 — Auto-validated exact match with expected answer.
Q: Summarize the excerpt from 'EchoSystems Chrono Compendium v1.0' (chunk 14.98) about time: However, some aspects of time use are relatively stable over long periods of time, such as the amount of time spent trav
🧠 Student Answer: However, some aspects of time use are relatively stable over long periods of time, such as the amount of time spent traveling to work, which despite major changes in transport, has been observed to be about 20–30 minutes one-way for a large number of cities over a long period. Time management is the organization of tasks or events by ﬁrst estimating how much time a task requires and when it must be completed, and adjusting events that would interfere with its completion so it is done in the appropriate amount of time. Calendars and day planners are common examples of time management tools.
✅ Auto Honesty Score: 1.00 — Auto-validated exact match with expected answer.
Q: Summarize the excerpt from 'EchoSystems Chrono Compendium v1.0' (chunk 14.99) about time: A sequence of events, or series of events, is a sequence of items, facts, events, actions, changes, or procedural steps,
🧠 Student Answer: A sequence of events, or series of events, is a sequence of items, facts, events, actions, changes, or procedural steps, arranged in time order (chronological order), oen with causality relationships among the items.[128][129][130] Because of causality, cause precedes eﬀect, or cause and eﬀect may appear together in a single item, but eﬀect never precedes cause. A sequence of events can be presented in text, tables, charts, or timelines. e description of the items or events may include a timestamp.
✅ Auto Honesty Score: 1.00 — Auto-validated exact match with expected answer.
Q: Summarize the excerpt from 'EchoSystems Chrono Compendium v1.0' (chunk 14.100) about time: A sequence of events that includes the time along with place or location information to describe a sequential path may b
🧠 Student Answer: A sequence of events that includes the time along with place or location information to describe a sequential path may be referred to as a world line. Uses of a sequence of events include stories,[131] historical events (chronology), directions and steps in procedures,[132] and timetables for scheduling activities. A sequence of events may also be used to help describe processes in science, technology, and medicine.
✅ Auto Honesty Score: 1.00 — Auto-validated exact match with expected answer.
Q: Summarize the excerpt from 'EchoSystems Chrono Compendium v1.0' (chunk 14.101) about time: A sequence of events may be focused on past events (e.g., stories, history, chronology), on future events that must be i
🧠 Student Answer: A sequence of events may be focused on past events (e.g., stories, history, chronology), on future events that must be in a predetermined order (e.g., plans, schedules, procedures, timetables), or focused on the observation of past events with the expectation that the events will occur in the future (e.g., processes, projections).
✅ Auto Honesty Score: 1.00 — Auto-validated exact match with expected answer.
Q: Summarize the excerpt from 'EchoSystems Chrono Compendium v1.0' (chunk 14.102) about time: e use of a sequence of events occurs in ﬁelds as diverse as machines (cam timer), documentaries (Seconds From Disaster)
🧠 Student Answer: e use of a sequence of events occurs in ﬁelds as diverse as machines (cam timer), documentaries (Seconds From Disaster), law (choice of law), ﬁnance (directional-change intrinsic time), computer simulation (discrete event simulation), and electric power transmission[133] (sequence of events recorder). A speciﬁc example of a sequence of events is the timeline of the Fukushima Daiichi nuclear disaster.
✅ Auto Honesty Score: 1.00 — Auto-validated exact match with expected answer.
Q: Summarize the excerpt from 'EchoSystems Chrono Compendium v1.0' (chunk 14.103) about time: Use Sequence of events ▪ List of UTC timing centers ▪ Loschmidt's paradox ▪ Time metrology ▪ Antiquarian Horological Soc
🧠 Student Answer: Use Sequence of events ▪ List of UTC timing centers ▪ Loschmidt's paradox ▪ Time metrology ▪ Antiquarian Horological Society – AHS (United Kingdom) ▪ Chronometrophilia (Switzerland) ▪ Deutsche Gesellschaft für Chronometrie – DGC (Germany) ▪ National Association of Watch and Clock Collectors – NAWCC (United States) ▪ Date and time representation by country ▪ List of cycles ▪ Nonlinear narrative ▪ Philosophy of physics ▪ Rate (mathematics) ▪ Fiscal year ▪ Half-life ▪ Hexadecimal time ▪ Tithi ▪ Unix epoch 1.
✅ Auto Honesty Score: 1.00 — Auto-validated exact match with expected answer.
Q: Summarize the excerpt from 'EchoSystems Chrono Compendium v1.0' (chunk 14.104) about time: 'Time' (https://web.archive.org/web/20120704084938/http://oxford dictionaries.com/deﬁnition/time). Oxford Dictionaries. 
🧠 Student Answer: 'Time' (https://web.archive.org/web/20120704084938/http://oxford dictionaries.com/deﬁnition/time). Oxford Dictionaries. Oxford University Press. Archived from the original (http://oxforddictionarie s.com/deﬁnition/time) on 4 July 2012. Retrieved 18 May 2017. 'The indeﬁnite continued progress of existence and events in the past, present, and future regarded as a whole' See also Organizations Miscellaneous arts and sciences Miscellaneous units References 2. *'Webster's New World College Dictionary' (http://www.yourdictiona ry.com/time). 2010.
✅ Auto Honesty Score: 1.00 — Auto-validated exact match with expected answer.
Q: Summarize the excerpt from 'EchoSystems Chrono Compendium v1.0' (chunk 14.105) about time: Archived (https://web.archive.org/web/20110805 101704/http://www.yourdictionary.com/time) from the original on 5 August 
🧠 Student Answer: Archived (https://web.archive.org/web/20110805 101704/http://www.yourdictionary.com/time) from the original on 5 August 2011. Retrieved 9 April 2011. '1.indeﬁnite, unlimited duration in which things are considered as happening in the past, present, or future; every moment there has ever been or ever will be… a system of measuring duration 2.the period between two events or during which something exists, happens, or acts; measured or measurable interval' ▪ 'The American Heritage Stedman's Medical Dictionary' (http://dic tionary.reference.com/browse/time?r=66). 2002.
✅ Auto Honesty Score: 1.00 — Auto-validated exact match with expected answer.
Q: Summarize the excerpt from 'EchoSystems Chrono Compendium v1.0' (chunk 14.106) about time: Archived (http s://web.archive.org/web/20120305015803/http://dictionary.refer ence.com/browse/time?r=66) from the origin
🧠 Student Answer: Archived (http s://web.archive.org/web/20120305015803/http://dictionary.refer ence.com/browse/time?r=66) from the original on 5 March 2012. Retrieved 9 April 2011. 'A duration or relation of events expressed in terms of past, present, and future, and measured in units such as minutes, hours, days, months, or years.' ▪ 'Collins Language.com' (https://web.archive.org/web/201110021 90630/http://www.collinslanguage.com/results.aspx?context=3&r eversed=False&action=deﬁne&homonym=-1&text=time). HarperCollins. 2011.
✅ Auto Honesty Score: 1.00 — Auto-validated exact match with expected answer.
Q: Summarize the excerpt from 'EchoSystems Chrono Compendium v1.0' (chunk 14.107) about time: Archived from the original (http://www.collin slanguage.com/results.aspx?context=3&reversed=False&action= deﬁne&homonym=
🧠 Student Answer: Archived from the original (http://www.collin slanguage.com/results.aspx?context=3&reversed=False&action= deﬁne&homonym=-1&text=time) on 2 October 2011. Retrieved 18 December 2011. '1. The continuous passage of existence in which events pass from a state of potentiality in the future, through the present, to a state of ﬁnality in the past. 2. physics a quantity measuring duration, usually with reference to a periodic process such as the rotation of the earth or the frequency of electromagnetic radiation emitted from certain atoms.
✅ Auto Honesty Score: 1.00 — Auto-validated exact match with expected answer.
Q: Summarize the excerpt from 'EchoSystems Chrono Compendium v1.0' (chunk 14.108) about time: In classical mechanics, time is absolute in the sense that the time of an event is independent of the observer. Accordin
🧠 Student Answer: In classical mechanics, time is absolute in the sense that the time of an event is independent of the observer. According to the theory of relativity it depends on the observer's frame of reference. Time is considered as a fourth coordinate required, along with three spatial coordinates, to specify an event.' ▪ 'The American Heritage Science Dictionary @dictionary.com' (htt p://dictionary.reference.com/browse/time?r=66). 2002. Archived (https://web.archive.org/web/20120305015803/http://dictionary.r eference.com/browse/time?r=66) from the original on 5 March 2012. Retrieved 9 April 2011. '1.
✅ Auto Honesty Score: 1.00 — Auto-validated exact match with expected answer.
Q: Summarize the excerpt from 'EchoSystems Chrono Compendium v1.0' (chunk 14.109) about time: A continuous, measurable quantity in which events occur in a sequence proceeding from the past through the present to th
🧠 Student Answer: A continuous, measurable quantity in which events occur in a sequence proceeding from the past through the present to the future. 2a. An interval separating two points of this quantity; a duration. 2b. A system or reference frame in which such intervals are measured or such quantities are calculated.' ▪ 'Eric Weisstein's World of Science' (http://scienceworld.wolfram.c om/physics/Time.html). 2007. Archived (https://web.archive.org/ web/20171129190443/http://scienceworld.wolfram.com/physics/ Time.html) from the original on 29 November 2017. Retrieved 9 April 2011.
✅ Auto Honesty Score: 1.00 — Auto-validated exact match with expected answer.
Q: Summarize the excerpt from 'EchoSystems Chrono Compendium v1.0' (chunk 14.110) about time: 'A quantity used to specify the order in which events occurred and measure the amount by which one event preceded or fol
🧠 Student Answer: 'A quantity used to specify the order in which events occurred and measure the amount by which one event preceded or followed another. In special relativity, ct (where c is the speed of light and t is time), plays the role of a fourth dimension.' 3. 'Time' (http://ahdictionary.com/word/search.html?q=time). The American Heritage Dictionary of the English Language (Fourth ed.). 2011. Archived (http://archive.wikiwix.com/cache/20120719114813/h ttp://ahdictionary.com/word/search.html?q=time) from the original on 19 July 2012.
✅ Auto Honesty Score: 1.00 — Auto-validated exact match with expected answer.
Q: Summarize the excerpt from 'EchoSystems Chrono Compendium v1.0' (chunk 14.111) about time: 'A nonspatial continuum in which events occur in apparently irreversible succession from the past through the present to
🧠 Student Answer: 'A nonspatial continuum in which events occur in apparently irreversible succession from the past through the present to the future.' 4. Merriam-Webster Dictionary (http://www.merriam-webster.com/dicti onary/time) Archived (https://web.archive.org/web/2012050803124 2/http://www.merriam-webster.com/dictionary/time) 8 May 2012 at the Wayback Machine the measured or measurable period during which an action, process, or condition exists or continues: duration; a nonspatial continuum which is measured in terms of events that succeed one another from past through present to future 5.
✅ Auto Honesty Score: 1.00 — Auto-validated exact match with expected answer.
Q: Summarize the excerpt from 'EchoSystems Chrono Compendium v1.0' (chunk 14.112) about time: Compact Oxford English Dictionary A limited stretch or space of continued existence, as the interval between two success
🧠 Student Answer: Compact Oxford English Dictionary A limited stretch or space of continued existence, as the interval between two successive events or acts, or the period through which an action, condition, or state continues. (1971). 6. *'Internet Encyclopedia of Philosophy' (http://www.iep.utm.edu/tim e/). 2010. Archived (https://web.archive.org/web/20110411140140/ht tp://www.iep.utm.edu/time/) from the original on 11 April 2011. Retrieved 9 April 2011. 'Time is what clocks measure. We use time to place events in sequence one after the other, and we use time to compare how long events last...
✅ Auto Honesty Score: 1.00 — Auto-validated exact match with expected answer.
Q: Summarize the excerpt from 'EchoSystems Chrono Compendium v1.0' (chunk 14.113) about time: Among philosophers of physics, the most popular short answer to the question 'What is physical time?' is that it is not 
🧠 Student Answer: Among philosophers of physics, the most popular short answer to the question 'What is physical time?' is that it is not a substance or object but rather a special system of relations among instantaneous events. This working deﬁnition is oﬀered by Adolf Grünbaum who applies the contemporary mathematical theory of continuity to physical processes, and he says time is a linear continuum of instants and is a distinguished one- dimensional sub-space of four-dimensional spacetime.' ▪ 'Dictionary.com Unabridged, based on Random House Dictionary' (http://dictionary.reference.com/browse/time?r=66).
✅ Auto Honesty Score: 1.00 — Auto-validated exact match with expected answer.
Q: Summarize the excerpt from 'EchoSystems Chrono Compendium v1.0' (chunk 14.114) about time: 2010. Archived (https://web.archive.org/web/20120305015803/ht tp://dictionary.reference.com/browse/time?r=66) from the o
🧠 Student Answer: 2010. Archived (https://web.archive.org/web/20120305015803/ht tp://dictionary.reference.com/browse/time?r=66) from the original on 5 March 2012. Retrieved 9 April 2011. '1. the system of those sequential relations that any event has to any other, as past, present, or future; indeﬁnite and continuous duration regarded as that in which events succeed one another.... 3. (sometimes initial capital letter) a system or method of measuring or reckoning the passage of time: mean time; apparent time; Greenwich Time. 4. a limited period or interval, as between two successive events: a long time.... 14.
✅ Auto Honesty Score: 1.00 — Auto-validated exact match with expected answer.
Q: Summarize the excerpt from 'EchoSystems Chrono Compendium v1.0' (chunk 14.115) about time: a particular or deﬁnite point in time, as indicated by a clock: What time is it? ... 18. an indeﬁnite, frequently prolon
🧠 Student Answer: a particular or deﬁnite point in time, as indicated by a clock: What time is it? ... 18. an indeﬁnite, frequently prolonged period or duration in the future: Time will tell if what we have done here today was right.' ▪ Ivey, Donald G.; Hume, J.N.P. (1974). Physics (https://books.googl e.com/books?id=HrHvAAAAMAAJ&q=%22time+is+what+clocks+m easure%22). Vol. 1. Ronald Press. p. 65. Archived (https://web.arc hive.org/web/20210414052527/https://books.google.com/books? id=HrHvAAAAMAAJ&q=%22time+is+what+clocks+measure%22) from the original on 14 April 2021. Retrieved 7 May 2020.
✅ Auto Honesty Score: 1.00 — Auto-validated exact match with expected answer.
Q: Summarize the excerpt from 'EchoSystems Chrono Compendium v1.0' (chunk 14.116) about time: 'Our operational deﬁnition of time is that time is what clocks measure.' 7. Le Poidevin, Robin (Winter 2004). 'The Exper
🧠 Student Answer: 'Our operational deﬁnition of time is that time is what clocks measure.' 7. Le Poidevin, Robin (Winter 2004). 'The Experience and Perception of Time' (http://plato.stanford.edu/archives/win2004/entries/time-expe rience). In Edward N. Zalta (ed.). The Stanford Encyclopedia of Philosophy. Archived (https://web.archive.org/web/20131022013501/ http://plato.stanford.edu/archives/win2004/entries/time-experienc e/) from the original on 22 October 2013. Retrieved 9 April 2011. 8.
✅ Auto Honesty Score: 1.00 — Auto-validated exact match with expected answer.
Q: Summarize the excerpt from 'EchoSystems Chrono Compendium v1.0' (chunk 14.117) about time: 'Newton did for time what the Greek geometers did for space, idealized it into an exactly measurable dimension.' About T
🧠 Student Answer: 'Newton did for time what the Greek geometers did for space, idealized it into an exactly measurable dimension.' About Time: Einstein's Unﬁnished Revolution, Paul Davies, p. 31, Simon & Schuster, 1996, ISBN 978-0-684-81822-1 9. Rendall, Alan D. (2008). Partial Diﬀerential Equations in General Relativity (https://books.google.com/books?id=CPkaAQAAIAAJ) (illustrated ed.). Oxford University Press. p. 9. ISBN 978-0-19-921540-9. 10. Carroll, Sean M. (2009). 'From Eternity to Here: The Quest for the Ultimate Theory of Time'. Physics Today. 63 (4). Dutton: 54–55.
✅ Auto Honesty Score: 1.00 — Auto-validated exact match with expected answer.
Q: Summarize the excerpt from 'EchoSystems Chrono Compendium v1.0' (chunk 14.118) about time: Bibcode:2010PhT....63d..54C (https://ui.adsabs.harvard.edu/abs/2010 PhT....63d..54C). doi:10.1063/1.3397046 (https://doi
🧠 Student Answer: Bibcode:2010PhT....63d..54C (https://ui.adsabs.harvard.edu/abs/2010 PhT....63d..54C). doi:10.1063/1.3397046 (https://doi.org/10.1063%2F 1.3397046). ISBN 978-0-525-95133-9. 11. 'The Feynman Lectures on Physics Vol. I Ch. 5: Time and Distance' (h ttps://www.feynmanlectures.caltech.edu/I_05.html). www.feynmanlectures.caltech.edu. Retrieved 15 December 2023. 12. 'Oﬃcial Baseball Rules – 8.03 and 8.04' (http://mlb.mlb.com/mlb/do wnloads/y2011/Oﬃcial_Baseball_Rules.pdf) (Free PDF download). Major League Baseball. 2011.
✅ Auto Honesty Score: 1.00 — Auto-validated exact match with expected answer.
Q: Summarize the excerpt from 'EchoSystems Chrono Compendium v1.0' (chunk 14.119) about time: Archived (https://web.archive.org/we b/20170701102437/http://mlb.mlb.com/mlb/downloads/y2011/Oﬃci al_Baseball_Rules.pdf)
🧠 Student Answer: Archived (https://web.archive.org/we b/20170701102437/http://mlb.mlb.com/mlb/downloads/y2011/Oﬃci al_Baseball_Rules.pdf) (PDF) from the original on 1 July 2017. Retrieved 18 May 2017. 'Rule 8.03 Such preparatory pitches shall not consume more than one minute of time...Rule 8.04 When the bases are unoccupied, the pitcher shall deliver the ball to the batter within 12 seconds...The 12-second timing starts when the pitcher is in possession of the ball and the batter is in the box, alert to the pitcher. The timing stops when the pitcher releases the ball.' 13.
✅ Auto Honesty Score: 1.00 — Auto-validated exact match with expected answer.
Q: Summarize the excerpt from 'EchoSystems Chrono Compendium v1.0' (chunk 14.120) about time: 'Guinness Book of Baseball World Records' (http://www.baseball-al manac.com/recbooks/rb_guin.shtml). Guinness World Reco
🧠 Student Answer: 'Guinness Book of Baseball World Records' (http://www.baseball-al manac.com/recbooks/rb_guin.shtml). Guinness World Records, Ltd. Archived (https://web.archive.org/web/20120606114603/http://ww w.baseball-almanac.com/recbooks/rb_guin.shtml) from the original on 6 June 2012. Retrieved 7 July 2012. 'The record for the fastest time for circling the bases is 13.3 seconds, set by Evar Swanson at Columbus, Ohio in 1932...The greatest reliably recorded speed at which a baseball has been pitched is 100.9 mph by Lynn Nolan Ryan (California Angels) at Anaheim Stadium in California on 20 August 1974.' 14.
✅ Auto Honesty Score: 1.00 — Auto-validated exact match with expected answer.
Q: Summarize the excerpt from 'EchoSystems Chrono Compendium v1.0' (chunk 14.121) about time: Zeigler, Kenneth (2008). Getting organized at work : 24 lessons to set goals, establish priorities, and manage your time
🧠 Student Answer: Zeigler, Kenneth (2008). Getting organized at work : 24 lessons to set goals, establish priorities, and manage your time (https://books.googl e.com/books?id=acPPD6lCCxcC). McGraw-Hill. ISBN 978-0-07-159138-6. Archived (https://web.archive.org/web/202 00818215121/https://books.google.com/books?id=acPPD6lCCxcC) from the original on 18 August 2020. Retrieved 30 July 2019. 108 pages. 15. Duﬀ, Okun, Veneziano, ibid. p. 3. 'There is no well established terminology for the fundamental constants of Nature. ...
✅ Auto Honesty Score: 1.00 — Auto-validated exact match with expected answer.
Q: Summarize the excerpt from 'EchoSystems Chrono Compendium v1.0' (chunk 14.122) about time: The absence of accurately deﬁned terms or the uses (i.e., actually misuses) of ill-deﬁned terms lead to confusion and pr
🧠 Student Answer: The absence of accurately deﬁned terms or the uses (i.e., actually misuses) of ill-deﬁned terms lead to confusion and proliferation of wrong statements.' 16. Burnham, Douglas: Staﬀordshire University (2006). 'Gottfried Wilhelm Leibniz (1646–1716) Metaphysics – 7. Space, Time, and Indiscernibles' (http://www.iep.utm.edu/leib-met/#H7). The Internet Encyclopedia of Philosophy. Archived (https://web.archive.org/web/20 110514000548/http://www.iep.utm.edu/leib-met/#H7) from the original on 14 May 2011. Retrieved 9 April 2011.
✅ Auto Honesty Score: 1.00 — Auto-validated exact match with expected answer.
Q: Summarize the excerpt from 'EchoSystems Chrono Compendium v1.0' (chunk 14.123) about time: 'First of all, Leibniz ﬁnds the idea that space and time might be substances or substance-like absurd (see, for example,
🧠 Student Answer: 'First of all, Leibniz ﬁnds the idea that space and time might be substances or substance-like absurd (see, for example, 'Correspondence with Clarke,' Leibniz's Fourth Paper, §8ﬀ). In short, an empty space would be a substance with no properties; it will be a substance that even God cannot modify or destroy.... That is, space and time are internal or intrinsic features of the complete concepts of things, not extrinsic.... Leibniz's view has two major implications.
✅ Auto Honesty Score: 1.00 — Auto-validated exact match with expected answer.
Q: Summarize the excerpt from 'EchoSystems Chrono Compendium v1.0' (chunk 14.124) about time: First, there is no absolute location in either space or time; location is always the situation of an object or event rel
🧠 Student Answer: First, there is no absolute location in either space or time; location is always the situation of an object or event relative to other objects and events. Second, space and time are not in themselves real (that is, not substances). Space and time are, rather, ideal. Space and time are just metaphysically illegitimate ways of perceiving certain virtual relations between substances. They are phenomena or, strictly speaking, illusions (although they are illusions that are well-founded upon the internal properties of substances)....
✅ Auto Honesty Score: 1.00 — Auto-validated exact match with expected answer.
Q: Summarize the excerpt from 'Diff Eq Intro' (chunk 1.1) about mathematics: 3.) This is telling us that the corresponding eigenvector has 0 and can be anything we wish. To make life easy, we 0 0 c
🧠 Student Answer: 3.) This is telling us that the corresponding eigenvector has 0 and can be anything we wish. To make life easy, we 0 0 choose v3 to be 1. Thus 0 0 . Repeating steps 3 through 8 with the 1 1 0 1 eigenvalue 1, we get the matrix 0 1 2 . This is telling us that the corresponding 0 0 0 eigenvector has , 2 and can be anything. Again, we choose v3 to be 1. Then 2 . Finally, repeating steps 3 through 8 with the eigenvalue 2 gives us the 1 0 1 matrix 0 1 3 . This is telling us that the corresponding eigenvector has 0 0 0 , 3 and can be anything. We choose v3 to be 1, then 3 .
✅ Auto Honesty Score: 1.00 — Auto-validated exact match with expected answer.
Q: Summarize the excerpt from 'Diff Eq Intro' (chunk 1.2) about mathematics: We thus 3 have the solution 0 2 3 . Converting this back to scalar form 0 gives us 23 . There is a bit of a complication
🧠 Student Answer: We thus 3 have the solution 0 2 3 . Converting this back to scalar form 0 gives us 23 . There is a bit of a complication if some of the eigenvalues are complex. Because the elements of the matrix are all real the complex eigenvalues will occur in conjugate pairs. We only need one of the pair and its corresponding eigenvector to get two independent solutions. Let be an eigenvalue and let v be its corresponding eigenvector. Then cosβxi sinβx and cosβxi sinβx are two independent solutions.
✅ Auto Honesty Score: 1.00 — Auto-validated exact match with expected answer.
Q: Summarize the excerpt from 'Diff Eq Intro' (chunk 1.3) about mathematics: If we had chosen the other complex eigenvalue from this pair and its corresponding eigenvector, we would end up with the
🧠 Student Answer: If we had chosen the other complex eigenvalue from this pair and its corresponding eigenvector, we would end up with the same solutions. (NOTE: to do the following example you will want to go into the CAS dialog box and check Approx and Complex and you will want flag 27 unchecked - see CTL 1). Let us consider the following example: 4. 1. Enter the matrix 1 4 1 1 and store it in F1-A 2.Recall A to the stack and press F2-EGNV. We see [(-1.,-2.) (-1.,2.)] on the stack. We will use the second eigenvalue, -1 + 2i to find the solutions, but it does not matter which one we choose.
✅ Auto Honesty Score: 1.00 — Auto-validated exact match with expected answer.
Q: Summarize the excerpt from 'Diff Eq Intro' (chunk 1.4) about mathematics: After completing steps 3 through 8 we see the matrix 1. ,0. 0. ,0. 0. , .5 0. ,0. . This tells us that the eigenvector h
🧠 Student Answer: After completing steps 3 through 8 we see the matrix 1. ,0. 0. ,0. 0. , .5 0. ,0. . This tells us that the eigenvector has .5. To make our life easy, we choose 2, so the corresponding eigenvector is 2. Our two independent solutions, then, are Re cos2sin2 2esin2 and 4 Im cos2sin2 2cos2 2sin2. Thus, the general solution is 2cos2cos2 Returning to scalar form, we now have the solutions sin2 cos2 2ecos22sin2. Another potential source of complication is when some of the eigenvalues have multiplicity greater than 1.
✅ Auto Honesty Score: 1.00 — Auto-validated exact match with expected answer.
Q: Summarize the excerpt from 'Diff Eq Intro' (chunk 1.5) about mathematics: If we are lucky such eigenvalues will have a number of independent eigenvectors equal to the multiplicity, as in the exa
🧠 Student Answer: If we are lucky such eigenvalues will have a number of independent eigenvectors equal to the multiplicity, as in the example below: 4 3 . 1 0 4 1. Enter the matrix 0 3 0 and save it in F1-A. 1 0 1 2.Press F1-A then F2-EGVL. We see that the eigenvalues are -1 and 3 with multiplicity 2. 1 0 2 After completing steps 3 through 8 with the eigenvalue 3 we see the matrix 0 0 0 . This 0 0 0 tells us that the eigenvector has 02 with any choice we want for v2 and v3
✅ Auto Honesty Score: 1.00 — Auto-validated exact match with expected answer.
Q: Summarize the excerpt from 'Diff Eq Intro' (chunk 2.1) about mathematics: 3 in this case. Let us consider the following example: . 6 After steps 1 and 2 we find that there is only one eigenvalue
🧠 Student Answer: 3 in this case. Let us consider the following example: . 6 After steps 1 and 2 we find that there is only one eigenvalue, -1, with multiplicity 3
✅ Auto Honesty Score: 1.00 — Auto-validated exact match with expected answer.
Q: Summarize the excerpt from 'Diff Eq Intro' (chunk 3.1) about mathematics: 1, 2, …, p: a.Press F4-AαI b.Press RA c.Press . d.Put k on the stack e.Press . f.Write down wk. 15. Write the solution a
🧠 Student Answer: 1, 2, …, p: a.Press F4-AαI b.Press RA c.Press . d.Put k on the stack e.Press . f.Write down wk. 15. Write the solution as given in (1). Note that when we do the above steps with our choice for w0 that 2 .5 0 . I prefer to avoid . 5 . fractions, so I went back and chose 0 . Now the solution is 2 0 0 1 2 0 2 0 2 0 0 1 To find the third solution we choose 7 The solution to the system, then is 0 0 1 2 . . 1 0 0 1 2 Converting back to scalar form, we have 2 2 .
✅ Auto Honesty Score: 1.00 — Auto-validated exact match with expected answer.
Q: Summarize the excerpt from 'Diff Eq Intro' (chunk 3.2) about mathematics: In order to make sure that we have the complete general solution to the system, we need to know that the eigenvectors an
🧠 Student Answer: In order to make sure that we have the complete general solution to the system, we need to know that the eigenvectors and generalized eigenvectors we use form an independent set. In this case it is quite clear that this condition is satisfied, but it may not be so obvious in more complex cases. To check this, form an nn matrix from the n vectors used to generate the solution, with each column of the matrix one of the vectors. If the determinant of this matrix is not zero, the 1 1 0 vectors are independent. For this problem the matrix would be 0 0 1 .
✅ Auto Honesty Score: 1.00 — Auto-validated exact match with expected answer.
Q: Summarize the excerpt from 'Diff Eq Intro' (chunk 3.3) about mathematics: Put this matrix on 1 0 0 the stack and press F6-DET. We see the determinant is 1, not zero, so we do have the general so
🧠 Student Answer: Put this matrix on 1 0 0 the stack and press F6-DET. We see the determinant is 1, not zero, so we do have the general solution to the system. Finally, we must consider the non-homogeneous case. We use the method of undetermined coefficients, similar to what we did for the non-homogeneous n-th order equations in Lesson 4. We first solve the related homogeneous case, then assume the C’s are functions c(x) to find P(x). That is, we assume where the H’s are the solutions to the related homogeneous case. To find the c’s we must solve the system for each c’(x) where is the jth component of Hk.
✅ Auto Honesty Score: 1.00 — Auto-validated exact match with expected answer.
Q: Summarize the excerpt from 'Diff Eq Intro' (chunk 3.4) about mathematics: We then integrate each c’(x) to find the c’s. Let us consider the following example: 42 3 9 . 8 After following steps 1 
🧠 Student Answer: We then integrate each c’(x) to find the c’s. Let us consider the following example: 42 3 9 . 8 After following steps 1 through 9 we find the solution to the homogeneous case is 2 0 2 . 0 0 0 The system we must solve to find the derivatives of the c’s is 2 2 2 9 . This system is easier to solve by hand than on the calculator. The solutions are 9 0. For the sake of completeness, we discuss how it can be solved on the calculator. Enter the 2 0 2 2 augmented matrix for the system, 0 0 9 , into the calculator. Press 0 F5-RREF. Press DA to put the matrix into the matrix writer.
✅ Auto Honesty Score: 1.00 — Auto-validated exact match with expected answer.
Q: Summarize the excerpt from 'Diff Eq Intro' (chunk 3.5) about mathematics: The solutions are in the forth column. It is easy to see that the solution for 0, but the other two are quite messy look
🧠 Student Answer: The solutions are in the forth column. It is easy to see that the solution for 0, but the other two are quite messy looking. To make them look a little nicer press CANCEL and ENTER, to get back to the main screen and put a second copy of the matrix on the stack. Put {1 4} on the stack, type the command GET, and press ENTER, then EVAL. This will extract the element from row 1, column 4 from the matrix and simplify it. The resulting fraction is still not reduced, but it clearly will reduce to e2x.
✅ Auto Honesty Score: 1.00 — Auto-validated exact match with expected answer.
Q: Summarize the excerpt from 'Diff Eq Intro' (chunk 3.6) about mathematics: The GET command deletes the matrix from level 2 of the stack, which is why we needed to put a second copy of the matrix 
🧠 Student Answer: The GET command deletes the matrix from level 2 of the stack, which is why we needed to put a second copy of the matrix on the stack. Drop this solution then repeat the steps above with {2 4} to get the next solution. Now integrate (See CTL 17) to get 1 2 31 0. We now combine these results and the solutions to the homogeneous case as indicated in our assumption (3) to get a particular solution to the non-homogeneous case: 1 2 2 2 310 0 . 0 9 Combining this with the solution to the homogeneous case, we have the general solution to our system in scalar form: 22 31 . Return to List of Lessons 10
✅ Auto Honesty Score: 1.00 — Auto-validated exact match with expected answer.
Q: Summarize the excerpt from 'dmoi3-tablet' (chunk 1.1) about mathematics: Discrete Mathematics - An Open Introduction
🧠 Student Answer: Discrete Mathematics - An Open Introduction
✅ Auto Honesty Score: 1.00 — Auto-validated exact match with expected answer.
Q: Summarize the excerpt from 'dmoi3-tablet' (chunk 2.1) about mathematics: For Madeline and Teagan
🧠 Student Answer: For Madeline and Teagan
✅ Auto Honesty Score: 1.00 — Auto-validated exact match with expected answer.
Q: Summarize the excerpt from 'dmoi3-tablet' (chunk 3.1) about mathematics: Preface This text aims to give an introduction to select topics in discrete mathematics at a level appropriate for fir
🧠 Student Answer: Preface This text aims to give an introduction to select topics in discrete mathe- matics at a level appropriate for first or second year undergraduate math majors, especially those who intend to teach middle and high school math- ematics. The book began as a set of notes for the Discrete Mathematics course at the University of Northern Colorado. This course serves both as a survey of the topics in discrete math and as the “bridge” course for math majors, as UNC does not offer a separate “introduction to proofs” course.
✅ Auto Honesty Score: 1.00 — Auto-validated exact match with expected answer.
Q: Summarize the excerpt from 'dmoi3-tablet' (chunk 3.2) about mathematics: Most students who take the course plan to teach, although there are a handful of students who will go on to graduate sch
🧠 Student Answer: Most students who take the course plan to teach, although there are a handful of students who will go on to graduate school or study applied math or computer science. For these students the current text hopefully is still of interest, but the intent is not to provide a solid mathematical foundation for computer science, unlike the majority of textbooks on the subject. Another difference between this text and most other discrete math books is that this book is intended to be used in a class taught using problem oriented or inquiry based methods.
✅ Auto Honesty Score: 1.00 — Auto-validated exact match with expected answer.
Q: Summarize the excerpt from 'dmoi3-tablet' (chunk 3.3) about mathematics: When I teach the class, I will assign sections for reading after first introducing them in class by using a mix of group
🧠 Student Answer: When I teach the class, I will assign sections for reading after first introducing them in class by using a mix of group work and class discussion on a few interesting problems. The text is meant to consolidate what we discover in class and serve as a reference for students as they master the concepts and techniques covered in the unit. None-the-less, every attempt has been made to make the text sufficient for self study as well, in a way that hopefully mimics an inquiry based classroom. The topics covered in this text were chosen to match the needs of the students I teach at UNC.
✅ Auto Honesty Score: 1.00 — Auto-validated exact match with expected answer.
Q: Summarize the excerpt from 'dmoi3-tablet' (chunk 3.4) about mathematics: The main areas of study are combinatorics, sequences, logic and proofs, and graph theory, in that order. Induction is co
🧠 Student Answer: The main areas of study are combinatorics, sequences, logic and proofs, and graph theory, in that order. Induction is covered at the end of the chapter on sequences. Most discrete books put logic first as a preliminary, which certainly has its advantages. However, I wanted to discuss logic and proofs together, and found that doing both of these before anything else was overwhelming for my students given that they didn’t yet have context of other problems in the subject.
✅ Auto Honesty Score: 1.00 — Auto-validated exact match with expected answer.
Q: Summarize the excerpt from 'dmoi3-tablet' (chunk 3.5) about mathematics: Also, after spending a couple weeks on proofs, we would hardly use that at all when covering combinatorics, so much of t
🧠 Student Answer: Also, after spending a couple weeks on proofs, we would hardly use that at all when covering combinatorics, so much of the progress we made was quickly lost. Instead, there is a short introduction section on mathematical statements, which should provide enough common language to discuss the logical content of combinatorics and sequences. Depending on the speed of the class, it might be possible to include ad- ditional material. In past semesters I have included generating functions (after sequences) and some basic number theory (either after the logic vii
✅ Auto Honesty Score: 1.00 — Auto-validated exact match with expected answer.
Q: Summarize the excerpt from 'dmoi3-tablet' (chunk 4.1) about mathematics: viii and proofs chapter or at the very end of the course). These additional topics are covered in the last chapter. Whil
🧠 Student Answer: viii and proofs chapter or at the very end of the course). These additional topics are covered in the last chapter. While I (currently) believe this selection and order of topics is optimal, you should feel free to skip around to what interests you. There are occasionally examples and exercises that rely on earlier material, but I have tried to keep these to a minimum and usually can either be skipped or understood without too much additional study. If you are an instructor, feel free to edit the L A TEX or PreTeXt source to fit your needs. Improvements to the 3rd Edition.
✅ Auto Honesty Score: 1.00 — Auto-validated exact match with expected answer.
Q: Summarize the excerpt from 'dmoi3-tablet' (chunk 4.2) about mathematics: In addition to lots of minor corrections, both to typographical and mathematical errors, this third edition includes a
🧠 Student Answer: In addition to lots of minor corrections, both to typographical and math- ematical errors, this third edition includes a few major improvements, including: • More than 100 new exercises, bringing the total to 473. The selection of which exercises have solutions has also been improved, which should make the text more useful for instructors who want to assign homework from the book. • A new section in on trees in the graph theory chapter. • Substantial improvement to the exposition in chapter 0, especially the section on functions.
✅ Auto Honesty Score: 1.00 — Auto-validated exact match with expected answer.
Q: Summarize the excerpt from 'dmoi3-tablet' (chunk 4.3) about mathematics: • The interactive online version of the book has added interactivity. Currently, many of the exercises are displayed as 
🧠 Student Answer: • The interactive online version of the book has added interactivity. Currently, many of the exercises are displayed as WeBWorK prob- lems, allowing readers to enter answers to verify they are correct. The previous editions (2nd edition, released in August 2016, and the Fall 2015 edition) will still be available for instructors who wish to use those versions due to familiarity. My hope is to continue improving the book, releasing a new edition each spring in time for fall adoptions.
✅ Auto Honesty Score: 1.00 — Auto-validated exact match with expected answer.
Q: Summarize the excerpt from 'dmoi3-tablet' (chunk 4.4) about mathematics: These new editions will incorporate additions and corrections suggested by instructors and students who use the text the
🧠 Student Answer: These new editions will incorporate additions and corrections suggested by instructors and students who use the text the previous semesters. Thus I encourage you to send along any suggestions and comments as you have them. Oscar Levin, Ph.D. University of Northern Colorado, 2019
✅ Auto Honesty Score: 1.00 — Auto-validated exact match with expected answer.
Q: Summarize the excerpt from 'dmoi3-tablet' (chunk 5.1) about mathematics: How to use this book In addition to expository text, this book has a few features designed to encourage you to interact 
🧠 Student Answer: How to use this book In addition to expository text, this book has a few features designed to encourage you to interact with the mathematics. Investigate! activities. Sprinkled throughout the sections (usually at the very beginning of a topic) you will find activities designed to get you acquainted with the topic soon to be discussed. These are similar (sometimes identical) to group activities I give students to introduce material. You really should spend some time thinking about, or even working through, these problems before reading the section.
✅ Auto Honesty Score: 1.00 — Auto-validated exact match with expected answer.
Q: Summarize the excerpt from 'dmoi3-tablet' (chunk 5.2) about mathematics: By priming yourself to the types of issues involved in the material you are about to read, you will better understand wh
🧠 Student Answer: By priming yourself to the types of issues involved in the material you are about to read, you will better understand what is to come. There are no solutions provided for these problems, but don’t worry if you can’t solve them or are not confident in your answers. My hope is that you will take this frustration with you while you read the proceeding section. By the time you are done with the section, things should be much clearer. Examples. I have tried to include the “correct” number of examples. For those exam- ples which include problems , full solutions are included.
✅ Auto Honesty Score: 1.00 — Auto-validated exact match with expected answer.
Q: Summarize the excerpt from 'dmoi3-tablet' (chunk 5.3) about mathematics: Before reading the solution, try to at least have an understanding of what the problem is asking. Unlike some textbooks,
🧠 Student Answer: Before reading the solution, try to at least have an understanding of what the problem is asking. Unlike some textbooks, the examples are not meant to be all inclusive for problems you will see in the exercises. They should not be used as a blueprint for solving other problems. Instead, use the examples to deepen our understanding of the concepts and techniques discussed in each section. Then use this understanding to solve the exercises at the end of each section. Exercises. You get good at math through practice.
✅ Auto Honesty Score: 1.00 — Auto-validated exact match with expected answer.
Q: Summarize the excerpt from 'dmoi3-tablet' (chunk 5.4) about mathematics: Each section concludes with a small number of exercises meant to solidify concepts and basic skills presented in that se
🧠 Student Answer: Each section concludes with a small number of exercises meant to solidify concepts and basic skills presented in that section. At the end of each chapter, a larger collection of similar exercises is included (as a sort of “chapter review”) which might bridge material of different sections in that chapter. Many exercise have a hint or solution (which in the pdf version of the text can be found by clicking on the exercises number—clicking on the solution number will ix
✅ Auto Honesty Score: 1.00 — Auto-validated exact match with expected answer.
Q: Summarize the excerpt from 'dmoi3-tablet' (chunk 6.1) about mathematics: x bring you back to the exercise). Readers are encouraged to try these exercises before looking at the help. Both hints 
🧠 Student Answer: x bring you back to the exercise). Readers are encouraged to try these exercises before looking at the help. Both hints and solutions are intended as a way to check your work, but often what would “count” as a correct solution in a math class would be quite a bit more. When I teach with this book, I assign exercises that have solutions as practice and then use them, or similar problems, on quizzes and exams. There are also problems without solutions to challenge yourself (or to be assigned as homework). Interactive Online Version.
✅ Auto Honesty Score: 1.00 — Auto-validated exact match with expected answer.
Q: Summarize the excerpt from 'dmoi3-tablet' (chunk 6.2) about mathematics: For those of you reading this in a pdf or in print, I encourage you to also check out the interactive online version, wh
🧠 Student Answer: For those of you reading this in a pdf or in print, I encourage you to also check out the interactive online version, which makes navigating the book a little easier. Additionally, some of the exercises are implemented as WeBWorK problems, which allow you to check your work without see- ing the correct answer immediately. Additional interactivity is planned, including instructional videos for examples and additional exercises at the end of sections. These “bonus” features will be added on a rolling basis, so keep an eye out!
✅ Auto Honesty Score: 1.00 — Auto-validated exact match with expected answer.
Q: Summarize the excerpt from 'dmoi3-tablet' (chunk 6.3) about mathematics: You can view the interactive version for free at http://discrete.openmathbooks.org/ or by scanning the QR code below wit
🧠 Student Answer: You can view the interactive version for free at http://discrete.openmathbooks.org/ or by scanning the QR code below with your smart phone.
✅ Auto Honesty Score: 1.00 — Auto-validated exact match with expected answer.
Q: Summarize the excerpt from 'dmoi3-tablet' (chunk 7.1) about mathematics: Contents Acknowledgements v Preface vii How to use this book ix 0 Introduction and Preliminaries 1 0.1 What is Discrete 
🧠 Student Answer: Contents Acknowledgements v Preface vii How to use this book ix 0 Introduction and Preliminaries 1 0.1 What is Discrete Mathematics? 1 0.2 Mathematical Statements 4 Atomic and Molecular Statements 4 Implications . 7 Predicates and Quantifiers . 15 Exercises . 17 0.3 Sets 24 Notation . 24 Relationships Between Sets 28 Operations On Sets . 31 Venn Diagrams . 33 Exercises . 35 0.4 Functions . 39 Describing Functions 40 Surjections, Injections, and Bijections . 45 Image and Inverse Image 48 Exercises . 51 1 Counting 57 1.1 Additive and Multiplicative Principles 57 Counting With Sets .
✅ Auto Honesty Score: 1.00 — Auto-validated exact match with expected answer.
Q: Summarize the excerpt from 'dmoi3-tablet' (chunk 7.2) about mathematics: 61 Principle of Inclusion/Exclusion . 64 Exercises . 67 1.2 Binomial Coefficients 70 Subsets 70 Bit Strings 72 Lattice P
🧠 Student Answer: 61 Principle of Inclusion/Exclusion . 64 Exercises . 67 1.2 Binomial Coefficients 70 Subsets 70 Bit Strings 72 Lattice Paths . 73 Binomial Coefficients 74 Pascal’s Triangle . 77 Exercises . 78 1.3 Combinations and Permutations . 81 Exercises . 86 1.4 Combinatorial Proofs 89 xi
✅ Auto Honesty Score: 1.00 — Auto-validated exact match with expected answer.
Q: Summarize the excerpt from 'dmoi3-tablet' (chunk 8.1) about mathematics: xii Contents Patterns in Pascal’s Triangle 89 More Proofs . 95 Exercises . 99 1.5 Stars and Bars 103 Exercises . 108 1.6
🧠 Student Answer: xii Contents Patterns in Pascal’s Triangle 89 More Proofs . 95 Exercises . 99 1.5 Stars and Bars 103 Exercises . 108 1.6 Advanced Counting Using PIE 111 Counting Derangements 115 Counting Functions . 117 Exercises . 124 1.7 Chapter Summary 127 Chapter Review . 128 2 Sequences 135 2.1 Describing Sequences 136 Exercises . 144 2.2 Arithmetic and Geometric Sequences . 148 Sums of Arithmetic and Geometric Sequences . 151 Exercises . 156 2.3 Polynomial Fitting 160 Exercises . 164 2.4 Solving Recurrence Relations . 167 The Characteristic Root Technique 171 Exercises . 175 2.5 Induction .
✅ Auto Honesty Score: 1.00 — Auto-validated exact match with expected answer.
Q: Summarize the excerpt from 'dmoi3-tablet' (chunk 8.2) about mathematics: 177 Stamps 177 Formalizing Proofs . 179 Examples . 181 Strong Induction 185 Exercises . 188 2.6 Chapter Summary 193 Chap
🧠 Student Answer: 177 Stamps 177 Formalizing Proofs . 179 Examples . 181 Strong Induction 185 Exercises . 188 2.6 Chapter Summary 193 Chapter Review . 194 3 Symbolic Logic and Proofs 197 3.1 Propositional Logic . 198 Truth Tables . 199 Logical Equivalence . 201 Deductions 204 Beyond Propositions 207 Exercises . 209 3.2 Proofs . 213 Direct Proof . 215 Proof by Contrapositive 216 Proof by Contradiction . 218 Proof by (counter) Example 220
✅ Auto Honesty Score: 1.00 — Auto-validated exact match with expected answer.
Q: Summarize the excerpt from 'dmoi3-tablet' (chunk 9.1) about mathematics: Contents xiii Proof by Cases 221 Exercises . 223 3.3 Chapter Summary 227 Chapter Review . 228 4 Graph Theory 231 4.1 Def
🧠 Student Answer: Contents xiii Proof by Cases 221 Exercises . 223 3.3 Chapter Summary 227 Chapter Review . 228 4 Graph Theory 231 4.1 Definitions 233 Exercises . 243 4.2 Trees . 247 Properties of Trees . 248 Rooted Trees . 251 Spanning Trees . 253 Exercises . 255 4.3 Planar Graphs 258 Non-planar Graphs . 260 Polyhedra 262 Exercises . 265 4.4 Coloring . 267 Coloring in General . 269 Coloring Edges . 272 Exercises . 274 4.5 Euler Paths and Circuits 277 Hamilton Paths . 279 Exercises . 280 4.6 Matching in Bipartite Graphs . 283 Exercises . 286 4.7 Chapter Summary 289 Chapter Review .
✅ Auto Honesty Score: 1.00 — Auto-validated exact match with expected answer.
Q: Summarize the excerpt from 'dmoi3-tablet' (chunk 9.2) about mathematics: 290 5 Additional Topics 295 5.1 Generating Functions 295 Building Generating Functions 296 Differencing . 299 Multiplica
🧠 Student Answer: 290 5 Additional Topics 295 5.1 Generating Functions 295 Building Generating Functions 296 Differencing . 299 Multiplication and Partial Sums 301 Solving Recurrence Relations with Generating Functions . 302 Exercises . 304 5.2 Introduction to Number Theory 307 Divisibility 307 Remainder Classes . 310 Properties of Congruence . 313 Solving Congruences 317 Solving Linear Diophantine Equations 319 Exercises . 323
✅ Auto Honesty Score: 1.00 — Auto-validated exact match with expected answer.
Q: Summarize the excerpt from 'dmoi3-tablet' (chunk 10.1) about mathematics: xiv Contents A Selected Hints 325 B Selected Solutions 335 C List of Symbols 387 Index 389
🧠 Student Answer: xiv Contents A Selected Hints 325 B Selected Solutions 335 C List of Symbols 387 Index 389
✅ Auto Honesty Score: 1.00 — Auto-validated exact match with expected answer.
Q: Summarize the excerpt from 'dmoi3-tablet' (chunk 11.1) about mathematics: Chapter 0 Introduction and Preliminaries Welcome to Discrete Mathematics. If this is your first time encountering the su
🧠 Student Answer: Chapter 0 Introduction and Preliminaries Welcome to Discrete Mathematics. If this is your first time encountering the subject, you will probably find discrete mathematics quite different from other math subjects. You might not even know what discrete math is! Hopefully this short introduction will shed some light on what the subject is about and what you can expect as you move forward in your studies. 0.1 What is Discrete Mathematics? dis · crete / dis’krët. Adjective : Individually separate and distinct. Synonyms : separate - detached - distinct - abstract.
✅ Auto Honesty Score: 1.00 — Auto-validated exact match with expected answer.
Q: Summarize the excerpt from 'dmoi3-tablet' (chunk 11.2) about mathematics: Defining discrete mathematics is hard because defining mathematics is hard. What is mathematics? The study of numbers? I
🧠 Student Answer: Defining discrete mathematics is hard because defining mathematics is hard. What is mathematics? The study of numbers? In part, but you also study functions and lines and triangles and parallelepipeds and vectors and Or perhaps you want to say that mathematics is a collection of tools that allow you to solve problems. What sort of problems? Okay, those that involve numbers, functions, lines, triangles, Whatever your conception of what mathematics is, try applying the concept of “discrete” to it, as defined above.
✅ Auto Honesty Score: 1.00 — Auto-validated exact match with expected answer.
Q: Summarize the excerpt from 'dmoi3-tablet' (chunk 11.3) about mathematics: Some math fundamentally deals with stuff that is individually separate and distinct. In an algebra or calculus class, yo
🧠 Student Answer: Some math fundamentally deals with stuff that is individually separate and distinct. In an algebra or calculus class, you might have found a particular set of numbers (maybe the set of numbers in the range of a function). You would represent this set as an interval: [ 0 , ∞) is the range of f ( x ) | x 2 since the set of outputs of the function are all real numbers 0 and greater. This set of numbers is NOT discrete. The numbers in the set are not separated by much at all. In fact, take any two numbers in the set and there are infinitely many more between them which are also in the set.
✅ Auto Honesty Score: 1.00 — Auto-validated exact match with expected answer.
Q: Summarize the excerpt from 'dmoi3-tablet' (chunk 11.4) about mathematics: Discrete math could still ask about the range of a function, but the set would not be an interval. Consider the function
🧠 Student Answer: Discrete math could still ask about the range of a function, but the set would not be an interval. Consider the function which gives the number of children of each person reading this. What is the range? I’m guessing it is something like { 0 , 1 , 2 , 3 } . Maybe 4 is in there too. But certainly there is nobody reading this that has 1.32419 children. This output set is discrete because the elements are separate. The inputs to the function also form a discrete set because each input is an individual person.
✅ Auto Honesty Score: 1.00 — Auto-validated exact match with expected answer.
Q: Summarize the excerpt from 'dmoi3-tablet' (chunk 11.5) about mathematics: One way to get a feel for the subject is to consider the types of problems you solve in discrete math. Here are a few si
🧠 Student Answer: One way to get a feel for the subject is to consider the types of problems you solve in discrete math. Here are a few simple examples: 1
✅ Auto Honesty Score: 1.00 — Auto-validated exact match with expected answer.
Q: Summarize the excerpt from 'dmoi3-tablet' (chunk 12.1) about mathematics: 2 0. Introduction and Preliminaries Investigate! ! Attempt the above activity before proceeding ! Note: Throughout the t
🧠 Student Answer: 2 0. Introduction and Preliminaries Investigate! ! Attempt the above activity before proceeding ! Note: Throughout the text you will see Investigate! activities like this one. Answer the questions in these as best you can to give yourself a feel for what is coming next. 1. The most popular mathematician in the world is throwing a party for all of his friends. As a way to kick things off, they decide that everyone should shake hands. Assuming all 10 people at the party each shake hands with every other person (but not themselves, obviously) exactly once, how many handshakes take place? 2.
✅ Auto Honesty Score: 1.00 — Auto-validated exact match with expected answer.
Q: Summarize the excerpt from 'dmoi3-tablet' (chunk 12.2) about mathematics: At the warm-up event for Oscar’s All Star Hot Dog Eating Contest, Al ate one hot dog. Bob then showed him up by eating t
🧠 Student Answer: At the warm-up event for Oscar’s All Star Hot Dog Eating Contest, Al ate one hot dog. Bob then showed him up by eating three hot dogs. Not to be outdone, Carl ate five. This continued with each contestant eating two more hot dogs than the previous contestant. How many hot dogs did Zeno (the 26th and final contestant) eat? How many hot dogs were eaten all together? 3. After excavating for weeks, you finally arrive at the burial chamber. The room is empty except for two large chests.
✅ Auto Honesty Score: 1.00 — Auto-validated exact match with expected answer.
Q: Summarize the excerpt from 'dmoi3-tablet' (chunk 12.3) about mathematics: On each is carved a message (strangely in English): If this chest is empty, then the other chest’s message is true. This
🧠 Student Answer: On each is carved a message (strangely in English): If this chest is empty, then the other chest’s message is true. This chest is filled with treasure or the other chest contains deadly scorpions. You know exactly one of these messages is true. What should you do? 4. Back in the days of yore, five small towns decided they wantedtobuildroadsdirectlyconnectingeachpairoftowns. While the towns had plenty of money to build roads as long and as winding as they wished, it was very important that the roads not intersect with each other (as stop signs had not yet been invented).
✅ Auto Honesty Score: 1.00 — Auto-validated exact match with expected answer.
Q: Summarize the excerpt from 'dmoi3-tablet' (chunk 12.4) about mathematics: Also, tunnels and bridges were not allowed. Is it possible for each of these towns to build a road to each of the four o
🧠 Student Answer: Also, tunnels and bridges were not allowed. Is it possible for each of these towns to build a road to each of the four other towns without creating any intersections? One reason it is difficult to define discrete math is that it is a very broad description which encapsulates a large number of subjects. In
✅ Auto Honesty Score: 1.00 — Auto-validated exact match with expected answer.
Q: Summarize the excerpt from 'dmoi3-tablet' (chunk 13.1) about mathematics: 0.1. What is Discrete Mathematics? 3 this course we will study four main topics: combinatorics (the theory of ways thing
🧠 Student Answer: 0.1. What is Discrete Mathematics? 3 this course we will study four main topics: combinatorics (the theory of ways things combine ; in particular, how to count these ways), sequences , symbolic logic , and graph theory . However, there are other topics that belong under the discrete umbrella, including computer science, abstract algebra, number theory, game theory, probability, and geometry (some of these, particularly the last two, have both discrete and non-discrete variants). Ultimately the best way to learn what discrete math is about is to do it. Let’s get started!
✅ Auto Honesty Score: 1.00 — Auto-validated exact match with expected answer.
Q: Summarize the excerpt from 'dmoi3-tablet' (chunk 13.2) about mathematics: Before we can begin answering more complicated (and fun) problems, we must lay down some foundation. We start by reviewi
🧠 Student Answer: Before we can begin answering more complicated (and fun) problems, we must lay down some foundation. We start by reviewing mathematical statements, sets, and functions in the framework of discrete mathematics.
✅ Auto Honesty Score: 1.00 — Auto-validated exact match with expected answer.
Q: Summarize the excerpt from 'dmoi3-tablet' (chunk 14.1) about mathematics: 4 0. Introduction and Preliminaries 0.2 Mathematical Statements Investigate! ! Attempt the above activity before proceed
🧠 Student Answer: 4 0. Introduction and Preliminaries 0.2 Mathematical Statements Investigate! ! Attempt the above activity before proceeding ! While walking through a fictional forest, you encounter three trolls guarding a bridge. Each is either a knight , who always tells the truth, or a knave , who always lies. The trolls will not let you pass until you correctly identify each as either a knight or a knave. Each troll makes a single statement: Troll 1: If I am a knave, then there are exactly two knights here. Troll 2: Troll 1 is lying. Troll 3: Either we are all knaves or at least one of us is a knight.
✅ Auto Honesty Score: 1.00 — Auto-validated exact match with expected answer.
Q: Summarize the excerpt from 'dmoi3-tablet' (chunk 14.2) about mathematics: Which troll is which? In order to do mathematics, we must be able to talk and write about mathematics. Perhaps your expe
🧠 Student Answer: Which troll is which? In order to do mathematics, we must be able to talk and write about mathematics. Perhaps your experience with mathematics so far has mostly involved finding answers to problems. As we embark towards more advanced and abstract mathematics, writing will play a more promi- nent role in the mathematical process. Communication in mathematics requires more precision than many other subjects, and thus we should take a few pages here to consider the basic building blocks: mathematical statements .
✅ Auto Honesty Score: 1.00 — Auto-validated exact match with expected answer.
Q: Summarize the excerpt from 'dmoi3-tablet' (chunk 14.3) about mathematics: Atomic and Molecular Statements A statement is any declarative sentence which is either true or false. A statement is at
🧠 Student Answer: Atomic and Molecular Statements A statement is any declarative sentence which is either true or false. A statement is atomic if it cannot be divided into smaller statements, otherwise it is called molecular . Example 0.2.1 These are statements (in fact, atomic statements): • Telephone numbers in the USA have 10 digits. • The moon is made of cheese. • 42 is a perfect square. • Every even number greater than 2 can be expressed as the sum of two primes.
✅ Auto Honesty Score: 1.00 — Auto-validated exact match with expected answer.
Q: Summarize the excerpt from 'dmoi3-tablet' (chunk 15.1) about mathematics: 0.2. Mathematical Statements 5 • 3 + 7 | 12 And these are not statements: • Would you like some cake? • The sum of two s
🧠 Student Answer: 0.2. Mathematical Statements 5 • 3 + 7 | 12 And these are not statements: • Would you like some cake? • The sum of two squares. • 1 + 3 + 5 + 7 + ··· + 2 n + 1 . • Go to your room! • 3 + x | 12 The reason the sentence “ 3 + x | 12 ” is not a statement is that it contains a variable. Depending on what x is, the sentence is either true or false, but right now it is neither. One way to make the sentence into a statement is to specify the value of the variable in some way. This could be done by specifying a specific substitution, for example, “ 3 + x | 12 where x | 9 ,” which is a true statement.
✅ Auto Honesty Score: 1.00 — Auto-validated exact match with expected answer.
Q: Summarize the excerpt from 'dmoi3-tablet' (chunk 15.2) about mathematics: Or you could capture the free variable by quantifying over it, as in, “for all values of x , 3 + x | 12 ,” which is fals
🧠 Student Answer: Or you could capture the free variable by quantifying over it, as in, “for all values of x , 3 + x | 12 ,” which is false. We will discuss quantifiers in more detail at the end of this section. You can build more complicated (molecular) statements out of simpler (atomic or molecular) ones using logical connectives . For example, this is a molecular statement: Telephone numbers in the USA have 10 digits and 42 is a perfect square. Note that we can break this down into two smaller statements.
✅ Auto Honesty Score: 1.00 — Auto-validated exact match with expected answer.
Q: Summarize the excerpt from 'dmoi3-tablet' (chunk 15.3) about mathematics: The two shorter statements are connected by an “and.” We will consider 5 connectives: “and” (Sam is a man and Chris is a
🧠 Student Answer: The two shorter statements are connected by an “and.” We will consider 5 connectives: “and” (Sam is a man and Chris is a woman), “or” (Sam is a man or Chris is a woman), “if. , then. ” (if Sam is a man, then Chris is a woman), “if and only if” (Sam is a man if and only if Chris is a woman), and “not” (Sam is not a man). The first four are called binary connectives (because they connect two statements) while “not” is an example of a unary connective (since it applies to a single statement). These molecular statements are of course still statements, so they must be either true or false.
✅ Auto Honesty Score: 1.00 — Auto-validated exact match with expected answer.
Q: Summarize the excerpt from 'dmoi3-tablet' (chunk 15.4) about mathematics: The absolutely key observation here is that which truth value the molecular statement achieves is completely determined 
🧠 Student Answer: The absolutely key observation here is that which truth value the molecular statement achieves is completely determined by the type of connective and the truth values of the parts. We do not need to know what the parts actually say, only whether those parts are true or false. So to analyze logical connectives, it is enough to consider propositional variables (sometimes called sentential variables), usually capital letters in the middle of the alphabet: P , Q , R , S ,..We think of these as standing in for (usually atomic) statements, but there are only
✅ Auto Honesty Score: 1.00 — Auto-validated exact match with expected answer.
Q: Summarize the excerpt from 'dmoi3-tablet' (chunk 16.1) about mathematics: 6 0. Introduction and Preliminaries two values the variables can achieve: true or false. 1 We also have symbols for the 
🧠 Student Answer: 6 0. Introduction and Preliminaries two values the variables can achieve: true or false. 1 We also have symbols for the logical connectives: ∧ , ∨ , → , ↔ , ¬ . Logical Connectives. • P ∧ Q is read “ P and Q ,” and called a conjunction . • P ∨ Q is read “ P or Q ,” and called a disjunction . • P → Q is read “if P then Q ,” and called an implication or conditional . • P ↔ Q is read “ P if and only if Q ,” and called a biconditional . • ¬ P is read “not P ,” and called a negation .
✅ Auto Honesty Score: 1.00 — Auto-validated exact match with expected answer.
Q: Summarize the excerpt from 'dmoi3-tablet' (chunk 16.2) about mathematics: The truth value of a statement is determined by the truth value(s) of its part(s), depending on the connectives: Truth C
🧠 Student Answer: The truth value of a statement is determined by the truth value(s) of its part(s), depending on the connectives: Truth Conditions for Connectives. • P ∧ Q is true when both P and Q are true • P ∨ Q is true when P or Q or both are true. • P → Q is true when P is false or Q is true or both. • P ↔ Q is true when P and Q are both true, or both false. • ¬ P is true when P is false. Note that for us, or is the inclusive or (and not the sometimes used exclusive or ) meaning that P ∨ Q is in fact true when both P and Q are true.
✅ Auto Honesty Score: 1.00 — Auto-validated exact match with expected answer.
Q: Summarize the excerpt from 'dmoi3-tablet' (chunk 16.3) about mathematics: As for the other connectives, “and” behaves as you would expect, as does negation. The biconditional (if and only if) mi
🧠 Student Answer: As for the other connectives, “and” behaves as you would expect, as does negation. The biconditional (if and only if) might seem a little strange, but you should think of this as saying the two parts of the statements are equivalent in that they have the same truth value. This leaves only the conditional P → Q which has a slightly different meaning in mathematics than it does in ordinary usage. However, implications are so common and useful in mathematics, that we must develop fluency with their use, and as such, they deserve their own subsection.
✅ Auto Honesty Score: 1.00 — Auto-validated exact match with expected answer.
Q: Summarize the excerpt from 'dmoi3-tablet' (chunk 16.4) about mathematics: 1 In computer programing, we should call such variables Boolean variables .
🧠 Student Answer: 1 In computer programing, we should call such variables Boolean variables .
✅ Auto Honesty Score: 1.00 — Auto-validated exact match with expected answer.
Q: Summarize the excerpt from 'dmoi3-tablet' (chunk 17.1) about mathematics: 0.2. Mathematical Statements 7 Implications Implications. An implication or conditional is a molecular statement of the 
🧠 Student Answer: 0.2. Mathematical Statements 7 Implications Implications. An implication or conditional is a molecular statement of the form P → Q where P and Q are statements. We say that • P is the hypothesis (or antecedent ). • Q is the conclusion (or consequent ). An implication is true provided P is false or Q is true (or both), and false otherwise. In particular, the only way for P → Q to be false is for P to be true and Q to be false. Easily the most common type of statement in mathematics is the im- plication.
✅ Auto Honesty Score: 1.00 — Auto-validated exact match with expected answer.
Q: Summarize the excerpt from 'dmoi3-tablet' (chunk 17.2) about mathematics: Even statements that do not at first look like they have this form conceal an implication at their heart. Consider the P
🧠 Student Answer: Even statements that do not at first look like they have this form conceal an implication at their heart. Consider the Pythagorean Theorem . Many a college freshman would quote this theorem as “ a 2 + b 2 | c 2 .” This is absolutely not correct. For one thing, that is not a statement since it has three variables in it. Perhaps they imply that this should be true for any values of the variables? So 1 2 + 5 2 | 2 2 ??? How can we fix this? Well, the equation is true as long as a and b are the legs or a right triangle and c is the hypotenuse.
✅ Auto Honesty Score: 1.00 — Auto-validated exact match with expected answer.
Q: Summarize the excerpt from 'dmoi3-tablet' (chunk 17.3) about mathematics: In other words: If a and b are the legs of a right triangle with hypotenuse c , then a 2 + b 2 | c 2 . This is a reasona
🧠 Student Answer: In other words: If a and b are the legs of a right triangle with hypotenuse c , then a 2 + b 2 | c 2 . This is a reasonable way to think about implications: our claim is that the conclusion (“then” part) is true, but on the assumption that the hypothesis (“if” part) is true. We make no claim about the conclusion in situations when the hypothesis is false. 2 Still, it is important to remember that an implication is a statement, and therefore is either true or false. The truth value of the implication is determined by the truth values of its two parts.
✅ Auto Honesty Score: 1.00 — Auto-validated exact match with expected answer.
Q: Summarize the excerpt from 'dmoi3-tablet' (chunk 17.4) about mathematics: To agree with the usage above, we say that an implication is true either when the hypothesis is false, or when the concl
🧠 Student Answer: To agree with the usage above, we say that an implication is true either when the hypothesis is false, or when the conclusion is true. This leaves only one way for an implication to be false: when the hypothesis is true and the conclusion is false. 2 However, note that in the case of the Pythagorean Theorem, it is also the case that if a 2 + b 2 | c 2 , then a and b are the legs of a right triangle with hypotenuse c . So we could have also expressed this theorem as a biconditional: “ a and b are the legs of a right triangle with hypotenuse c if and only if a 2 + b 2 | c 2 .”
✅ Auto Honesty Score: 1.00 — Auto-validated exact match with expected answer.
Q: Summarize the excerpt from 'dmoi3-tablet' (chunk 18.1) about mathematics: 8 0. Introduction and Preliminaries Example 0.2.2 Consider the statement: If Bob gets a 90 on the final, then Bob will p
🧠 Student Answer: 8 0. Introduction and Preliminaries Example 0.2.2 Consider the statement: If Bob gets a 90 on the final, then Bob will pass the class. This is definitely an implication: P is the statement “Bob gets a 90 on the final,” and Q is the statement “Bob will pass the class.” Suppose I made that statement to Bob. In what circumstances would it be fair to call me a liar? What if Bob really did get a 90 on the final, and he did pass the class? Then I have not lied; my statement is true. However, if Bob did get a 90 on the final and did not pass the class, then I lied, making the statement false.
✅ Auto Honesty Score: 1.00 — Auto-validated exact match with expected answer.
Q: Summarize the excerpt from 'dmoi3-tablet' (chunk 18.2) about mathematics: The tricky case is this: what if Bob did not get a 90 on the final? Maybe he passes the class, maybe he doesn’t. Did I l
🧠 Student Answer: The tricky case is this: what if Bob did not get a 90 on the final? Maybe he passes the class, maybe he doesn’t. Did I lie in either case? I think not. In these last two cases, P was false, and the statement P → Q was true. In the first case, Q was true, and so was P → Q . So P → Q is true when either P is false or Q is true. Just to be clear, although we sometimes read P → Q as “ P implies Q ”, we are not insisting that there is some causal relationship between the statements P and Q .
✅ Auto Honesty Score: 1.00 — Auto-validated exact match with expected answer.
Q: Summarize the excerpt from 'dmoi3-tablet' (chunk 18.3) about mathematics: In particular, if you claim that P → Q is false , you are not saying that P does not imply Q , but rather that P is true
🧠 Student Answer: In particular, if you claim that P → Q is false , you are not saying that P does not imply Q , but rather that P is true and Q is false. Example 0.2.3 Decide which of the following statements are true and which are false. Briefly explain. 1. If 1 | 1 , then most horses have 4 legs. 2. If 0 | 1 , then 1 | 1 . 3. If 8 is a prime number, then the 7624th digit of π is an 8. 4. If the 7624th digit of π is an 8, then 2 + 2 | 4 . Solution . All four of the statements are true. Remember, the only way for an implication to be false is for the if part to be true and the then part to be false. 1.
✅ Auto Honesty Score: 1.00 — Auto-validated exact match with expected answer.
Q: Summarize the excerpt from 'dmoi3-tablet' (chunk 18.4) about mathematics: Here both the hypothesis and the conclusion are true, so the implication is true. It does not matter that there is no me
🧠 Student Answer: Here both the hypothesis and the conclusion are true, so the implication is true. It does not matter that there is no meaningful connection between the true mathematical fact and the fact about horses. 2. Here the hypothesis is false and the conclusion is true, so the implication is true.
✅ Auto Honesty Score: 1.00 — Auto-validated exact match with expected answer.
Q: Summarize the excerpt from 'dmoi3-tablet' (chunk 19.1) about mathematics: 0.2. Mathematical Statements 9 3. I have no idea what the 7624th digit of π is, but this does not matter. Since the hypo
🧠 Student Answer: 0.2. Mathematical Statements 9 3. I have no idea what the 7624th digit of π is, but this does not matter. Since the hypothesis is false, the implication is automatically true. 4. Similarly here, regardless of the truth value of the hypothesis, the conclusion is true, making the implication true. It is important to understand the conditions under which an impli- cation is true not only to decide whether a mathematical statement is true, but in order to prove that it is.
✅ Auto Honesty Score: 1.00 — Auto-validated exact match with expected answer.
Q: Summarize the excerpt from 'dmoi3-tablet' (chunk 19.2) about mathematics: Proofs might seem scary (especially if you have had a bad high school geometry experience) but all we are really doing i
🧠 Student Answer: Proofs might seem scary (especially if you have had a bad high school geometry experience) but all we are really doing is explaining (very carefully) why a statement is true. If you understand the truth conditions for an implication, you already have the outline for a proof. Direct Proofs of Implications. To prove an implication P → Q , it is enough to assume P , and from it, deduce Q . Perhaps a better way to say this is that to prove a statement of the form P → Q directly, you must explain why Q is true, but you get to assume P is true first.
✅ Auto Honesty Score: 1.00 — Auto-validated exact match with expected answer.
Q: Summarize the excerpt from 'dmoi3-tablet' (chunk 19.3) about mathematics: After all, you only care about whether Q is true in the case that P is as well. There are other techniques to prove stat
🧠 Student Answer: After all, you only care about whether Q is true in the case that P is as well. There are other techniques to prove statements (implications and oth- ers) that we will encounter throughout our studies, and new proof tech- niques are discovered all the time. Direct proof is the easiest and most elegant style of proof and has the advantage that such a proof often does a great job of explaining why the statement is true. Example 0.2.4 Prove: If two numbers a and b are even, then their sum a + b is even. Solution . Proof. Suppose the numbers a and b are even.
✅ Auto Honesty Score: 1.00 — Auto-validated exact match with expected answer.
Q: Summarize the excerpt from 'dmoi3-tablet' (chunk 19.4) about mathematics: This means that a | 2 k and b | 2 j for some integers k and j . The sum is then a + b | 2 k + 2 j | 2 ( k + j ) . Since 
🧠 Student Answer: This means that a | 2 k and b | 2 j for some integers k and j . The sum is then a + b | 2 k + 2 j | 2 ( k + j ) . Since k + j is an integer, this means that a + b is even. qed Notice that since we get to assume the hypothesis of the impli- cation, we immediately have a place to start. The proof proceeds essentially by repeatedly asking and answering, “what does that mean?” Eventually, we conclude that it means the conclusion.
✅ Auto Honesty Score: 1.00 — Auto-validated exact match with expected answer.
Q: Summarize the excerpt from 'dmoi3-tablet' (chunk 20.1) about mathematics: 10 0. Introduction and Preliminaries This sort of argument shows up outside of math as well. If you ever found yourself 
🧠 Student Answer: 10 0. Introduction and Preliminaries This sort of argument shows up outside of math as well. If you ever found yourself starting an argument with “hypothetically, let’s assume . ,” then you have attempted a direct proof of your desired conclusion. An implication is a way of expressing a relationship between two state- ments. It is often interesting to ask whether there are other relationships between the statements. Here we introduce some common language to address this question. Converse and Contrapositive. • The converse of an implication P → Q is the implication Q → P .
✅ Auto Honesty Score: 1.00 — Auto-validated exact match with expected answer.
Q: Summarize the excerpt from 'dmoi3-tablet' (chunk 20.2) about mathematics: The converse is NOT logically equivalent to the original implication. That is, whether the converse of an implication is
🧠 Student Answer: The converse is NOT logically equivalent to the original implication. That is, whether the converse of an implication is true is independent of the truth of the implication. • The contrapositive of an implication P → Q is the statement ¬ Q →¬ P . An implication and its contrapositive are logically equivalent (they are either both true or both false). Mathematics is overflowing with examples of true implications which have a false converse. If a number greater than 2 is prime, then that number is odd. However, just because a number is odd does not mean it is prime.
✅ Auto Honesty Score: 1.00 — Auto-validated exact match with expected answer.
Q: Summarize the excerpt from 'dmoi3-tablet' (chunk 20.3) about mathematics: If a shape is a square, then it is a rectangle. But it is false that if a shape is a rectangle, then it is a square. How
🧠 Student Answer: If a shape is a square, then it is a rectangle. But it is false that if a shape is a rectangle, then it is a square. However, sometimes the converse of a true statement is also true. For example, the Pythagorean theorem has a true converse: if a 2 + b 2 | c 2 , then the triangle with sides a , b , and c is a right triangle. Whenever you encounter an implication in mathematics, it is always reasonable to ask whether the converse is true. The contrapositive, on the other hand, always has the same truth value as its original implication.
✅ Auto Honesty Score: 1.00 — Auto-validated exact match with expected answer.
Q: Summarize the excerpt from 'dmoi3-tablet' (chunk 20.4) about mathematics: This can be very helpful in deciding whether an implication is true: often it is easier to analyze the contrapositive. E
🧠 Student Answer: This can be very helpful in deciding whether an implication is true: often it is easier to analyze the contrapositive. Example 0.2.5 True or false: If you draw any nine playing cards from a regular deck, then you will have at least three cards all of the same suit. Is the converse true? Solution . True. The original implication is a little hard to analyze because there are so many different combinations of nine cards. But consider the contrapositive: If you don’t have at least three cards all of the same suit, then you don’t have nine cards. It is easy to see
✅ Auto Honesty Score: 1.00 — Auto-validated exact match with expected answer.
Q: Summarize the excerpt from 'dmoi3-tablet' (chunk 21.1) about mathematics: 0.2. Mathematical Statements 11 why this is true: you can at most have two cards of each of the four suits, for a total 
🧠 Student Answer: 0.2. Mathematical Statements 11 why this is true: you can at most have two cards of each of the four suits, for a total of eight cards (or fewer). The converse: If you have at least three cards all of the same suit, then you have nine cards. This is false. You could have three spades and nothing else. Note that to demonstrate that the converse (an implication) is false, we provided an example where the hypothesis is true (you do have three cards of the same suit), but where the conclusion is false (you do not have nine cards).
✅ Auto Honesty Score: 1.00 — Auto-validated exact match with expected answer.
Q: Summarize the excerpt from 'dmoi3-tablet' (chunk 21.2) about mathematics: Understanding converses and contrapositives can help understand implications and their truth values: Example 0.2.6 Suppo
🧠 Student Answer: Understanding converses and contrapositives can help understand implications and their truth values: Example 0.2.6 Suppose I tell Sue that if she gets a 93% on her final, then she will get an A in the class. Assuming that what I said is true, what can you conclude in the following cases: 1. Sue gets a 93% on her final. 2. Sue gets an A in the class. 3. Sue does not get a 93% on her final. 4. Sue does not get an A in the class. Solution . Note first that whenever P → Q and P are both true statements, Q must be true as well.
✅ Auto Honesty Score: 1.00 — Auto-validated exact match with expected answer.
Q: Summarize the excerpt from 'dmoi3-tablet' (chunk 21.3) about mathematics: For this problem, take P to mean “Sue gets a 93% on her final” and Q to mean “Sue will get an A in the class.” 1. We hav
🧠 Student Answer: For this problem, take P to mean “Sue gets a 93% on her final” and Q to mean “Sue will get an A in the class.” 1. We have P → Q and P , so Q follows. Sue gets an A. 2. You cannot conclude anything. Sue could have gotten the A because she did extra credit for example. Notice that we do not know that if Sue gets an A , then she gets a 93% on her final. That is the converse of the original implication, so it might or might not be true. 3. The contrapositive of the converse of P → Q is ¬ P → ¬ Q , which states that if Sue does not get a 93% on the final, then she will not get an A in the class.
✅ Auto Honesty Score: 1.00 — Auto-validated exact match with expected answer.
Q: Summarize the excerpt from 'dmoi3-tablet' (chunk 21.4) about mathematics: But this does not follow from the original implication. Again, we can conclude nothing. Sue could have done extra credit
🧠 Student Answer: But this does not follow from the original implication. Again, we can conclude nothing. Sue could have done extra credit.
✅ Auto Honesty Score: 1.00 — Auto-validated exact match with expected answer.
Q: Summarize the excerpt from 'dmoi3-tablet' (chunk 22.1) about mathematics: 12 0. Introduction and Preliminaries 4. What would happen if Sue does not get an A but did get a 93% on the final? Then 
🧠 Student Answer: 12 0. Introduction and Preliminaries 4. What would happen if Sue does not get an A but did get a 93% on the final? Then P would be true and Q would be false. This makes the implication P → Q false! It must be that Sue did not get a 93% on the final. Notice now we have the implication ¬ Q →¬ P which is the contrapositive of P → Q . Since P → Q is assumed to be true, we know ¬ Q → ¬ P is true as well. As we said above, an implication is not logically equivalent to its converse, but it is possible that both the implication and its converse are true.
✅ Auto Honesty Score: 1.00 — Auto-validated exact match with expected answer.
Q: Summarize the excerpt from 'dmoi3-tablet' (chunk 22.2) about mathematics: In this case, when both P → Q and Q → P are true, we say that P and Q are equivalent and write P ↔ Q . This is the bicon
🧠 Student Answer: In this case, when both P → Q and Q → P are true, we say that P and Q are equivalent and write P ↔ Q . This is the biconditional we mentioned earlier. If and only if. P ↔ Q is logically equivalent to ( P → Q )∧( Q → P ) . Example: Given an integer n , it is true that n is even if and only if n 2 is even. That is, if n is even, then n 2 is even, as well as the converse: if n 2 is even, then n is even. You can think of “if and only if” statements as having two parts: an implication and its converse. We might say one is the “if” part, and the other is the “only if” part.
✅ Auto Honesty Score: 1.00 — Auto-validated exact match with expected answer.
Q: Summarize the excerpt from 'dmoi3-tablet' (chunk 22.3) about mathematics: We also sometimes say that “if and only if” statements have two directions: a forward direction ( P → Q ) and a backward
🧠 Student Answer: We also sometimes say that “if and only if” statements have two directions: a forward direction ( P → Q ) and a backwards direction ( P ← Q , which is really just sloppy notation for Q → P ). Let’s think a little about which part is which. Is P → Q the “if” part or the “only if” part? Consider an example. Example 0.2.7 Suppose it is true that I sing if and only if I’m in the shower. We know this means both that if I sing, then I’m in the shower, and also the converse, that if I’m in the shower, then I sing.
✅ Auto Honesty Score: 1.00 — Auto-validated exact match with expected answer.
Q: Summarize the excerpt from 'dmoi3-tablet' (chunk 22.4) about mathematics: Let P be the statement, “I sing,” and Q be, “I’m in the shower.” So P → Q is the statement “if I sing, then I’m in the s
🧠 Student Answer: Let P be the statement, “I sing,” and Q be, “I’m in the shower.” So P → Q is the statement “if I sing, then I’m in the shower.” Which part of the if and only if statement is this? What we are really asking for is the meaning of “I sing if I’m in the shower” and “I sing only if I’m in the shower.” When is the first one (the “if” part) false ? When I am in the shower but not singing. That is the same condition on being false as the statement “if I’m in the shower, then I sing.” So the “if” part is Q → P . On the
✅ Auto Honesty Score: 1.00 — Auto-validated exact match with expected answer.
Q: Summarize the excerpt from 'dmoi3-tablet' (chunk 23.1) about mathematics: 0.2. Mathematical Statements 13 other hand, to say, “I sing only if I’m in the shower” is equivalent to saying “if I sin
🧠 Student Answer: 0.2. Mathematical Statements 13 other hand, to say, “I sing only if I’m in the shower” is equivalent to saying “if I sing, then I’m in the shower,” so the “only if” part is P → Q . It is not terribly important to know which part is the “if” or “only if” part, but this does illustrate something very, very important: there are many ways to state an implication! Example 0.2.8 Rephrase the implication, “if I dream, then I am asleep” in as many different ways as possible. Then do the same for the converse. Solution . The following are all equivalent to the original implica- tion: 1.
✅ Auto Honesty Score: 1.00 — Auto-validated exact match with expected answer.
Q: Summarize the excerpt from 'dmoi3-tablet' (chunk 23.2) about mathematics: I am asleep if I dream. 2. I dream only if I am asleep. 3. In order to dream, I must be asleep. 4. To dream, it is neces
🧠 Student Answer: I am asleep if I dream. 2. I dream only if I am asleep. 3. In order to dream, I must be asleep. 4. To dream, it is necessary that I am asleep. 5. To be asleep, it is sufficient to dream. 6. I am not dreaming unless I am asleep. The following are equivalent to the converse (if I am asleep, then I dream): 1. I dream if I am asleep. 2. I am asleep only if I dream. 3. It is necessary that I dream in order to be asleep. 4. It is sufficient that I be asleep in order to dream. 5. If I don’t dream, then I’m not asleep. Hopefully you agree with the above example.
✅ Auto Honesty Score: 1.00 — Auto-validated exact match with expected answer.
Q: Summarize the excerpt from 'dmoi3-tablet' (chunk 23.3) about mathematics: We include the “necessary and sufficient” versions because those are common when discussing mathematics. In fact, let’
🧠 Student Answer: We include the “neces- sary and sufficient” versions because those are common when discussing mathematics. In fact, let’s agree once and for all what they mean.
✅ Auto Honesty Score: 1.00 — Auto-validated exact match with expected answer.
Q: Summarize the excerpt from 'dmoi3-tablet' (chunk 24.1) about mathematics: 14 0. Introduction and Preliminaries Necessary and Sufficient. • “ P is necessary for Q ” means Q → P . • “ P is suffici
🧠 Student Answer: 14 0. Introduction and Preliminaries Necessary and Sufficient. • “ P is necessary for Q ” means Q → P . • “ P is sufficient for Q ” means P → Q . • If P is necessary and sufficient for Q , then P ↔ Q . To be honest, I have trouble with these if I’m not very careful. I find it helps to keep a standard example for reference. Example 0.2.9 Recall from calculus, if a function is differentiable at a point c , then it is continuous at c , but that the converse of this statement is not true (for example, f ( x ) | | x | at the point 0). Restate this fact using “necessary and sufficient” language.
✅ Auto Honesty Score: 1.00 — Auto-validated exact match with expected answer.
Q: Summarize the excerpt from 'dmoi3-tablet' (chunk 24.2) about mathematics: Solution . It is true that in order for a function to be differentiable at a point c , it is necessary for the function 
🧠 Student Answer: Solution . It is true that in order for a function to be differentiable at a point c , it is necessary for the function to be continuous at c . However, it is not necessary that a function be differentiable at c for it to be continuous at c . It is true that to be continuous at a point c , it is sufficient that the function be differentiable at c . However, it is not the case that being continuous at c is sufficient for a function to be differentiable at c . Thinking about the necessity and sufficiency of conditions can also help when writing proofs and justifying conclusions.
✅ Auto Honesty Score: 1.00 — Auto-validated exact match with expected answer.
Q: Summarize the excerpt from 'dmoi3-tablet' (chunk 24.3) about mathematics: If you want to establish some mathematical fact, it is helpful to think what other facts would be enough (be sufficien
🧠 Student Answer: If you want to es- tablish some mathematical fact, it is helpful to think what other facts would be enough (be sufficient) to prove your fact. If you have an as- sumption, think about what must also be necessary if that hypothesis is true.
✅ Auto Honesty Score: 1.00 — Auto-validated exact match with expected answer.
Q: Summarize the excerpt from 'dmoi3-tablet' (chunk 25.1) about mathematics: 0.2. Mathematical Statements 15 Predicates and Quantifiers Investigate! ! Attempt the above activity before proceeding !
🧠 Student Answer: 0.2. Mathematical Statements 15 Predicates and Quantifiers Investigate! ! Attempt the above activity before proceeding ! Consider the statements below. Decide whether any are equiva- lent to each other, or whether any imply any others. 1. You can fool some people all of the time. 2. You can fool everyone some of the time. 3. You can always fool some people. 4. Sometimes you can fool everyone. It would be nice to use variables in our mathematical sentences. For example, suppose we wanted to claim that if n is prime, then n + 7 is not prime. This looks like an implication.
✅ Auto Honesty Score: 1.00 — Auto-validated exact match with expected answer.
Q: Summarize the excerpt from 'dmoi3-tablet' (chunk 25.2) about mathematics: I would like to write something like P ( n )→¬ P ( n + 7 ) where P ( n ) means “ n is prime.” But this is not quite righ
🧠 Student Answer: I would like to write something like P ( n )→¬ P ( n + 7 ) where P ( n ) means “ n is prime.” But this is not quite right. For one thing, because this sentence has a free variable (that is, a variable that we have not specified anything about), it is not a statement. A sentence that contains variables is called a predicate . Now, if we plug in a specific value for n , we do get a statement. In fact, it turns out that no matter what value we plug in for n , we get a true implication in this case. What we really want to say is that for all values of n , if n is prime, then n + 7 is not.
✅ Auto Honesty Score: 1.00 — Auto-validated exact match with expected answer.
Q: Summarize the excerpt from 'dmoi3-tablet' (chunk 25.3) about mathematics: We need to quantify the variable. Although there are many types of quantifiers in English (e.g., many, few, most, etc.) 
🧠 Student Answer: We need to quantify the variable. Although there are many types of quantifiers in English (e.g., many, few, most, etc.) in mathematics we, for the most part, stick to two: existential and universal. Universal and Existential Quantifiers. The existential quantifier is ∃ and is read “there exists” or “there is.” For example, ∃ x ( x < 0 ) asserts that there is a number less than 0. The universal quantifier is ∀ and is read “for all” or “every.” For example, ∀ x ( x ≥ 0 ) asserts that every number is greater than or equal to 0.
✅ Auto Honesty Score: 1.00 — Auto-validated exact match with expected answer.
Q: Summarize the excerpt from 'dmoi3-tablet' (chunk 26.1) about mathematics: 16 0. Introduction and Preliminaries As with all mathematical statements, we would like to decide whether quantified sta
🧠 Student Answer: 16 0. Introduction and Preliminaries As with all mathematical statements, we would like to decide whether quantified statements are true or false. Consider the statement ∀ x ∃ y ( y < x ) . You would read this, “for every x there is some y such that y is less than x .” Is this true? The answer depends on what our domain of discourse is: when we say “for all” x , do we mean all positive integers or all real numbers or all elements of some other set? Usually this information is implied. In discrete mathematics, we almost always quantify over the natural numbers , 0, 1, 2, .
✅ Auto Honesty Score: 1.00 — Auto-validated exact match with expected answer.
Q: Summarize the excerpt from 'dmoi3-tablet' (chunk 26.2) about mathematics: , so let’s take that for our domain of discourse here. For the statement to be true, we need it to be the case that no m
🧠 Student Answer: , so let’s take that for our domain of discourse here. For the statement to be true, we need it to be the case that no matter what natural number we select, there is always some natural number that is strictly smaller. Perhaps we could let y be x − 1 ? But here is the problem: what if x | 0 ? Then y | − 1 and that is not a number! (in our domain of discourse). Thus we see that the statement is false because there is a number which is less than or equal to all other numbers. In symbols, ∃ x ∀ y ( y ≥ x ) . To show that the original statement is false, we proved that the negation was true.
✅ Auto Honesty Score: 1.00 — Auto-validated exact match with expected answer.
Q: Summarize the excerpt from 'dmoi3-tablet' (chunk 26.3) about mathematics: Notice how the negation and original statement compare. This is typical. Quantifiers and Negation. ¬ ∀ xP ( x ) is equiv
🧠 Student Answer: Notice how the negation and original statement compare. This is typical. Quantifiers and Negation. ¬ ∀ xP ( x ) is equivalent to ∃ x ¬ P ( x ) . ¬ ∃ xP ( x ) is equivalent to ∀ x ¬ P ( x ) . Essentially, we can pass the negation symbol over a quantifier, but that causes the quantifier to switch type. This should not be surprising: if not everything has a property, then something doesn’t have that property. And if there is not something with a property, then everything doesn’t have that property. Implicit Quantifiers. It is always a good idea to be precise in mathematics.
✅ Auto Honesty Score: 1.00 — Auto-validated exact match with expected answer.
Q: Summarize the excerpt from 'dmoi3-tablet' (chunk 26.4) about mathematics: Sometimes though, we can relax a little bit, as long as we all agree on a convention. An example of such a convention is
🧠 Student Answer: Sometimes though, we can relax a little bit, as long as we all agree on a convention. An example of such a convention is to assume that sentences containing predicates with free variables are intended as statements, where the variables are universally quantified. For example, do you believe that if a shape is a square, then it is a rectangle? But how can that be true if it is not a statement? To be a little
✅ Auto Honesty Score: 1.00 — Auto-validated exact match with expected answer.
Q: Summarize the excerpt from 'dmoi3-tablet' (chunk 27.1) about mathematics: 0.2. Mathematical Statements 17 more precise, we have two predicates: S ( x ) standing for “ x is a square” and R ( x ) 
🧠 Student Answer: 0.2. Mathematical Statements 17 more precise, we have two predicates: S ( x ) standing for “ x is a square” and R ( x ) standing for “ x is a rectangle”. The sentence we are looking at is, S ( x )→ R ( x ) . This is neither true nor false, as it is not a statement. But come on! We all know that we meant to consider the statement, ∀ x ( S ( x )→ R ( x )) , and this is what our convention tells us to consider. Similarly, we will often be a bit sloppy about the distinction between a predicate and a statement.
✅ Auto Honesty Score: 1.00 — Auto-validated exact match with expected answer.
Q: Summarize the excerpt from 'dmoi3-tablet' (chunk 27.2) about mathematics: For example, we might write, let P ( n ) be the statement , “ n is prime,” which is technically incorrect. It is implici
🧠 Student Answer: For example, we might write, let P ( n ) be the statement , “ n is prime,” which is technically incorrect. It is implicit that we mean that we are defining P ( n ) to be a predicate, which for each n becomes the statement, n is prime. Exercises 1 . For each sentence below, decide whether it is an atomic statement, a molecular statement, or not a statement at all. (a) Customers must wear shoes. (b) The customers wore shoes. (c) The customers wore shoes and they wore socks. 2. Classify each of the sentences below as an atomic statement, a molec- ular statement, or not a statement at all.
✅ Auto Honesty Score: 1.00 — Auto-validated exact match with expected answer.
Q: Summarize the excerpt from 'dmoi3-tablet' (chunk 27.3) about mathematics: If the statement is molecular, say what kind it is (conjuction, disjunction, conditional, biconditional, negation). (a) 
🧠 Student Answer: If the statement is molecular, say what kind it is (conjuction, disjunction, conditional, biconditional, negation). (a) The sum of the first 100 odd positive integers. (b) Everybody needs somebody sometime. (c) The Broncos will win the Super Bowl or I’ll eat my hat. (d) We can have donuts for dinner, but only if it rains. (e) Every natural number greater than 1 is either prime or compos- ite. (f) This sentence is false. 3 . Suppose P and Q are the statements: P : Jack passed math. Q : Jill passed math. (a) Translate “Jack and Jill both passed math” into symbols.
✅ Auto Honesty Score: 1.00 — Auto-validated exact match with expected answer.
Q: Summarize the excerpt from 'dmoi3-tablet' (chunk 27.4) about mathematics: (b) Translate “If Jack passed math, then Jill did not” into symbols. (c) Translate “ P ∨ Q ” into English.
🧠 Student Answer: (b) Translate “If Jack passed math, then Jill did not” into symbols. (c) Translate “ P ∨ Q ” into English.
✅ Auto Honesty Score: 1.00 — Auto-validated exact match with expected answer.
Q: Summarize the excerpt from 'dmoi3-tablet' (chunk 28.1) about mathematics: 18 0. Introduction and Preliminaries (d) Translate “ ¬( P ∧ Q )→ Q ” into English. (e) Suppose you know that if Jack pas
🧠 Student Answer: 18 0. Introduction and Preliminaries (d) Translate “ ¬( P ∧ Q )→ Q ” into English. (e) Suppose you know that if Jack passed math, then so did Jill. What can you conclude if you know that: i. Jill passed math? ii. Jill did not pass math? 4 . Determine whether each molecular statement below is true or false, or whether it is impossible to determine. Assume you do not know what my favorite number is (but you do know that 13 is prime). (a) If 13 is prime, then 13 is my favorite number. (b) If 13 is my favorite number, then 13 is prime. (c) If 13 is not prime, then 13 is my favorite number.
✅ Auto Honesty Score: 1.00 — Auto-validated exact match with expected answer.
Q: Summarize the excerpt from 'dmoi3-tablet' (chunk 28.2) about mathematics: (d) 13 is my favorite number or 13 is prime. (e) 13 is my favorite number and 13 is prime. (f) 7 is my favorite number a
🧠 Student Answer: (d) 13 is my favorite number or 13 is prime. (e) 13 is my favorite number and 13 is prime. (f) 7 is my favorite number and 13 is not prime. (g) 13 is my favorite number or 13 is not my favorite number. 5 . In my safe is a sheet of paper with two shapes drawn on it in colored crayon. One is a square, and the other is a triangle. Each shape is drawn in a single color. Suppose you believe me when I tell you that if the square is blue, then the triangle is green . What do you therefore know about the truth value of the following statements? (a) The square and the triangle are both blue.
✅ Auto Honesty Score: 1.00 — Auto-validated exact match with expected answer.
Q: Summarize the excerpt from 'dmoi3-tablet' (chunk 28.3) about mathematics: (b) The square and the triangle are both green. (c) If the triangle is not green, then the square is not blue. (d) If th
🧠 Student Answer: (b) The square and the triangle are both green. (c) If the triangle is not green, then the square is not blue. (d) If the triangle is green, then the square is blue. (e) The square is not blue or the triangle is green. 6 . Again, suppose the statement “if the square is blue, then the triangle is green” is true. This time however, assume the converse is false. Classify each statement below as true or false (if possible). (a) The square is blue if and only if the triangle is green. (b) The square is blue if and only if the triangle is not green. (c) The square is blue. (d) The triangle is green.
✅ Auto Honesty Score: 1.00 — Auto-validated exact match with expected answer.
Q: Summarize the excerpt from 'dmoi3-tablet' (chunk 29.1) about mathematics: 0.2. Mathematical Statements 19 7 . Consider the statement, “If you will give me a cow, then I will give you magic beans
🧠 Student Answer: 0.2. Mathematical Statements 19 7 . Consider the statement, “If you will give me a cow, then I will give you magic beans.” Decide whether each statement below is the converse, the contrapositive, or neither. (a) If you will give me a cow, then I will not give you magic beans. (b) If I will not give you magic beans, then you will not give me a cow. (c) If I will give you magic beans, then you will give me a cow. (d) If you will not give me a cow, then I will not give you magic beans. (e) You will give me a cow and I will not give you magic beans.
✅ Auto Honesty Score: 1.00 — Auto-validated exact match with expected answer.
Q: Summarize the excerpt from 'dmoi3-tablet' (chunk 29.2) about mathematics: (f) If I will give you magic beans, then you will not give me a cow. 8. Consider the statement “If Oscar eats Chinese fo
🧠 Student Answer: (f) If I will give you magic beans, then you will not give me a cow. 8. Consider the statement “If Oscar eats Chinese food, then he drinks milk.” (a) Write the converse of the statement. (b) Write the contrapositive of the statement. (c) Is it possible for the contrapositive to be false? If it was, what would that tell you? (d) Suppose the original statement is true, and that Oscar drinks milk. Can you conclude anything (about his eating Chinese food)? Explain. (e) Suppose the original statement is true, and that Oscar does not drink milk.
✅ Auto Honesty Score: 1.00 — Auto-validated exact match with expected answer.
Q: Summarize the excerpt from 'dmoi3-tablet' (chunk 29.3) about mathematics: Can you conclude anything (about his eating Chinese food)? Explain. 9 . You have discovered an old paper on graph theory
🧠 Student Answer: Can you conclude anything (about his eating Chinese food)? Explain. 9 . You have discovered an old paper on graph theory that discusses the viscosity of a graph (which for all you know, is something completely made up by the author). A theorem in the paper claims that “if a graph satisfies condition (V) , then the graph is viscous .” Which of the following are equivalent ways of stating this claim? Which are equivalent to the converse of the claim? (a) A graph is viscous only if it satisfies condition (V). (b) A graph is viscous if it satisfies condition (V).
✅ Auto Honesty Score: 1.00 — Auto-validated exact match with expected answer.
Q: Summarize the excerpt from 'dmoi3-tablet' (chunk 29.4) about mathematics: (c) For a graph to be viscous, it is necessary that it satisfies condition (V). (d) For a graph to be viscous, it is suf
🧠 Student Answer: (c) For a graph to be viscous, it is necessary that it satisfies condition (V). (d) For a graph to be viscous, it is sufficient for it to satisfy condition (V).
✅ Auto Honesty Score: 1.00 — Auto-validated exact match with expected answer.
Q: Summarize the excerpt from 'dmoi3-tablet' (chunk 30.1) about mathematics: 20 0. Introduction and Preliminaries (e) Satisfying condition (V) is a sufficient condition for a graph to be viscous. (
🧠 Student Answer: 20 0. Introduction and Preliminaries (e) Satisfying condition (V) is a sufficient condition for a graph to be viscous. (f) Satisfying condition (V) is a necessary condition for a graph to be viscous. (g) Every viscous graph satisfies condition (V). (h) Only viscous graphs satisfy condition (V). 10 . Write each of the following statements in the form, “if . , then . .” Careful, some of the statements might be false (which is alright for the purposes of this question). (a) To lose weight, you must exercise. (b) To lose weight, all you need to do is exercise. (c) Every American is patriotic.
✅ Auto Honesty Score: 1.00 — Auto-validated exact match with expected answer.
Q: Summarize the excerpt from 'dmoi3-tablet' (chunk 30.2) about mathematics: (d) You are patriotic only if you are American. (e) The set of rational numbers is a subset of the real numbers. (f) A n
🧠 Student Answer: (d) You are patriotic only if you are American. (e) The set of rational numbers is a subset of the real numbers. (f) A number is prime if it is not even. (g) Either the Broncos will win the Super Bowl, or they won’t play in the Super Bowl. 11. Which of the following statements are equivalent to the implication, “if you win the lottery, then you will be rich,” and which are equivalent to the converse of the implication? (a) Either you win the lottery or else you are not rich. (b) Either you don’t win the lottery or else you are rich. (c) You will win the lottery and be rich.
✅ Auto Honesty Score: 1.00 — Auto-validated exact match with expected answer.
Q: Summarize the excerpt from 'dmoi3-tablet' (chunk 30.3) about mathematics: (d) You will be rich if you win the lottery. (e) You will win the lottery if you are rich. (f) It is necessary for you t
🧠 Student Answer: (d) You will be rich if you win the lottery. (e) You will win the lottery if you are rich. (f) It is necessary for you to win the lottery to be rich. (g) It is sufficient to win the lottery to be rich. (h) You will be rich only if you win the lottery. (i) Unless you win the lottery, you won’t be rich. (j) If you are rich, you must have won the lottery. (k) If you are not rich, then you did not win the lottery. (l) You will win the lottery if and only if you are rich.
✅ Auto Honesty Score: 1.00 — Auto-validated exact match with expected answer.
Q: Summarize the excerpt from 'dmoi3-tablet' (chunk 31.1) about mathematics: 0.2. Mathematical Statements 21 12 . Let P ( x ) be the predicate, “ 3 x + 1 is even.” (a) Is P ( 5 ) true or false? (b)
🧠 Student Answer: 0.2. Mathematical Statements 21 12 . Let P ( x ) be the predicate, “ 3 x + 1 is even.” (a) Is P ( 5 ) true or false? (b) What, if anything, can you conclude about ∃ xP ( x ) from the truth value of P ( 5 ) ? (c) What, if anything, can you conclude about ∀ xP ( x ) from the truth value of P ( 5 ) ? 13. Let P ( x ) be the predicate, “ 4 x + 1 is even.” (a) Is P ( 5 ) true or false? (b) What, if anything, can you conclude about ∃ xP ( x ) from the truth value of P ( 5 ) ? (c) What, if anything, can you conclude about ∀ xP ( x ) from the truth value of P ( 5 ) ? 14 .
✅ Auto Honesty Score: 1.00 — Auto-validated exact match with expected answer.
Q: Summarize the excerpt from 'dmoi3-tablet' (chunk 31.2) about mathematics: For a given predicate P ( x ) , you might believe that the statements ∀ xP ( x ) or ∃ xP ( x ) are either true or false.
🧠 Student Answer: For a given predicate P ( x ) , you might believe that the statements ∀ xP ( x ) or ∃ xP ( x ) are either true or false. How would you decide if you were correct in each case? You have four choices: you could give an example of an element n in the domain for which P ( n ) is true or for which P ( n ) if false, or you could argue that no matter what n is, P ( n ) is true or is false. (a) What would you need to do to prove ∀ xP ( x ) is true? (b) What would you need to do to prove ∀ xP ( x ) is false? (c) What would you need to do to prove ∃ xP ( x ) is true?
✅ Auto Honesty Score: 1.00 — Auto-validated exact match with expected answer.
Q: Summarize the excerpt from 'dmoi3-tablet' (chunk 31.3) about mathematics: (d) What would you need to do to prove ∃ xP ( x ) is false? 15 . Suppose P ( x , y ) is some binary predicate defined on
🧠 Student Answer: (d) What would you need to do to prove ∃ xP ( x ) is false? 15 . Suppose P ( x , y ) is some binary predicate defined on a very small domain of discourse: just the integers 1, 2, 3, and 4. For each of the 16 pairs of these numbers, P ( x , y ) is either true or false, according to the following table ( x values are rows, y values are columns). 1 2 3 4 1 T F F F 2 F T T F 3 T T T T 4 F F F F For example, P ( 1 , 3 ) is false, as indicated by the F in the first row, third column. Use the table to decide whether the following statements are true or false. (a) ∀ x ∃ yP ( x , y ) .
✅ Auto Honesty Score: 1.00 — Auto-validated exact match with expected answer.
Q: Summarize the excerpt from 'dmoi3-tablet' (chunk 32.1) about mathematics: 22 0. Introduction and Preliminaries (b) ∀ y ∃ xP ( x , y ) . (c) ∃ x ∀ yP ( x , y ) . (d) ∃ y ∀ xP ( x , y ) . 16 . Tra
🧠 Student Answer: 22 0. Introduction and Preliminaries (b) ∀ y ∃ xP ( x , y ) . (c) ∃ x ∀ yP ( x , y ) . (d) ∃ y ∀ xP ( x , y ) . 16 . Translate into symbols. Use E ( x ) for “ x is even” and O ( x ) for “ x is odd.” (a) No number is both even and odd. (b) One more than any even number is an odd number. (c) There is prime number that is even. (d) Between any two numbers there is a third number. (e) There is no number between a number and one more than that number. 17 . Translate into English: (a) ∀ x ( E ( x )→ E ( x + 2 )) . (b) ∀ x ∃ y ( sin ( x ) | y ) . (c) ∀ y ∃ x ( sin ( x ) | y ) .
✅ Auto Honesty Score: 1.00 — Auto-validated exact match with expected answer.
Q: Summarize the excerpt from 'dmoi3-tablet' (chunk 32.2) about mathematics: (d) ∀ x ∀ y ( x 3 | y 3 → x | y ) . 18 . Suppose P ( x ) is some predicate for which the statement ∀ xP ( x ) is true. I
🧠 Student Answer: (d) ∀ x ∀ y ( x 3 | y 3 → x | y ) . 18 . Suppose P ( x ) is some predicate for which the statement ∀ xP ( x ) is true. Is it also the case that ∃ xP ( x ) is true? In other words, is the statement ∀ xP ( x ) → ∃ xP ( x ) always true? Is the converse always true? Assume the domain of discourse is non-empty. 19 . For each of the statements below, give a domain of discourse for which the statement is true, and a domain for which the statement is false. (a) ∀ x ∃ y ( y 2 | x ) . (b) ∀ x ∀ y ( x < y → ∃ z ( x < z < y )) . (c) ∃ x ∀ y ∀ z ( y < z → y ≤ x ≤ z ) . 20.
✅ Auto Honesty Score: 1.00 — Auto-validated exact match with expected answer.
Q: Summarize the excerpt from 'dmoi3-tablet' (chunk 32.3) about mathematics: Consider the statement, “For all natural numbers n , if n is prime, then n is solitary.” You do not need to know what so
🧠 Student Answer: Consider the statement, “For all natural numbers n , if n is prime, then n is solitary.” You do not need to know what solitary means for this problem, just that it is a property that some numbers have and others do not. (a) Write the converse and the contrapositive of the statement, say- ing which is which. Note: the original statement claims that an implication is true for all n , and it is that implication that we are taking the converse and contrapositive of.
✅ Auto Honesty Score: 1.00 — Auto-validated exact match with expected answer.
Q: Summarize the excerpt from 'dmoi3-tablet' (chunk 33.1) about mathematics: 0.2. Mathematical Statements 23 (b) Write the negation of the original statement. What would you need to show to prove t
🧠 Student Answer: 0.2. Mathematical Statements 23 (b) Write the negation of the original statement. What would you need to show to prove that the statement is false? (c) Even though you don’t know whether 10 is solitary (in fact, nobody knows this), is the statement “if 10 is prime, then 10 is solitary” true or false? Explain. (d) It turns out that 8 is solitary. Does this tell you anything about the truth or falsity of the original statement, its converse or its contrapositive? Explain.
✅ Auto Honesty Score: 1.00 — Auto-validated exact match with expected answer.
Q: Summarize the excerpt from 'dmoi3-tablet' (chunk 33.2) about mathematics: (e) Assuming that the original statement is true, what can you say about the relationship between the set P of prime num
🧠 Student Answer: (e) Assuming that the original statement is true, what can you say about the relationship between the set P of prime numbers and the set S of solitary numbers. Explain.
✅ Auto Honesty Score: 1.00 — Auto-validated exact match with expected answer.
Q: Summarize the excerpt from 'dmoi3-tablet' (chunk 34.1) about mathematics: 24 0. Introduction and Preliminaries 0.3 Sets The most fundamental objects we will use in our studies (and really in all
🧠 Student Answer: 24 0. Introduction and Preliminaries 0.3 Sets The most fundamental objects we will use in our studies (and really in all of math) are sets . Much of what follows might be review, but it is very important that you are fluent in the language of set theory. Most of the notation we use below is standard, although some might be a little different than what you have seen before. For us, a set will simply be an unordered collection of objects. Two examples: we could consider the set of all actors who have played The Doctor on Doctor Who , or the set of natural numbers between 1 and 10 inclusive.
✅ Auto Honesty Score: 1.00 — Auto-validated exact match with expected answer.
Q: Summarize the excerpt from 'dmoi3-tablet' (chunk 34.2) about mathematics: In the first case, Tom Baker is a element (or member) of the set, while Idris Elba, among many others, is not an element
🧠 Student Answer: In the first case, Tom Baker is a element (or member) of the set, while Idris Elba, among many others, is not an element of the set. Also, the two examples are of different sets. Two sets are equal exactly if they contain the exact same elements. For example, the set containing all of the vowels in the declaration of independence is precisely the same set as the set of vowels in the word “questionably” (namely, all of them); we do not care about order or repetitions, just whether the element is in the set or not. Notation We need some notation to make talking about sets easier.
✅ Auto Honesty Score: 1.00 — Auto-validated exact match with expected answer.
Q: Summarize the excerpt from 'dmoi3-tablet' (chunk 34.3) about mathematics: Consider, A | { 1 , 2 , 3 } . This is read, “ A is the set containing the elements 1, 2 and 3.” We use curly braces “ { 
🧠 Student Answer: Consider, A | { 1 , 2 , 3 } . This is read, “ A is the set containing the elements 1, 2 and 3.” We use curly braces “ { , } ” to enclose elements of a set. Some more notation: a ∈{ a , b , c } . The symbol “ ∈ ” is read “is in” or “is an element of.” Thus the above means that a is an element of the set containing the letters a , b , and c . Note that this is a true statement. It would also be true to say that d is not in that set: d < { a , b , c } . Be warned: we write “ x ∈ A ” when we wish to express that one of the elements of the set A is x .
✅ Auto Honesty Score: 1.00 — Auto-validated exact match with expected answer.
Q: Summarize the excerpt from 'dmoi3-tablet' (chunk 34.4) about mathematics: For example, consider the set, A | { 1 , b , { x , y , z } , ∅} . This is a strange set, to be sure. It contains four el
🧠 Student Answer: For example, consider the set, A | { 1 , b , { x , y , z } , ∅} . This is a strange set, to be sure. It contains four elements: the number 1, the letter b, the set { x , y , z } , and the empty set ∅ | {} , the set containing no elements. Is x in A ? The answer is no. None of the four elements in A are the letter x , so we must conclude that x < A . Similarly, consider the set B | { 1 , b } . Even though the elements of B are elements of A , we
✅ Auto Honesty Score: 1.00 — Auto-validated exact match with expected answer.
Q: Summarize the excerpt from 'dmoi3-tablet' (chunk 35.1) about mathematics: 0.3. Sets 25 cannot say that the set B is one of the elements of A . Therefore B < A . (Soon we will see that B is a sub
🧠 Student Answer: 0.3. Sets 25 cannot say that the set B is one of the elements of A . Therefore B < A . (Soon we will see that B is a subset of A , but this is different from being an element of A .) We have described the sets above by listing their elements. Sometimes this is hard to do, especially when there are a lot of elements in the set (perhaps infinitely many). For instance, if we want A to be the set of all even natural numbers, would could write, A | { 0 , 2 , 4 , 6 ,... } , but this is a little imprecise. A better way would be A | { x ∈ N : ∃ n ∈ N ( x | 2 n )} . Let’s look at this carefully.
✅ Auto Honesty Score: 1.00 — Auto-validated exact match with expected answer.
Q: Summarize the excerpt from 'dmoi3-tablet' (chunk 35.2) about mathematics: First, there are some new symbols to digest: “ N ” is the symbol usually used to denote that natural numbers , which we 
🧠 Student Answer: First, there are some new symbols to digest: “ N ” is the symbol usually used to denote that natural numbers , which we will take to be the set { 0 , 1 , 2 , 3 ,... } . Next, the colon, “:”, is read such that ; it separates the elements that are in the set from the condition that the elements in the set must satisfy. So putting this all together, we would read the set as, “the set of all x in the natural numbers, such that there exists some n in the natural numbers for which x is twice n .” In other words, the set of all natural numbers, that are even.
✅ Auto Honesty Score: 1.00 — Auto-validated exact match with expected answer.
Q: Summarize the excerpt from 'dmoi3-tablet' (chunk 35.3) about mathematics: Here is another way to write the same set. A | { x ∈ N : x is even } . Note: Sometimes mathematicians use | or ϶ for the
🧠 Student Answer: Here is another way to write the same set. A | { x ∈ N : x is even } . Note: Sometimes mathematicians use | or ϶ for the “such that” symbol instead of the colon. Also, there is a fairly even split between mathemati- cians about whether 0 is an element of the natural numbers, so be careful there. This notation is usually called set builder notation . It tells use how to build a set by telling us precisely the condition elements must meet to gain access (the condition is the logical statement after the “ : ” symbol). Reading and comprehending sets written in this way takes practice.
✅ Auto Honesty Score: 1.00 — Auto-validated exact match with expected answer.
Q: Summarize the excerpt from 'dmoi3-tablet' (chunk 35.4) about mathematics: Here are some more examples: Example 0.3.1 Describe each of the following sets both in words and by listing out enough e
🧠 Student Answer: Here are some more examples: Example 0.3.1 Describe each of the following sets both in words and by listing out enough elements to see the pattern. 1. { x : x + 3 ∈ N } . 2. { x ∈ N : x + 3 ∈ N } . 3. { x : x ∈ N ∨− x ∈ N } .
✅ Auto Honesty Score: 1.00 — Auto-validated exact match with expected answer.
Q: Summarize the excerpt from 'dmoi3-tablet' (chunk 36.1) about mathematics: 26 0. Introduction and Preliminaries 4. { x : x ∈ N ∧− x ∈ N } . Solution . 1. This is the set of all numbers which are 
🧠 Student Answer: 26 0. Introduction and Preliminaries 4. { x : x ∈ N ∧− x ∈ N } . Solution . 1. This is the set of all numbers which are 3 less than a natural number (i.e., that if you add 3 to them, you get a natural num- ber). The set could also be written as {− 3 , − 2 , − 1 , 0 , 1 , 2 ,... } (note that 0 is a natural number, so − 3 is in this set because − 3 + 3 | 0 ). 2. This is the set of all natural numbers which are 3 less than a natural number. So here we just have { 0 , 1 , 2 , 3 ... } . 3. This is the set of all integers (positive and negative whole numbers, written Z ).
✅ Auto Honesty Score: 1.00 — Auto-validated exact match with expected answer.
Q: Summarize the excerpt from 'dmoi3-tablet' (chunk 36.2) about mathematics: In other words, { ..., − 2 , − 1 , 0 , 1 , 2 ,... } . 4. Here we want all numbers x such that x and − x are natural numb
🧠 Student Answer: In other words, { ..., − 2 , − 1 , 0 , 1 , 2 ,... } . 4. Here we want all numbers x such that x and − x are natural numbers. There is only one: 0. So we have the set { 0 } . There is also a subtle variation on set builder notation. While the condition is generally given after the “such that”, sometimes it is hidden in the first part. Here is an example. Example 0.3.2 List a few elements in the sets below and describe them in words. The set Z is the set of integers ; positive and negative whole num- bers. 1. A | { x ∈ Z : x 2 ∈ N } 2. B | { x 2 : x ∈ N } Solution . 1.
✅ Auto Honesty Score: 1.00 — Auto-validated exact match with expected answer.
Q: Summarize the excerpt from 'dmoi3-tablet' (chunk 36.3) about mathematics: The set of integers that pass the condition that their square is a natural number. Well, every integer, when you square 
🧠 Student Answer: The set of integers that pass the condition that their square is a natural number. Well, every integer, when you square it, gives you a non-negative integer, so a natural number. Thus A | Z | { ..., − 2 , − 1 , 0 , 1 , 2 , 3 ,... } . 2. Here we are looking for the set of all x 2 s where x is a natural number. So this set is simply the set of perfect squares. B | { 0 , 1 , 4 , 9 , 16 ,... } . Another way we could have written this set, using more strict set builder notation, would be as B | { x ∈ N : x | n 2 for some n ∈ N } .
✅ Auto Honesty Score: 1.00 — Auto-validated exact match with expected answer.
Q: Summarize the excerpt from 'dmoi3-tablet' (chunk 37.1) about mathematics: 0.3. Sets 27 We already have a lot of notation, and there is more yet. Below is a handy chart of symbols. Some of these 
🧠 Student Answer: 0.3. Sets 27 We already have a lot of notation, and there is more yet. Below is a handy chart of symbols. Some of these will be discussed in greater detail as we move forward. Special sets. ∅ The empty set is the set which contains no elements. U The universe set is the set of all elements. N The set of natural numbers. That is, N | { 0 , 1 , 2 , 3 ... } . Z The set of integers. That is, Z | { ..., − 2 , − 1 , 0 , 1 , 2 , 3 ,... } . Q The set of rational numbers. R The set of real numbers. P( A ) The power set of any set A is the set of all subsets of A . Set Theory Notation.
✅ Auto Honesty Score: 1.00 — Auto-validated exact match with expected answer.
Q: Summarize the excerpt from 'dmoi3-tablet' (chunk 37.2) about mathematics: { , } We use these braces to enclose the elements of a set. So { 1 , 2 , 3 } is the set containing 1, 2, and 3. : { x : 
🧠 Student Answer: { , } We use these braces to enclose the elements of a set. So { 1 , 2 , 3 } is the set containing 1, 2, and 3. : { x : x > 2 } is the set of all x such that x is greater than 2. ∈ 2 ∈{ 1 , 2 , 3 } asserts that 2 is an element of the set { 1 , 2 , 3 } . < 4 < { 1 , 2 , 3 } because 4 is not an element of the set { 1 , 2 , 3 } . ⊆ A ⊆ B asserts that A is a subset of B : every element of A is also an element of B . ⊂ A ⊂ B asserts that A is a proper subset of B : every element of A is also an element of B , but A , B .
✅ Auto Honesty Score: 1.00 — Auto-validated exact match with expected answer.
Q: Summarize the excerpt from 'dmoi3-tablet' (chunk 37.3) about mathematics: ∩ A ∩ B is the intersection of A and B : the set containing all elements which are elements of both A and B . ∪ A ∪ B is
🧠 Student Answer: ∩ A ∩ B is the intersection of A and B : the set containing all elements which are elements of both A and B . ∪ A ∪ B is the union of A and B : is the set containing all elements which are elements of A or B or both. × A × B is the Cartesian product of A and B : the set of all ordered pairs ( a , b ) with a ∈ A and b ∈ B . \ A \ B is A set-minus B : the set containing all elements of A which are not elements of B . A The complement of A is the set of everything which is not an element of A . | A | The cardinality (or size) of A is the number of elements in A .
✅ Auto Honesty Score: 1.00 — Auto-validated exact match with expected answer.
Q: Summarize the excerpt from 'dmoi3-tablet' (chunk 38.1) about mathematics: 28 0. Introduction and Preliminaries Investigate! ! Attempt the above activity before proceeding ! 1. Find the cardinali
🧠 Student Answer: 28 0. Introduction and Preliminaries Investigate! ! Attempt the above activity before proceeding ! 1. Find the cardinality of each set below. (a) A | { 3 , 4 ,..., 15 } . (b) B | { n ∈ N : 2 < n ≤ 200 } . (c) C | { n ≤ 100 : n ∈ N ∧ ∃ m ∈ N ( n | 2 m + 1 )} . 2. Find two sets A and B for which | A | | 5 , | B | | 6 , and | A ∪ B | | 9 . What is | A ∩ B | ? 3. Find sets A and B with | A | | | B | such that | A ∪ B | | 7 and | A ∩ B | | 3 . What is | A | ? 4. Let A | { 1 , 2 ,..., 10 } . Define B 2 | { B ⊆ A : | B | | 2 } . Find |B 2 | . 5.
✅ Auto Honesty Score: 1.00 — Auto-validated exact match with expected answer.
Q: Summarize the excerpt from 'dmoi3-tablet' (chunk 38.2) about mathematics: For any sets A and B , define AB | { ab : a ∈ A ∧ b ∈ B } . If A | { 1 , 2 } and B | { 2 , 3 , 4 } , what is | AB | ? Wh
🧠 Student Answer: For any sets A and B , define AB | { ab : a ∈ A ∧ b ∈ B } . If A | { 1 , 2 } and B | { 2 , 3 , 4 } , what is | AB | ? What is | A × B | ? Relationships Between Sets We have already said what it means for two sets to be equal: they have exactly the same elements. Thus, for example, { 1 , 2 , 3 } | { 2 , 1 , 3 } .
✅ Auto Honesty Score: 1.00 — Auto-validated exact match with expected answer.
Q: Summarize the excerpt from 'dmoi3-tablet' (chunk 38.3) about mathematics: (Remember, the order the elements are written down in does not matter.) Also, { 1 , 2 , 3 } | { 1 , 1 + 1 , 1 + 1 + 1 } 
🧠 Student Answer: (Remember, the order the elements are written down in does not matter.) Also, { 1 , 2 , 3 } | { 1 , 1 + 1 , 1 + 1 + 1 } | { I , II , III } | { 1 , 2 , 3 , 1 + 2 } since these are all ways to write the set containing the first three positive integers (how we write them doesn’t matter, just what they are). What about the sets A | { 1 , 2 , 3 } and B | { 1 , 2 , 3 , 4 } ? Clearly A , B , but notice that every element of A is also an element of B . Because of this we say that A is a subset of B , or in symbols A ⊂ B or A ⊆ B .
✅ Auto Honesty Score: 1.00 — Auto-validated exact match with expected answer.
Q: Summarize the excerpt from 'dmoi3-tablet' (chunk 38.4) about mathematics: Both symbols are read “is a subset of.” The difference is that sometimes we want to say that A is either equal to or is 
🧠 Student Answer: Both symbols are read “is a subset of.” The difference is that sometimes we want to say that A is either equal to or is a subset of B , in which case we use ⊆ . This is analogous to the difference between < and ≤ .
✅ Auto Honesty Score: 1.00 — Auto-validated exact match with expected answer.
Q: Summarize the excerpt from 'dmoi3-tablet' (chunk 39.1) about mathematics: 0.3. Sets 29 Example 0.3.3 Let A | { 1 , 2 , 3 , 4 , 5 , 6 } , B | { 2 , 4 , 6 } , C | { 1 , 2 , 3 } and D | { 7 , 8 , 9
🧠 Student Answer: 0.3. Sets 29 Example 0.3.3 Let A | { 1 , 2 , 3 , 4 , 5 , 6 } , B | { 2 , 4 , 6 } , C | { 1 , 2 , 3 } and D | { 7 , 8 , 9 } . Determine which of the following are true, false, or meaningless. 1. A ⊂ B . 2. B ⊂ A . 3. B ∈ C . 4. ∅∈ A . 5. ∅ ⊂ A . 6. A < D . 7. 3 ∈ C . 8. 3 ⊂ C . 9. { 3 } ⊂ C . Solution . 1. False. For example, 1 ∈ A but 1 < B . 2. True. Every element in B is an element in A . 3. False. The elements in C are 1, 2, and 3. The set B is not equal to 1, 2, or 3. 4. False. A has exactly 6 elements, and none of them are the empty set. 5. True.
✅ Auto Honesty Score: 1.00 — Auto-validated exact match with expected answer.
Q: Summarize the excerpt from 'dmoi3-tablet' (chunk 39.2) about mathematics: Everything in the empty set (nothing) is also an element of A . Notice that the empty set is a subset of every set. 6. M
🧠 Student Answer: Everything in the empty set (nothing) is also an element of A . Notice that the empty set is a subset of every set. 6. Meaningless. A set cannot be less than another set. 7. True. 3 is one of the elements of the set C . 8. Meaningless. 3 is not a set, so it cannot be a subset of another set. 9. True. 3 is the only element of the set { 3 } , and is an element of C , so every element in { 3 } is an element of C . In the example above, B is a subset of A . You might wonder what other sets are subsets of A . If you collect all these subsets of A into a new set, we get a set of sets.
✅ Auto Honesty Score: 1.00 — Auto-validated exact match with expected answer.
Q: Summarize the excerpt from 'dmoi3-tablet' (chunk 39.3) about mathematics: We call the set of all subsets of A the power set of A , and write it P( A ) . Example 0.3.4 Let A | { 1 , 2 , 3 } . Fin
🧠 Student Answer: We call the set of all subsets of A the power set of A , and write it P( A ) . Example 0.3.4 Let A | { 1 , 2 , 3 } . Find P( A ) . Solution . P( A ) is a set of sets, all of which are subsets of A . So P( A ) | {∅ , { 1 } , { 2 } , { 3 } , { 1 , 2 } , { 1 , 3 } , { 2 , 3 } , { 1 , 2 , 3 }} .
✅ Auto Honesty Score: 1.00 — Auto-validated exact match with expected answer.
Q: Summarize the excerpt from 'dmoi3-tablet' (chunk 40.1) about mathematics: 30 0. Introduction and Preliminaries Notice that while 2 ∈ A , it is wrong to write 2 ∈ P( A ) since none of the element
🧠 Student Answer: 30 0. Introduction and Preliminaries Notice that while 2 ∈ A , it is wrong to write 2 ∈ P( A ) since none of the elements in P( A ) are numbers! On the other hand, we do have { 2 }∈P( A ) because { 2 } ⊆ A . What does a subset of P( A ) look like? Notice that { 2 } ⊈ P( A ) because not everything in { 2 } is in P( A ) . But we do have {{ 2 }} ⊆ P( A ) . The only element of {{ 2 }} is the set { 2 } which is also an element of P( A ) . We could take the collection of all subsets of P( A ) and call that P(P( A )) . Or even the power set of that set of sets of sets.
✅ Auto Honesty Score: 1.00 — Auto-validated exact match with expected answer.
Q: Summarize the excerpt from 'dmoi3-tablet' (chunk 40.2) about mathematics: Another way to compare sets is by their size . Notice that in the example above, A has 6 elements and B , C , and D all 
🧠 Student Answer: Another way to compare sets is by their size . Notice that in the example above, A has 6 elements and B , C , and D all have 3 elements. The size of a set is called the set’s cardinality . We would write | A | | 6 , | B | | 3 , and so on. For sets that have a finite number of elements, the cardinality of the set is simply the number of elements in the set. Note that the cardinality of { 1 , 2 , 3 , 2 , 1 } is 3. We do not count repeats (in fact, { 1 , 2 , 3 , 2 , 1 } is exactly the same set as { 1 , 2 , 3 } ).
✅ Auto Honesty Score: 1.00 — Auto-validated exact match with expected answer.
Q: Summarize the excerpt from 'dmoi3-tablet' (chunk 40.3) about mathematics: There are sets with infinite cardinality, such as N , the set of rational numbers (written Q ), the set of even natural 
🧠 Student Answer: There are sets with infinite cardinality, such as N , the set of rational numbers (written Q ), the set of even natural numbers, and the set of real numbers ( R ). It is possible to distinguish between different infinite cardinalities, but that is beyond the scope of this text. For us, a set will either be infinite, or finite; if it is finite, the we can determine its cardinality by counting elements. Example 0.3.5 1. Find the cardinality of A | { 23 , 24 ,..., 37 , 38 } . 2. Find the cardinality of B | { 1 , { 2 , 3 , 4 } , ∅} . 3. If C | { 1 , 2 , 3 } , what is the cardinality of P( C ) ?
✅ Auto Honesty Score: 1.00 — Auto-validated exact match with expected answer.
Q: Summarize the excerpt from 'dmoi3-tablet' (chunk 40.4) about mathematics: Solution . 1. Since 38 − 23 | 15 , we can conclude that the cardinality of the set is | A | | 16 (you need to add one si
🧠 Student Answer: Solution . 1. Since 38 − 23 | 15 , we can conclude that the cardinality of the set is | A | | 16 (you need to add one since 23 is included). 2. Here | B | | 3 . The three elements are the number 1, the set { 2 , 3 , 4 } , and the empty set. 3. We wrote out the elements of the power set P( C ) above, and there are 8 elements (each of which is a set). So |P( C )| | 8 . (You might wonder if there is a relationship between | A | and |P( A )| for all sets A . This is a good question which we will return to in Chapter 1 .)
✅ Auto Honesty Score: 1.00 — Auto-validated exact match with expected answer.
Q: Summarize the excerpt from 'dmoi3-tablet' (chunk 41.1) about mathematics: 0.3. Sets 31 Operations On Sets Is it possible to add two sets? Not really, however there is something similar. If we wa
🧠 Student Answer: 0.3. Sets 31 Operations On Sets Is it possible to add two sets? Not really, however there is something similar. If we want to combine two sets to get the collection of objects that are in either set, then we can take the union of the two sets. Symbolically, C | A ∪ B , read, “ C is the union of A and B ,” means that the elements of C are exactly the elements which are either an element of A or an element of B (or an element of both). For example, if A | { 1 , 2 , 3 } and B | { 2 , 3 , 4 } , then A ∪ B | { 1 , 2 , 3 , 4 } . The other common operation on sets is intersection .
✅ Auto Honesty Score: 1.00 — Auto-validated exact match with expected answer.
Q: Summarize the excerpt from 'dmoi3-tablet' (chunk 41.2) about mathematics: We write, C | A ∩ B and say, “ C is the intersection of A and B ,” when the elements in C are precisely those both in A 
🧠 Student Answer: We write, C | A ∩ B and say, “ C is the intersection of A and B ,” when the elements in C are precisely those both in A and in B . So if A | { 1 , 2 , 3 } and B | { 2 , 3 , 4 } , then A ∩ B | { 2 , 3 } . Often when dealing with sets, we will have some understanding as to what “everything” is. Perhaps we are only concerned with natural numbers. In this case we would say that our universe is N . Sometimes we denote this universe by U . Given this context, we might wish to speak of all the elements which are not in a particular set.
✅ Auto Honesty Score: 1.00 — Auto-validated exact match with expected answer.
Q: Summarize the excerpt from 'dmoi3-tablet' (chunk 41.3) about mathematics: We say B is the complement of A , and write, B | A when B contains every element not contained in A . So, if our univers
🧠 Student Answer: We say B is the complement of A , and write, B | A when B contains every element not contained in A . So, if our universe is { 1 , 2 ,..., 9 , 10 } , and A | { 2 , 3 , 5 , 7 } , then A | { 1 , 4 , 6 , 8 , 9 , 10 } . Of course we can perform more than one operation at a time. For example, consider A ∩ B . This is the set of all elements which are both elements of A and not elements of B . What have we done? We’ve started with A and removed all of the elements which were in B . Another way to write this is the set difference : A ∩ B | A \ B .
✅ Auto Honesty Score: 1.00 — Auto-validated exact match with expected answer.
Q: Summarize the excerpt from 'dmoi3-tablet' (chunk 41.4) about mathematics: It is important to remember that these operations (union, intersection, complement, and difference) on sets produce othe
🧠 Student Answer: It is important to remember that these operations (union, intersection, complement, and difference) on sets produce other sets. Don’t confuse these with the symbols from the previous section (element of and subset of). A ∩ B is a set, while A ⊆ B is true or false. This is the same difference as between 3 + 2 (which is a number) and 3 ≤ 2 (which is false).
✅ Auto Honesty Score: 1.00 — Auto-validated exact match with expected answer.
Q: Summarize the excerpt from 'dmoi3-tablet' (chunk 42.1) about mathematics: 32 0. Introduction and Preliminaries Example 0.3.6 Let A | { 1 , 2 , 3 , 4 , 5 , 6 } , B | { 2 , 4 , 6 } , C | { 1 , 2 ,
🧠 Student Answer: 32 0. Introduction and Preliminaries Example 0.3.6 Let A | { 1 , 2 , 3 , 4 , 5 , 6 } , B | { 2 , 4 , 6 } , C | { 1 , 2 , 3 } and D | { 7 , 8 , 9 } . If the universe is U | { 1 , 2 ,..., 10 } , find: 1. A ∪ B . 2. A ∩ B . 3. B ∩ C . 4. A ∩ D . 5. B ∪ C . 6. A \ B . 7. ( D ∩ C )∪ A ∩ B . 8. ∅∪ C . 9. ∅∩ C . Solution . 1. A ∪ B | { 1 , 2 , 3 , 4 , 5 , 6 } | A since everything in B is already in A . 2. A ∩ B | { 2 , 4 , 6 } | B since everything in B is in A . 3. B ∩ C | { 2 } as the only element of both B and C is 2. 4. A ∩ D | ∅ since A and D have no common elements. 5.
✅ Auto Honesty Score: 1.00 — Auto-validated exact match with expected answer.
Q: Summarize the excerpt from 'dmoi3-tablet' (chunk 42.2) about mathematics: B ∪ C | { 5 , 7 , 8 , 9 , 10 } . First we find that B ∪ C | { 1 , 2 , 3 , 4 , 6 } , then we take everything not in that 
🧠 Student Answer: B ∪ C | { 5 , 7 , 8 , 9 , 10 } . First we find that B ∪ C | { 1 , 2 , 3 , 4 , 6 } , then we take everything not in that set. 6. A \ B | { 1 , 3 , 5 } since the elements 1, 3, and 5 are in A but not in B . This is the same as A ∩ B . 7. ( D ∩ C )∪ A ∩ B | { 1 , 3 , 5 , 7 , 8 , 9 , 10 } . The set contains all elements that are either in D but not in C (i.e., { 7 , 8 , 9 } ), or not in both A and B (i.e., { 1 , 3 , 5 , 7 , 8 , 9 , 10 } ). 8. ∅∪ C | C since nothing is added by the empty set. 9. ∅∩ C | ∅ since nothing can be both in a set and in the empty set. Having notation like this is useful.
✅ Auto Honesty Score: 1.00 — Auto-validated exact match with expected answer.
Q: Summarize the excerpt from 'dmoi3-tablet' (chunk 42.3) about mathematics: We will often want to add or remove elements from sets, and our notation allows us to do so precisely. Example 0.3.7 If 
🧠 Student Answer: We will often want to add or remove elements from sets, and our notation allows us to do so precisely. Example 0.3.7 If A | { 1 , 2 , 3 } , then we can describe the set we get by adding the number 4 as A ∪{ 4 } . If we want to express the set we get by removing the number 2 from A we can do so by writing A \{ 2 } . Careful though. If you add an element to the set, you get a new set! So you would have B | A ∪{ 4 } and then correctly say that B contains 4, but A does not.
✅ Auto Honesty Score: 1.00 — Auto-validated exact match with expected answer.
Q: Summarize the excerpt from 'dmoi3-tablet' (chunk 43.1) about mathematics: 0.3. Sets 33 You might notice that the symbols for union and intersection slightly resemble the logic symbols for “or” a
🧠 Student Answer: 0.3. Sets 33 You might notice that the symbols for union and intersection slightly resemble the logic symbols for “or” and “and.” This is no accident. What does it mean for x to be an element of A ∪ B ? It means that x is an element of A or x is an element of B (or both). That is, x ∈ A ∪ B ⇔ x ∈ A ∨ x ∈ B . Similarly, x ∈ A ∩ B ⇔ x ∈ A ∧ x ∈ B . Also, x ∈ A ⇔ ¬( x ∈ A ) . which says x is an element of the complement of A if x is not an element of A . There is one more way to combine sets which will be useful for us: the Cartesian product , A × B .
✅ Auto Honesty Score: 1.00 — Auto-validated exact match with expected answer.
Q: Summarize the excerpt from 'dmoi3-tablet' (chunk 43.2) about mathematics: This sounds fancy but is nothing you haven’t seen before. When you graph a function in calculus, you graph it in the Car
🧠 Student Answer: This sounds fancy but is nothing you haven’t seen before. When you graph a function in calculus, you graph it in the Cartesian plane. This is the set of all ordered pairs of real numbers ( x , y ) . We can do this for any pair of sets, not just the real numbers with themselves. Put another way, A × B | {( a , b ) : a ∈ A ∧ b ∈ B } . The first coordinate comes from the first set and the second coordinate comes from the second set. Sometimes we will want to take the Cartesian product of a set with itself, and this is fine: A × A | {( a , b ) : a , b ∈ A } (we might also write A 2 for this set).
✅ Auto Honesty Score: 1.00 — Auto-validated exact match with expected answer.
Q: Summarize the excerpt from 'dmoi3-tablet' (chunk 43.3) about mathematics: Notice that in A × A , we still want all ordered pairs, not just the ones where the first and second coordinate are the 
🧠 Student Answer: Notice that in A × A , we still want all ordered pairs, not just the ones where the first and second coordinate are the same. We can also take products of 3 or more sets, getting ordered triples, or quadruples, and so on. Example 0.3.8 Let A | { 1 , 2 } and B | { 3 , 4 , 5 } . Find A × B and A × A . How many elements do you expect to be in B × B ? Solution . A × B | {( 1 , 3 ) , ( 1 , 4 ) , ( 1 , 5 ) , ( 2 , 3 ) , ( 2 , 4 ) , ( 2 , 5 )} . A × A | A 2 | {( 1 , 1 ) , ( 1 , 2 ) , ( 2 , 1 ) , ( 2 , 2 )} . | B × B | | 9 .
✅ Auto Honesty Score: 1.00 — Auto-validated exact match with expected answer.
Q: Summarize the excerpt from 'dmoi3-tablet' (chunk 43.4) about mathematics: There will be 3 pairs with first coordinate 3 , three more with first coordinate 4 , and a final three with first coordi
🧠 Student Answer: There will be 3 pairs with first coordinate 3 , three more with first coordinate 4 , and a final three with first coordinate 5 . Venn Diagrams There is a very nice visual tool we can use to represent operations on sets. A Venn diagram displays sets as intersecting circles. We can shade the region we are talking about when we carry out an operation. We can
✅ Auto Honesty Score: 1.00 — Auto-validated exact match with expected answer.
Q: Summarize the excerpt from 'dmoi3-tablet' (chunk 44.1) about mathematics: 34 0. Introduction and Preliminaries also represent cardinality of a particular set by putting the number in the corresp
🧠 Student Answer: 34 0. Introduction and Preliminaries also represent cardinality of a particular set by putting the number in the corresponding region. A B A B C Each circle represents a set. The rectangle containing the circles rep- resents the universe. To represent combinations of these sets, we shade the corresponding region. For example, we could draw A ∩ B as: A B Here is a representation of A ∩ B , or equivalently A \ B : A B A more complicated example is ( B ∩ C )∪( C ∩ A ) , as seen below. A B C Notice that the shaded regions above could also be arrived at in an- other way.
✅ Auto Honesty Score: 1.00 — Auto-validated exact match with expected answer.
Q: Summarize the excerpt from 'dmoi3-tablet' (chunk 44.2) about mathematics: We could have started with all of C , then excluded the region where C and A overlap outside of B . That region is ( A ∩
🧠 Student Answer: We could have started with all of C , then excluded the region where C and A overlap outside of B . That region is ( A ∩ C )∩ B . So the above Venn diagram also represents C ∩ ( ( A ∩ C )∩ B ) . So using just the picture, we have determined that ( B ∩ C )∪( C ∩ A ) | C ∩ ( ( A ∩ C )∩ B ) .
✅ Auto Honesty Score: 1.00 — Auto-validated exact match with expected answer.
Q: Summarize the excerpt from 'dmoi3-tablet' (chunk 45.1) about mathematics: 0.3. Sets 35 Exercises 1 . Let A | { 1 , 4 , 9 } and B | { 1 , 3 , 6 , 10 } . Find each of the following sets. (a) A ∪ B
🧠 Student Answer: 0.3. Sets 35 Exercises 1 . Let A | { 1 , 4 , 9 } and B | { 1 , 3 , 6 , 10 } . Find each of the following sets. (a) A ∪ B . (b) A ∩ B . (c) A \ B . (d) B \ A . 2 . Find the least element of each of the following sets, if there is one. (a) { n ∈ N : n 2 − 3 ≥ 2 } . (b) { n ∈ N : n 2 − 5 ∈ N } . (c) { n 2 + 1 : n ∈ N } . (d) { n ∈ N : n | k 2 + 1 for some k ∈ N } . 3 . Find the following cardinalities: (a) | A | when A | { 4 , 5 , 6 ,..., 37 } . (b) | A | when A | { x ∈ Z : − 2 ≤ x ≤ 100 } . (c) | A ∩ B | when A | { x ∈ N : x ≤ 20 } and B | { x ∈ N : x is prime } . 4 .
✅ Auto Honesty Score: 1.00 — Auto-validated exact match with expected answer.
Q: Summarize the excerpt from 'dmoi3-tablet' (chunk 45.2) about mathematics: Find a set of largest possible size that is a subset of both { 1 , 2 , 3 , 4 , 5 } and { 2 , 4 , 6 , 8 , 10 } . 5 . Find
🧠 Student Answer: Find a set of largest possible size that is a subset of both { 1 , 2 , 3 , 4 , 5 } and { 2 , 4 , 6 , 8 , 10 } . 5 . Find a set of smallest possible size that has both { 1 , 2 , 3 , 4 , 5 } and { 2 , 4 , 6 , 8 , 10 } as subsets. 6 . Let A | { n ∈ N : 20 ≤ n < 50 } and B | { n ∈ N : 10 < n ≤ 30 } . Suppose C is a set such that C ⊆ A and C ⊆ B . What is the largest possible cardinality of C ? 7 . Let A | { 1 , 2 , 3 , 4 , 5 } and B | { 2 , 3 , 4 } . How many sets C have the property that C ⊆ A and B ⊆ C . 8 . Let A | { 1 , 2 , 3 , 4 , 5 } , B | { 3 , 4 , 5 , 6 , 7 } , and C | { 2 , 3 , 5 } .
✅ Auto Honesty Score: 1.00 — Auto-validated exact match with expected answer.
Q: Summarize the excerpt from 'dmoi3-tablet' (chunk 45.3) about mathematics: (a) Find A ∩ B . (b) Find A ∪ B . (c) Find A \ B . (d) Find A ∩ ( B ∪ C ) . 9 . Let A | { x ∈ N : 4 ≤ x < 12 } and B | {
🧠 Student Answer: (a) Find A ∩ B . (b) Find A ∪ B . (c) Find A \ B . (d) Find A ∩ ( B ∪ C ) . 9 . Let A | { x ∈ N : 4 ≤ x < 12 } and B | { x ∈ N : x is even } . (a) Find A ∩ B . (b) Find A \ B .
✅ Auto Honesty Score: 1.00 — Auto-validated exact match with expected answer.
Q: Summarize the excerpt from 'dmoi3-tablet' (chunk 46.1) about mathematics: 36 0. Introduction and Preliminaries 10. Let A | { x ∈ N : 3 ≤ x ≤ 13 } , B | { x ∈ N : x is even } , and C | { x ∈ N : 
🧠 Student Answer: 36 0. Introduction and Preliminaries 10. Let A | { x ∈ N : 3 ≤ x ≤ 13 } , B | { x ∈ N : x is even } , and C | { x ∈ N : x is odd } . (a) Find A ∩ B . (b) Find A ∪ B . (c) Find B ∩ C . (d) Find B ∪ C . 11 . Find an example of sets A and B such that A ∩ B | { 3 , 5 } and A ∪ B | { 2 , 3 , 5 , 7 , 8 } . 12 . Find an example of sets A and B such that A ⊆ B and A ∈ B . 13 . Recall Z | { ..., − 2 , − 1 , 0 , 1 , 2 ,... } (theintegers). Let Z + | { 1 , 2 , 3 ,... } be the positive integers. Let 2 Z be the even integers, 3 Z be the multi- ples of 3, and so on. (a) Is Z + ⊆ 2 Z ? Explain.
✅ Auto Honesty Score: 1.00 — Auto-validated exact match with expected answer.
Q: Summarize the excerpt from 'dmoi3-tablet' (chunk 46.2) about mathematics: (b) Is 2 Z ⊆ Z + ? Explain. (c) Find 2 Z ∩ 3 Z . Describe the set in words, and using set notation. (d) Express { x ∈ Z 
🧠 Student Answer: (b) Is 2 Z ⊆ Z + ? Explain. (c) Find 2 Z ∩ 3 Z . Describe the set in words, and using set notation. (d) Express { x ∈ Z : ∃ y ∈ Z ( x | 2 y ∨ x | 3 y )} as a union or intersection of two sets already described in this problem. 14 . Let A 2 be the set of all multiples of 2 except for 2 . Let A 3 be the set of all multiples of 3 except for 3. And so on, so that A n is the set of all multiples of n except for n , for any n ≥ 2 . Describe (in words) the set A 2 ∪ A 3 ∪ A 4 ∪··· . 15 .
✅ Auto Honesty Score: 1.00 — Auto-validated exact match with expected answer.
Q: Summarize the excerpt from 'dmoi3-tablet' (chunk 46.3) about mathematics: Draw a Venn diagram to represent each of the following: (a) A ∪ B (b) ( A ∪ B ) (c) A ∩( B ∪ C ) (d) ( A ∩ B )∪ C (e) A 
🧠 Student Answer: Draw a Venn diagram to represent each of the following: (a) A ∪ B (b) ( A ∪ B ) (c) A ∩( B ∪ C ) (d) ( A ∩ B )∪ C (e) A ∩ B ∩ C (f) ( A ∪ B )\ C 16. Describe a set in terms of A and B (using set notation) which has the following Venn diagram: A B
✅ Auto Honesty Score: 1.00 — Auto-validated exact match with expected answer.
Q: Summarize the excerpt from 'dmoi3-tablet' (chunk 47.1) about mathematics: 0.3. Sets 37 17 . Let A | { a , b , c , d } . Find P( A ) . 18 . Let A | { 1 , 2 ,..., 10 } . How many subsets of A cont
🧠 Student Answer: 0.3. Sets 37 17 . Let A | { a , b , c , d } . Find P( A ) . 18 . Let A | { 1 , 2 ,..., 10 } . How many subsets of A contain exactly one element (i.e., how many singleton subsets are there)? How many doubleton subsets (containing exactly two elements) are there? 19. Let A | { 1 , 2 , 3 , 4 , 5 , 6 } . Find all sets B ∈ P( A ) which have the prop- erty { 2 , 3 , 5 } ⊆ B . 20 . Find an example of sets A and B such that | A | | 4 , | B | | 5 , and | A ∪ B | | 9 . 21. Find an example of sets A and B such that | A | | 3 , | B | | 4 , and | A ∪ B | | 5 . 22.
✅ Auto Honesty Score: 1.00 — Auto-validated exact match with expected answer.
Q: Summarize the excerpt from 'dmoi3-tablet' (chunk 47.2) about mathematics: Are there sets A and B such that | A | | | B | , | A ∪ B | | 10 , and | A ∩ B | | 5 ? Explain. 23. Let A | { 2 , 4 , 6 ,
🧠 Student Answer: Are there sets A and B such that | A | | | B | , | A ∪ B | | 10 , and | A ∩ B | | 5 ? Explain. 23. Let A | { 2 , 4 , 6 , 8 } . Suppose B is a set with | B | | 5 . (a) What are the smallest and largest possible values of | A ∪ B | ? Explain. (b) What are the smallest and largest possible values of | A ∩ B | ? Explain. (c) What are the smallest and largest possible values of | A × B | ? Explain. 24. Let X | { n ∈ N : 10 ≤ n < 20 } . Find examples of sets with the properties below and very briefly explain why your examples work. (a) A set A ⊆ N with | A | | 10 such that X \ A | { 10 , 12 , 14 } .
✅ Auto Honesty Score: 1.00 — Auto-validated exact match with expected answer.
Q: Summarize the excerpt from 'dmoi3-tablet' (chunk 47.3) about mathematics: (b) A set B ∈P( X ) with | B | | 5 . (c) A set C ⊆ P( X ) with | C | | 5 . (d) A set D ⊆ X × X with | D | | 5 (e) A set 
🧠 Student Answer: (b) A set B ∈P( X ) with | B | | 5 . (c) A set C ⊆ P( X ) with | C | | 5 . (d) A set D ⊆ X × X with | D | | 5 (e) A set E ⊆ X such that | E | ∈ E . 25. Let A , B and C be sets. (a) Suppose that A ⊆ B and B ⊆ C . Does this mean that A ⊆ C ? Prove your answer. Hint: to prove that A ⊆ C you must prove the implication, “for all x , if x ∈ A then x ∈ C .” (b) Suppose that A ∈ B and B ∈ C . Does this mean that A ∈ C ? Give an example to prove that this does NOT always happen (and explain why your example works). You should be able to give an example where | A | | | B | | | C | | 2 .
✅ Auto Honesty Score: 1.00 — Auto-validated exact match with expected answer.
Q: Summarize the excerpt from 'dmoi3-tablet' (chunk 48.1) about mathematics: 38 0. Introduction and Preliminaries 26. In a regular deck of playing cards there are 26 red cards and 12 face cards. Ex
🧠 Student Answer: 38 0. Introduction and Preliminaries 26. In a regular deck of playing cards there are 26 red cards and 12 face cards. Explain, using sets and what you have learned about cardinalities, why there are only 32 cards which are either red or a face card. 27. Find an example of a set A with | A | | 3 which contains only other sets and has the following property: for all sets B ∈ A , we also have B ⊆ A . Explain why your example works. (FYI: sets that have this property are called transitive .) 28 . Consider the sets A and B , where A | { 3 , | B |} and B | { 1 , | A | , | B |} . What are the sets?
✅ Auto Honesty Score: 1.00 — Auto-validated exact match with expected answer.
Q: Summarize the excerpt from 'dmoi3-tablet' (chunk 48.2) about mathematics: 29 . Explain why there is no set A which satisfies A | { 2 , | A |} . 30. Find all sets A , B , and C which satisfy the 
🧠 Student Answer: 29 . Explain why there is no set A which satisfies A | { 2 , | A |} . 30. Find all sets A , B , and C which satisfy the following. A | { 1 , | B | , | C |} B | { 2 , | A | , | C |} C | { 1 , 2 , | A | , | B |} .
✅ Auto Honesty Score: 1.00 — Auto-validated exact match with expected answer.
Q: Summarize the excerpt from 'dmoi3-tablet' (chunk 49.1) about mathematics: 0.4. Functions 39 0.4 Functions A function is a rule that assigns each input exactly one output. We call the output the 
🧠 Student Answer: 0.4. Functions 39 0.4 Functions A function is a rule that assigns each input exactly one output. We call the output the image of the input. The set of all inputs for a function is called the domain . The set of all allowable outputs is called the codomain . We would write f : X → Y to describe a function with name f , domain X and codomain Y . This does not tell us which function f is though. To define the function, we must describe the rule. This is often done by giving a formula to compute the output for any input (although this is certainly not the only way to describe the rule).
✅ Auto Honesty Score: 1.00 — Auto-validated exact match with expected answer.
Q: Summarize the excerpt from 'dmoi3-tablet' (chunk 49.2) about mathematics: For example, consider the function f : N → N defined by f ( x ) | x 2 + 3 . Here the domain and codomain are the same se
🧠 Student Answer: For example, consider the function f : N → N defined by f ( x ) | x 2 + 3 . Here the domain and codomain are the same set (the natural numbers). The rule is: take your input, multiply it by itself and add 3. This works because we can apply this rule to every natural number (every element of the domain) and the result is always a natural number (an element of the codomain). Notice though that not every natural number is actually an output (there is no way to get 0, 1, 2, 5, etc.).
✅ Auto Honesty Score: 1.00 — Auto-validated exact match with expected answer.
Q: Summarize the excerpt from 'dmoi3-tablet' (chunk 49.3) about mathematics: The set of natural numbers that are outputs is called the range of the function (in this case, the range is { 3 , 4 , 7 
🧠 Student Answer: The set of natural numbers that are outputs is called the range of the function (in this case, the range is { 3 , 4 , 7 , 12 , 19 , 28 ,... } , all the natural numbers that are 3 more than a perfect square). The key thing that makes a rule a function is that there is exactly one output for each input. That is, it is important that the rule be a good rule. What output do we assign to the input 7? There can only be one answer for any particular function. Example 0.4.1 The following are all examples of functions: 1. f : Z → Z defined by f ( n ) | 3 n .
✅ Auto Honesty Score: 1.00 — Auto-validated exact match with expected answer.
Q: Summarize the excerpt from 'dmoi3-tablet' (chunk 49.4) about mathematics: The domain and codomain are both the set of integers. However, the range is only the set of integer multiples of 3. 2. g
🧠 Student Answer: The domain and codomain are both the set of integers. However, the range is only the set of integer multiples of 3. 2. g : { 1 , 2 , 3 } → { a , b , c } defined by g ( 1 ) | c , g ( 2 ) | a and g ( 3 ) | a . The domain is the set { 1 , 2 , 3 } , the codomain is the set { a , b , c } and the range is the set { a , c } . Note that g ( 2 ) and g ( 3 ) are the same element of the codomain. This is okay since each element in the domain still has only one output. 3.
✅ Auto Honesty Score: 1.00 — Auto-validated exact match with expected answer.
Q: Summarize the excerpt from 'dmoi3-tablet' (chunk 49.5) about mathematics: h : { 1 , 2 , 3 , 4 }→ N defined by the table: x 1 2 3 4 h ( x ) 3 6 9 12 Here the domain is the finite set { 1 , 2 , 3 
🧠 Student Answer: h : { 1 , 2 , 3 , 4 }→ N defined by the table: x 1 2 3 4 h ( x ) 3 6 9 12 Here the domain is the finite set { 1 , 2 , 3 , 4 } and to codomain is the set of natural numbers, N . At first you might think this
✅ Auto Honesty Score: 1.00 — Auto-validated exact match with expected answer.
Q: Summarize the excerpt from 'dmoi3-tablet' (chunk 50.1) about mathematics: 40 0. Introduction and Preliminaries function is the same as f defined above. It is absolutely not. Even though the rule
🧠 Student Answer: 40 0. Introduction and Preliminaries function is the same as f defined above. It is absolutely not. Even though the rule is the same, the domain and codomain are different, so these are two different functions. Example 0.4.2 Just because you can describe a rule in the same way you would write a function, does not mean that the rule is a function. The following are NOT functions. 1. f : N → N defined by f ( n ) | n 2 . The reason this is not a function is because not every input has an output. Where does f send 3? The rule says that f ( 3 ) | 3 2 , but 3 2 is not an element of the codomain. 2.
✅ Auto Honesty Score: 1.00 — Auto-validated exact match with expected answer.
Q: Summarize the excerpt from 'dmoi3-tablet' (chunk 50.2) about mathematics: Consider the rule that matches each person to their phone number. If you think of the set of people as the domain and th
🧠 Student Answer: Consider the rule that matches each person to their phone number. If you think of the set of people as the domain and the set of phone numbers as the codomain, then this is not a function, since some people have two phone numbers. Switching the domain and codomain sets doesn’t help either, since some phone numbers belong to multiple people (as- suming some households still have landlines when you are reading this). Describing Functions It is worth making a distinction between a function and its description.
✅ Auto Honesty Score: 1.00 — Auto-validated exact match with expected answer.
Q: Summarize the excerpt from 'dmoi3-tablet' (chunk 50.3) about mathematics: The function is the abstract mathematical object that in some way exists whether or not anyone ever talks about it. But 
🧠 Student Answer: The function is the abstract mathematical object that in some way exists whether or not anyone ever talks about it. But when we do want to talk about the function, we need a way to describe it. A particular function can be described in multiple ways. Some calculus textbooks talk about the Rule of Four , that every function can be described in four ways: algebraically (a formula), numerically (a table), graphically, or in words.
✅ Auto Honesty Score: 1.00 — Auto-validated exact match with expected answer.
Q: Summarize the excerpt from 'dmoi3-tablet' (chunk 50.4) about mathematics: In discrete math, we can still use any of these to describe functions, but we can also be more specific since we are pri
🧠 Student Answer: In discrete math, we can still use any of these to describe functions, but we can also be more specific since we are primarily concerned with functions that have N or a finite subset of N as their domain. Describing a function graphically usually means drawing the graph of the function: plotting the points on the plane. We can do this, and might get a graph like the following for a function f : { 1 , 2 , 3 }→{ 1 , 2 , 3 } .
✅ Auto Honesty Score: 1.00 — Auto-validated exact match with expected answer.
Q: Summarize the excerpt from 'dmoi3-tablet' (chunk 51.1) about mathematics: 0.4. Functions 41 It would be absolutely WRONG to connect the dots or try to fit them to some curve. There are only thre
🧠 Student Answer: 0.4. Functions 41 It would be absolutely WRONG to connect the dots or try to fit them to some curve. There are only three elements in the domain. A curve would mean that the domain contains an entire interval of real numbers. Here is another way to represent that same function: 1 2 2 1 3 3 This shows that the function f sends 1 to 2, 2 to 1 and 3 to 3: just follow the arrows. The arrow diagram used to define the function above can be very helpful in visualizing functions.
✅ Auto Honesty Score: 1.00 — Auto-validated exact match with expected answer.
Q: Summarize the excerpt from 'dmoi3-tablet' (chunk 51.2) about mathematics: We will often be working with functions with finite domains, so this kind of picture is often more useful than a traditi
🧠 Student Answer: We will often be working with functions with finite domains, so this kind of picture is often more useful than a traditional graph of a function. Note that for finite domains, finding an algebraic formula that gives the output for any input is often impossible. Of course we could use a piecewise defined function, like f ( x ) |   x + 1 if x | 1 x − 1 if x | 2 x if x | 3 . This describes exactly the same function as above, but we can all agree is a ridiculous way of doing so. Sincewewillsooftenusefunctionswithsmalldomainsandcodomains, let’s adopt some notation to describe them.
✅ Auto Honesty Score: 1.00 — Auto-validated exact match with expected answer.
Q: Summarize the excerpt from 'dmoi3-tablet' (chunk 51.3) about mathematics: All we need is some clear way of denoting the image of each element in the domain. In fact, writing a table of values wo
🧠 Student Answer: All we need is some clear way of denoting the image of each element in the domain. In fact, writing a table of values would work perfectly: x 0 1 2 3 4 f ( x ) 3 3 2 4 1 We simplify this further by writing this as a matrix with each input directly over its output: f | ( 0 1 2 3 4 3 3 2 4 1 ) .
✅ Auto Honesty Score: 1.00 — Auto-validated exact match with expected answer.
Q: Summarize the excerpt from 'dmoi3-tablet' (chunk 52.1) about mathematics: 42 0. Introduction and Preliminaries Note this is just notation and not the same sort of matrix you would find in a line
🧠 Student Answer: 42 0. Introduction and Preliminaries Note this is just notation and not the same sort of matrix you would find in a linear algebra class (it does not make sense to do operations with these matrices, or row reduce them, for example). One advantage of the two-line notation over the arrow diagrams is that it is harder to accidentally define a rule that is not a function using two-line notation. Example 0.4.3 Which of the following diagrams represent a function? Let X | { 1 , 2 , 3 , 4 } and Y | { a , b , c , d } .
✅ Auto Honesty Score: 1.00 — Auto-validated exact match with expected answer.
Q: Summarize the excerpt from 'dmoi3-tablet' (chunk 52.2) about mathematics: 1 d 2 a 3 c 4 b f : X → Y 1 d 2 a 3 4 b c g : X → Y 1 2 a 3 d 4 b c h : X → Y Solution . f is a function. So is g . Ther
🧠 Student Answer: 1 d 2 a 3 c 4 b f : X → Y 1 d 2 a 3 4 b c g : X → Y 1 2 a 3 d 4 b c h : X → Y Solution . f is a function. So is g . There is no problem with an element of the codomain not being the image of any input, and there is no problem with a from the codomain being the image of both 2 and 3 from the domain. We could use our two-line notation to write these as f | ( 1 2 3 4 d a c b ) g | ( 1 2 3 4 d a a b ) . However, h is NOT a function. In fact, it fails for two reasons. First, the element 1 from the domain has not been mapped to any el- ement from the codomain.
✅ Auto Honesty Score: 1.00 — Auto-validated exact match with expected answer.
Q: Summarize the excerpt from 'dmoi3-tablet' (chunk 52.3) about mathematics: Second, the element 2 from the domain has been mapped to more than one element from the codomain ( a and c ). Note that 
🧠 Student Answer: Second, the element 2 from the domain has been mapped to more than one element from the codomain ( a and c ). Note that either one of these problems is enough to make a rule not a function. In general, neither of the following mappings are functions: It might also be helpful to think about how you would write the two-line notation for h . We would have something like: h | ( 1 2 3 4 a , c ? d b ) . There is nothing under 1 (bad) and we needed to put more than one thing under 2 (very bad). With a rule that is actually a function, the two-line notation will always “work”.
✅ Auto Honesty Score: 1.00 — Auto-validated exact match with expected answer.
Q: Summarize the excerpt from 'dmoi3-tablet' (chunk 53.1) about mathematics: 0.4. Functions 43 We will also be interested in functions with domain N . Here twoline notation is no good, but descri
🧠 Student Answer: 0.4. Functions 43 We will also be interested in functions with domain N . Here two- line notation is no good, but describing the function algebraically is often possible. Even tables are a little awkward, since they do not describe the function completely. For example, consider the function f : N → N given by the table below. x 0 1 2 3 4 5 ... f ( x ) 0 1 4 9 16 25 ... Have I given you enough entries for you to be able to determine f ( 6 ) ? You might guess that f ( 6 ) | 36 , but there is no way for you to know this for sure. Maybe I am being a jerk and intended f ( 6 ) | 42 .
✅ Auto Honesty Score: 1.00 — Auto-validated exact match with expected answer.
Q: Summarize the excerpt from 'dmoi3-tablet' (chunk 53.2) about mathematics: In fact, for every natural number n , there is a function that agrees with the table above, but for which f ( 6 ) | n . 
🧠 Student Answer: In fact, for every natural number n , there is a function that agrees with the table above, but for which f ( 6 ) | n . Okay, suppose I really did mean for f ( 6 ) | 36 , and in fact, for the rule that you think is governing the function to actually be the rule. Then I should say what that rule is. f ( n ) | n 2 . Now there is no confusion possible. Giving an explicit formula that calculates the image of any element in the domain is a great way to describe a function. We will say that these explicit rules are closed formulas for the function.
✅ Auto Honesty Score: 1.00 — Auto-validated exact match with expected answer.
Q: Summarize the excerpt from 'dmoi3-tablet' (chunk 53.3) about mathematics: There is another very useful way to describe functions whose domain is N , that rely specifically on the structure of th
🧠 Student Answer: There is another very useful way to describe functions whose domain is N , that rely specifically on the structure of the natural numbers. We can define a function recursively ! Example 0.4.4 Consider the function f : N → N given by f ( 0 ) | 0 and f ( n + 1 ) | f ( n ) + 2 n + 1 . Find f ( 6 ) . Solution . The rule says that f ( 6 ) | f ( 5 ) + 11 (we are using 6 | n + 1 so n | 5 ). We don’t know what f ( 5 ) is though. Well, we know that f ( 5 ) | f ( 4 ) + 9 . So we need to compute f ( 4 ) , which will require knowing f ( 3 ) , which will require f ( 2 ) ,. will it ever end? Yes!
✅ Auto Honesty Score: 1.00 — Auto-validated exact match with expected answer.
Q: Summarize the excerpt from 'dmoi3-tablet' (chunk 53.4) about mathematics: In fact, this process will always end because we have N as our domain, so there is a least element. And we gave the valu
🧠 Student Answer: In fact, this process will always end because we have N as our domain, so there is a least element. And we gave the value of f ( 0 ) explicitly, so we are good. In fact, we might decide to work up to f ( 6 ) instead of working down from f ( 6 ) : f ( 1 ) | f ( 0 ) + 1 | 0 + 1 | 1 f ( 2 ) | f ( 1 ) + 3 | 1 + 3 | 4 f ( 3 ) | f ( 2 ) + 5 | 4 + 5 | 9 f ( 4 ) | f ( 3 ) + 7 | 9 + 7 | 16 f ( 5 ) | f ( 4 ) + 9 | 16 + 9 | 25
✅ Auto Honesty Score: 1.00 — Auto-validated exact match with expected answer.
Q: Summarize the excerpt from 'dmoi3-tablet' (chunk 54.1) about mathematics: 44 0. Introduction and Preliminaries f ( 6 ) | f ( 5 ) + 11 | 25 + 11 | 36 It looks that this recursively defined functi
🧠 Student Answer: 44 0. Introduction and Preliminaries f ( 6 ) | f ( 5 ) + 11 | 25 + 11 | 36 It looks that this recursively defined function is the same as the explicitly defined function f ( n ) | n 2 . Is it? Later we will prove that it is. Recursively defined functions are often easier to create from a “real world” problem, because they describe how the values of the functions are changing. However, this comes with a price. It is harder to calculate the image of a single input, since you need to know the images of other (previous) elements in the domain. Recursively Defined Functions.
✅ Auto Honesty Score: 1.00 — Auto-validated exact match with expected answer.
Q: Summarize the excerpt from 'dmoi3-tablet' (chunk 54.2) about mathematics: For a function f : N → N , a recursive definition consists of an initial condition together with a recurrence relation .
🧠 Student Answer: For a function f : N → N , a recursive definition consists of an initial condition together with a recurrence relation . The initial condition is the explicitly given value of f ( 0 ) . The recurrence re- lation is a formula for f ( n + 1 ) in terms for f ( n ) (and possibly n itself). Example 0.4.5 Give recursive definitions for the functions described below. 1. f : N → N gives the number of snails in your terrarium n years after you built it, assuming you started with 3 snails and the number of snails doubles each year. 2.
✅ Auto Honesty Score: 1.00 — Auto-validated exact match with expected answer.
Q: Summarize the excerpt from 'dmoi3-tablet' (chunk 54.3) about mathematics: g : N → N gives the number of push-ups you do n days after you started your push-ups challenge, assuming you could do 7 
🧠 Student Answer: g : N → N gives the number of push-ups you do n days after you started your push-ups challenge, assuming you could do 7 push-ups on day 0 and you can do 2 more push-ups each day. 3. h : N → N defined by f ( n ) | n ! . Recall that n ! | 1 · 2 · 3 ····· ( n − 1 )· n is the product of all numbers from 1 through n . We also define 0! | 1 . Solution . 1. The initial condition is f ( 0 ) | 3 . To get f ( n + 1 ) we would double the number of snails in the terrarium the previous year, which is given by f ( n ) . Thus f ( n + 1 ) | 2 f ( n ) .
✅ Auto Honesty Score: 1.00 — Auto-validated exact match with expected answer.
Q: Summarize the excerpt from 'dmoi3-tablet' (chunk 54.4) about mathematics: The full recursive definition contains both of these, and would be written, f ( 0 ) | 3; f ( n + 1 ) | 2 f ( n ) .
🧠 Student Answer: The full recursive definition contains both of these, and would be written, f ( 0 ) | 3; f ( n + 1 ) | 2 f ( n ) .
✅ Auto Honesty Score: 1.00 — Auto-validated exact match with expected answer.
Q: Summarize the excerpt from 'dmoi3-tablet' (chunk 55.1) about mathematics: 0.4. Functions 45 2. We are told that on day 0 you can do 7 push-ups, so f ( 0 ) | 7 . The number of push-ups you can do
🧠 Student Answer: 0.4. Functions 45 2. We are told that on day 0 you can do 7 push-ups, so f ( 0 ) | 7 . The number of push-ups you can do on day n + 1 is 2 more than the number you can do on day n , which is given by f ( n ) . Thus f ( 0 ) | 7; f ( n + 1 ) | f ( n ) + 2 . 3. Here f ( 0 ) | 1 . To get the recurrence relation, think about how you can get f ( n + 1 ) | ( n + 1 ) ! from f ( n ) | n ! . If you write out both of these as products, you see that ( n + 1 ) ! is just like n ! except you have one more term in the product, an extra n + 1 . So we have, f ( 0 ) | 1; f ( n + 1 ) | ( n + 1 )· f ( n ) .
✅ Auto Honesty Score: 1.00 — Auto-validated exact match with expected answer.
Q: Summarize the excerpt from 'dmoi3-tablet' (chunk 55.2) about mathematics: Surjections, Injections, and Bijections We now turn to investigating special properties functions might or might not pos
🧠 Student Answer: Surjections, Injections, and Bijections We now turn to investigating special properties functions might or might not possess. In the examples above, you may have noticed that sometimes there are elements of the codomain which are not in the range. When this sort of the thing does not happen, (that is, when everything in the codomain is in the range) we say the function is onto or that the function maps the domain onto the codomain. This terminology should make sense: the function puts the domain (entirely) on top of the codomain.
✅ Auto Honesty Score: 1.00 — Auto-validated exact match with expected answer.
Q: Summarize the excerpt from 'dmoi3-tablet' (chunk 55.3) about mathematics: The fancy math term for an onto function is a surjection , and we say that an onto function is a surjective function. In
🧠 Student Answer: The fancy math term for an onto function is a surjection , and we say that an onto function is a surjective function. In pictures: Surjective Not surjective Example 0.4.6 Which functions are surjective (i.e., onto)? 1. f : Z → Z defined by f ( n ) | 3 n . 2. g : { 1 , 2 , 3 }→{ a , b , c } defined by g | ( 1 2 3 c a a ) . 3. h : { 1 , 2 , 3 }→{ 1 , 2 , 3 } defined as follows:
✅ Auto Honesty Score: 1.00 — Auto-validated exact match with expected answer.
Q: Summarize the excerpt from 'dmoi3-tablet' (chunk 56.1) about mathematics: 46 0. Introduction and Preliminaries 1 2 2 1 3 3 Solution . 1. f is not surjective. There are elements in the codomain w
🧠 Student Answer: 46 0. Introduction and Preliminaries 1 2 2 1 3 3 Solution . 1. f is not surjective. There are elements in the codomain which are not in the range. For example, no n ∈ Z gets mapped to the number 1 (the rule would say that 1 3 would be sent to 1, but 1 3 is not in the domain). In fact, the range of the function is 3 Z (the integer multiples of 3), which is not equal to Z . 2. g is not surjective. There is no x ∈ { 1 , 2 , 3 } (the domain) for which g ( x ) | b , so b , which is in the codomain, is not in the range.
✅ Auto Honesty Score: 1.00 — Auto-validated exact match with expected answer.
Q: Summarize the excerpt from 'dmoi3-tablet' (chunk 56.2) about mathematics: Notice that there is an element from the codomain “missing” from the bottom row of the matrix. 3. h is surjective. Every
🧠 Student Answer: Notice that there is an element from the codomain “missing” from the bottom row of the matrix. 3. h is surjective. Every element of the codomain is also in the range. Nothing in the codomain is missed. To be a function, a rule cannot assign a single element of the domain to two or more different elements of the codomain. However, we have seen that the reverse is permissible: a function might assign the same element of the codomain to two or more different elements of the domain.
✅ Auto Honesty Score: 1.00 — Auto-validated exact match with expected answer.
Q: Summarize the excerpt from 'dmoi3-tablet' (chunk 56.3) about mathematics: When this does not occur (that is, when each element of the codomain is the image of at most one element of the domain) 
🧠 Student Answer: When this does not occur (that is, when each element of the codomain is the image of at most one element of the domain) then we say the function is one-to-one . Again, this terminology makes sense: we are sending at most one element from the domain to one element from the codomain. One input to one output. The fancy math term for a one-to-one function is an injection . We call one-to-one functions injective functions. In pictures: Injective Not injective Example 0.4.7 Which functions are injective (i.e., one-to-one)? 1. f : Z → Z defined by f ( n ) | 3 n .
✅ Auto Honesty Score: 1.00 — Auto-validated exact match with expected answer.
Q: Summarize the excerpt from 'dmoi3-tablet' (chunk 57.1) about mathematics: 0.4. Functions 47 2. g : { 1 , 2 , 3 }→{ a , b , c } defined by g | ( 1 2 3 c a a ) . 3. h : { 1 , 2 , 3 }→{ 1 , 2 , 3 }
🧠 Student Answer: 0.4. Functions 47 2. g : { 1 , 2 , 3 }→{ a , b , c } defined by g | ( 1 2 3 c a a ) . 3. h : { 1 , 2 , 3 }→{ 1 , 2 , 3 } defined as follows: 1 2 2 1 3 3 Solution . 1. f is injective. Each element in the codomain is assigned to at most one element from the domain. If x is a multiple of three, then only x / 3 is mapped to x . If x is not a multiple of 3, then there is no input corresponding to the output x . 2. g is not injective. Both inputs 2 and 3 are assigned the output a . Notice that there is an element from the codomain that appears more than once on the bottom row of the matrix. 3.
✅ Auto Honesty Score: 1.00 — Auto-validated exact match with expected answer.
Q: Summarize the excerpt from 'dmoi3-tablet' (chunk 57.2) about mathematics: h is injective. Each output is only an output once. Be careful: “surjective” and “injective” are NOT opposites. You can 
🧠 Student Answer: h is injective. Each output is only an output once. Be careful: “surjective” and “injective” are NOT opposites. You can see in the two examples above that there are functions which are surjective but not injective, injective but not surjective, both, or neither. In the case when a function is both one-to-one and onto (an injection and surjection), we say the function is a bijection , or that the function is a bijective function. To illustrate the contrast between these two properties, consider a more formal definition of each, side by side. Injective vs Surjective.
✅ Auto Honesty Score: 1.00 — Auto-validated exact match with expected answer.
Q: Summarize the excerpt from 'dmoi3-tablet' (chunk 57.3) about mathematics: A function is injective provided every element of the codomain is the image of at most one element from the domain. A fu
🧠 Student Answer: A function is injective provided every element of the codomain is the image of at most one element from the domain. A function is surjective provided every element of the codomain is the image of at least one element from the domain. Notice both properties are determined by what happens to elements of the codomain: they could be repeated as images or they could be “missed” (not be images). Injective functions do not have repeats but might or might not miss elements. Surjective functions do not miss elements, but might
✅ Auto Honesty Score: 1.00 — Auto-validated exact match with expected answer.
Q: Summarize the excerpt from 'dmoi3-tablet' (chunk 58.1) about mathematics: 48 0. Introduction and Preliminaries or might not have repeats. The bijective functions are those that do not have repea
🧠 Student Answer: 48 0. Introduction and Preliminaries or might not have repeats. The bijective functions are those that do not have repeats and do not miss elements. Image and Inverse Image When discussing functions, we have notation for talking about an element of the domain (say x ) and its corresponding element in the codomain (we write f ( x ) , which is the image of x ). Sometimes we will want to talk about all the elements that are images of some subset of the domain.
✅ Auto Honesty Score: 1.00 — Auto-validated exact match with expected answer.
Q: Summarize the excerpt from 'dmoi3-tablet' (chunk 58.2) about mathematics: It would also be nice to start with some element of the codomain (say y ) and talk about which element or elements (if a
🧠 Student Answer: It would also be nice to start with some element of the codomain (say y ) and talk about which element or elements (if any) from the domain it is the image of. We could write “those x in the domain such that f ( x ) | y ,” but this is a lot of writing. Here is some notation to make our lives easier. To address the first situation, what we are after is a way to describe the set of images of elements in some subset of the domain. Suppose f : X → Y is a function and that A ⊆ X is some subset of the domain (possibly all of it).
✅ Auto Honesty Score: 1.00 — Auto-validated exact match with expected answer.
Q: Summarize the excerpt from 'dmoi3-tablet' (chunk 58.3) about mathematics: We will use the notation f ( A ) to denote the image of A under f , namely the set of elements in Y that are the image o
🧠 Student Answer: We will use the notation f ( A ) to denote the image of A under f , namely the set of elements in Y that are the image of elements from A . That is, f ( A ) | { f ( a )∈ Y : a ∈ A } . We can do this in the other direction as well. We might ask which elements of the domain get mapped to a particular set in the codomain. Let f : X → Y be a function and suppose B ⊆ Y is a subset of the codomain. Then we will write f − 1 ( B ) for the inverse image of B under f , namely the set of elements in X whose image are elements in B . In other words, f − 1 ( B ) | { x ∈ X : f ( x )∈ B } .
✅ Auto Honesty Score: 1.00 — Auto-validated exact match with expected answer.
Q: Summarize the excerpt from 'dmoi3-tablet' (chunk 58.4) about mathematics: Often we are interested in the element(s) whose image is a particular element y of in the codomain. The notation above w
🧠 Student Answer: Often we are interested in the element(s) whose image is a particular element y of in the codomain. The notation above works: f − 1 ({ y }) is the set of all elements in the domain that f sends to y . It makes sense to think of this as a set: there might not be anything sent to y (if y is not in the range), in which case f − 1 ({ y }) | ∅ . Or f might send multiple elements to y (if f is not injective). As a notational convenience, we usually drop the set braces around the y and write f inf ( y ) instead for this set. WARNING: f − 1 ( y ) is not an inverse function!
✅ Auto Honesty Score: 1.00 — Auto-validated exact match with expected answer.
Q: Summarize the excerpt from 'dmoi3-tablet' (chunk 58.5) about mathematics: Inverse functions only exist for bijections, but f − 1 ( y ) is defined for any function f . The point: f − 1 ( y ) is a
🧠 Student Answer: Inverse functions only exist for bijections, but f − 1 ( y ) is defined for any function f . The point: f − 1 ( y ) is a set , not an element of the domain. This is just sloppy notation for f − 1 ({ y }) . To help make this distinction, we would call f − 1 ( y ) the complete inverse image of y under f . It is not the image of y under f − 1 (since the function f − 1 might not exist).
✅ Auto Honesty Score: 1.00 — Auto-validated exact match with expected answer.
Q: Summarize the excerpt from 'dmoi3-tablet' (chunk 59.1) about mathematics: 0.4. Functions 49 Example 0.4.8 Consider the function f : { 1 , 2 , 3 , 4 , 5 , 6 }→{ a , b , c , d } given by f | ( 1 2
🧠 Student Answer: 0.4. Functions 49 Example 0.4.8 Consider the function f : { 1 , 2 , 3 , 4 , 5 , 6 }→{ a , b , c , d } given by f | ( 1 2 3 4 5 6 a a b b b c ) . Find f ({ 1 , 2 , 3 }) , f inf ({ a , b }) , and f − 1 ( d ) . Solution . f ({ 1 , 2 , 3 }) | { a , b } since a and b are the elements in the codomain to which f sends 1 and 2 . f inf ({ a , b }) | { 1 , 2 , 3 , 4 , 5 } since these are exactly the elements that f sends to a and b . f inf ( d ) | ∅ since d is not in the range of f . Example 0.4.9 Consider the function g : Z → Z defined by g ( n ) | n 2 + 1 . Find g ( 1 ) and g ({ 1 }) .
✅ Auto Honesty Score: 1.00 — Auto-validated exact match with expected answer.
Q: Summarize the excerpt from 'dmoi3-tablet' (chunk 59.2) about mathematics: Then find g − 1 ( 1 ) , g − 1 ( 2 ) , and g − 1 ( 3 ) . Solution . Note that g ( 1 ) , g ({ 1 }) . The first is an eleme
🧠 Student Answer: Then find g − 1 ( 1 ) , g − 1 ( 2 ) , and g − 1 ( 3 ) . Solution . Note that g ( 1 ) , g ({ 1 }) . The first is an element: g ( 1 ) | 2 . The second is a set: g ({ 1 }) | { 2 } . To find g − 1 ( 1 ) , we need to find all integers n such that n 2 + 1 | 1 . Clearly only 0 works, so g − 1 ( 1 ) | { 0 } (note that even though there is only one element, we still write it as a set with one element in it). To find g − 1 ( 2 ) , we need to find all n such that n 2 + 1 | 2 . We see g − 1 ( 2 ) | {− 1 , 1 } . Finally, if n 2 + 1 | 3 , then we are looking for an n such that n 2 | 2 .
✅ Auto Honesty Score: 1.00 — Auto-validated exact match with expected answer.
Q: Summarize the excerpt from 'dmoi3-tablet' (chunk 59.3) about mathematics: There are no such integers so g − 1 ( 3 ) | ∅ . Since f − 1 ( y ) is a set, it makes sense to ask for f − 1 ( y ) , the 
🧠 Student Answer: There are no such integers so g − 1 ( 3 ) | ∅ . Since f − 1 ( y ) is a set, it makes sense to ask for f − 1 ( y ) , the number of elements in the domain which map to y . Example 0.4.10 Find a function f : { 1 , 2 , 3 , 4 , 5 }→ N such that f − 1 ( 7 ) | 5 . Solution . There is only one such function. We need five elements of the domain to map to the number 7 ∈ N . Since there are only five elements in the domain, all of them must map to 7. So f | ( 1 2 3 4 5 7 7 7 7 7 ) .
✅ Auto Honesty Score: 1.00 — Auto-validated exact match with expected answer.
Q: Summarize the excerpt from 'dmoi3-tablet' (chunk 60.1) about mathematics: 50 0. Introduction and Preliminaries Function Definitions. Here is a summary of all the main concepts and definitions we
🧠 Student Answer: 50 0. Introduction and Preliminaries Function Definitions. Here is a summary of all the main concepts and definitions we use when working with functions. • A function is a rule that assigns each element of a set, called the domain , to exactly one element of a second set, called the codomain . • Notation: f : X → Y is our way of saying that the function is called f , the domain is the set X , and the codomain is the set Y .
✅ Auto Honesty Score: 1.00 — Auto-validated exact match with expected answer.
Q: Summarize the excerpt from 'dmoi3-tablet' (chunk 60.2) about mathematics: • To specify the rule for a function with small domain, use two-line notation by writing a matrix with each output direc
🧠 Student Answer: • To specify the rule for a function with small domain, use two-line notation by writing a matrix with each output directly below its corresponding input, as in: f | ( 1 2 3 4 2 1 3 1 ) . • f ( x ) | y means the element x of the domain (input) is assigned to the element y of the codomain. We say y is an output. Alternatively, we call y the image of x under f . • The range is a subset of the codomain. It is the set of all elements which are assigned to at least one element of the domain by the function. That is, the range is the set of all outputs.
✅ Auto Honesty Score: 1.00 — Auto-validated exact match with expected answer.
Q: Summarize the excerpt from 'dmoi3-tablet' (chunk 60.3) about mathematics: • A function is injective (an injection or one-to-one ) if every element of the codomain is the image of at most one ele
🧠 Student Answer: • A function is injective (an injection or one-to-one ) if every element of the codomain is the image of at most one element from the domain. • A function is surjective (a surjection or onto ) if every element of the codomain is the image of at least one element from the domain. • A bijection is a function which is both an injection and surjection. In other words, if every element of the codomain is the image of exactly one element from the domain. • The image of an element x in the domain is the element y in the codomain that x is mapped to. That is, the image of x under f is f ( x ) .
✅ Auto Honesty Score: 1.00 — Auto-validated exact match with expected answer.
Q: Summarize the excerpt from 'dmoi3-tablet' (chunk 60.4) about mathematics: • The complete inverse image of an element y in the codomain, written f − 1 ( y ) , is the set of all elements in the 
🧠 Student Answer: • The complete inverse image of an element y in the codomain, writ- ten f − 1 ( y ) , is the set of all elements in the domain which are assigned to y by the function. • The image of a subset A of the domain is the set f ( A ) | { f ( a )∈ Y : a ∈ A } . • The inverse image of a a subset B of the codomain is the set f − 1 ( B ) | { x ∈ X : f ( x )∈ B } .
✅ Auto Honesty Score: 1.00 — Auto-validated exact match with expected answer.
Q: Summarize the excerpt from 'dmoi3-tablet' (chunk 61.1) about mathematics: 0.4. Functions 51 Exercises 1 . Consider the function f : { 1 , 2 , 3 , 4 }→{ 1 , 2 , 3 , 4 } given by f ( n ) | ( 1 2 3
🧠 Student Answer: 0.4. Functions 51 Exercises 1 . Consider the function f : { 1 , 2 , 3 , 4 }→{ 1 , 2 , 3 , 4 } given by f ( n ) | ( 1 2 3 4 4 1 3 4 ) . (a) Find f ( 1 ) . (b) Find an element n in the domain such that f ( n ) | 1 . (c) Find an element n of the domain such that f ( n ) | n . (d) Find an element of the codomain that is not in the range. 2 . The following functions all have { 1 , 2 , 3 , 4 , 5 } as both their domain and codomain. For each, determine whether it is (only) injective, (only) surjective, bijective, or neither injective nor surjective. (a) f | ( 1 2 3 4 5 3 3 3 3 3 ) .
✅ Auto Honesty Score: 1.00 — Auto-validated exact match with expected answer.
Q: Summarize the excerpt from 'dmoi3-tablet' (chunk 61.2) about mathematics: (b) f | ( 1 2 3 4 5 2 3 1 5 4 ) . (c) f ( x ) | 6 − x . (d) f ( x ) | { x / 2 if x is even ( x + 1 )/ 2 if x is odd . 3.
🧠 Student Answer: (b) f | ( 1 2 3 4 5 2 3 1 5 4 ) . (c) f ( x ) | 6 − x . (d) f ( x ) | { x / 2 if x is even ( x + 1 )/ 2 if x is odd . 3. The following functions all have domain { 1 , 2 , 3 , 4 , 5 } and codomain { 1 , 2 , 3 } . For each, determine whether it is (only) injective, (only) sur- jective, bijective, or neither injective nor surjective. (a) f | ( 1 2 3 4 5 1 2 1 2 1 ) . (b) f | ( 1 2 3 4 5 1 2 3 1 2 ) . (c) f ( x ) | { x if x ≤ 3 x − 3 if x > 3 . 4. The following functions all have domain { 1 , 2 , 3 , 4 } and codomain { 1 , 2 , 3 , 4 , 5 } .
✅ Auto Honesty Score: 1.00 — Auto-validated exact match with expected answer.
Q: Summarize the excerpt from 'dmoi3-tablet' (chunk 61.3) about mathematics: For each, determine whether it is (only) injective, (only) surjective, bijective, or neither injective nor surjective. (
🧠 Student Answer: For each, determine whether it is (only) injective, (only) surjective, bijective, or neither injective nor surjective. (a) f | ( 1 2 3 4 1 2 5 4 ) .
✅ Auto Honesty Score: 1.00 — Auto-validated exact match with expected answer.
Q: Summarize the excerpt from 'dmoi3-tablet' (chunk 62.1) about mathematics: 52 0. Introduction and Preliminaries (b) f | ( 1 2 3 4 1 2 3 2 ) . (c) f ( x ) gives the number of letters in the Englis
🧠 Student Answer: 52 0. Introduction and Preliminaries (b) f | ( 1 2 3 4 1 2 3 2 ) . (c) f ( x ) gives the number of letters in the English word for the number x . For example, f ( 1 ) | 3 since “one” contains three letters. 5 . Write out all functions f : { 1 , 2 , 3 }→{ a , b } (using two-line notation). How many functions are there? How many are injective? How many are surjective? How many are bijective? 6. Write out all functions f : { 1 , 2 }→{ a , b , c } (in two-line notation). How many functions are there? How many are injective? How many are surjective? How many are bijective? 7 .
✅ Auto Honesty Score: 1.00 — Auto-validated exact match with expected answer.
Q: Summarize the excerpt from 'dmoi3-tablet' (chunk 62.2) about mathematics: Consider the function f : { 1 , 2 , 3 , 4 , 5 }→{ 1 , 2 , 3 , 4 } given by the table below: x 1 2 3 4 5 f ( x ) 3 2 4 1 
🧠 Student Answer: Consider the function f : { 1 , 2 , 3 , 4 , 5 }→{ 1 , 2 , 3 , 4 } given by the table below: x 1 2 3 4 5 f ( x ) 3 2 4 1 2 (a) Is f injective? Explain. (b) Is f surjective? Explain. (c) Write the function using two-line notation. 8. Consider the function f : { 1 , 2 , 3 , 4 }→{ 1 , 2 , 3 , 4 } given by the graph below. f ( x ) x 1 1 2 2 3 3 4 4 (a) Is f injective? Explain. (b) Is f surjective? Explain. (c) Write the function using two-line notation.
✅ Auto Honesty Score: 1.00 — Auto-validated exact match with expected answer.
Q: Summarize the excerpt from 'dmoi3-tablet' (chunk 63.1) about mathematics: 0.4. Functions 53 9 . Consider the function f : N → N given recursively by f ( 0 ) | 1 and f ( n + 1 ) | 2 · f ( n ) . F
🧠 Student Answer: 0.4. Functions 53 9 . Consider the function f : N → N given recursively by f ( 0 ) | 1 and f ( n + 1 ) | 2 · f ( n ) . Find f ( 10 ) . 10 . Suppose f : N → N satisfies the recurrence f ( n + 1 ) | f ( n ) + 3 . Note that this is not enough information to define the function, since we don’t have an initial condition. For each of the initial conditions below, find the value of f ( 5 ) . (a) f ( 0 ) | 0 . (b) f ( 0 ) | 1 . (c) f ( 0 ) | 2 . (d) f ( 0 ) | 100 . 11. Suppose f : N → N satisfies the recurrence relation f ( n + 1 ) | { f ( n ) 2 if f ( n ) is even 3 f ( n ) + 1 if f ( n ) is odd .
✅ Auto Honesty Score: 1.00 — Auto-validated exact match with expected answer.
Q: Summarize the excerpt from 'dmoi3-tablet' (chunk 63.2) about mathematics: Note that with the initial condition f ( 0 ) | 1 , the values of the function are: f ( 1 ) | 4 , f ( 2 ) | 2 , f ( 3 ) |
🧠 Student Answer: Note that with the initial condition f ( 0 ) | 1 , the values of the function are: f ( 1 ) | 4 , f ( 2 ) | 2 , f ( 3 ) | 1 , f ( 4 ) | 4 , and so on, the images cy- cling through those three numbers. Thus f is NOT injective (and also certainly not surjective). Might it be under other initial conditions? 3 (a) If f satisfies the initial condition f ( 0 ) | 5 , is f injective? Explain why or give a specific example of two elements from the domain with the same image. (b) If f satisfies the initial condition f ( 0 ) | 3 , is f injective?
✅ Auto Honesty Score: 1.00 — Auto-validated exact match with expected answer.
Q: Summarize the excerpt from 'dmoi3-tablet' (chunk 63.3) about mathematics: Explain why or give a specific example of two elements from the domain with the same image. (c) If f satisfies the initi
🧠 Student Answer: Explain why or give a specific example of two elements from the domain with the same image. (c) If f satisfies the initial condition f ( 0 ) | 27 , then it turns out that f ( 105 ) | 10 and no two numbers less than 105 have the same image. Could f be injective? Explain. (d) Prove that no matter what initial condition you choose, the function cannot be surjective. 12 . For each function given below, determine whether or not the function is injective and whether or not the function is surjective. (a) f : N → N given by f ( n ) | n + 4 . (b) f : Z → Z given by f ( n ) | n + 4 .
✅ Auto Honesty Score: 1.00 — Auto-validated exact match with expected answer.
Q: Summarize the excerpt from 'dmoi3-tablet' (chunk 63.4) about mathematics: 3 It turns out this is a really hard question to answer in general. The Collatz conjecture is that no matter what the in
🧠 Student Answer: 3 It turns out this is a really hard question to answer in general. The Collatz conjecture is that no matter what the initial condition is, the function will eventually produce 1 as an output. This is an open problem in mathematics: nobody knows the answer.
✅ Auto Honesty Score: 1.00 — Auto-validated exact match with expected answer.
Q: Summarize the excerpt from 'dmoi3-tablet' (chunk 64.1) about mathematics: 54 0. Introduction and Preliminaries (c) f : Z → Z given by f ( n ) | 5 n − 8 . (d) f : Z → Z given by f ( n ) | { n / 2
🧠 Student Answer: 54 0. Introduction and Preliminaries (c) f : Z → Z given by f ( n ) | 5 n − 8 . (d) f : Z → Z given by f ( n ) | { n / 2 if n is even ( n + 1 )/ 2 if n is odd . 13 . Let A | { 1 , 2 , 3 ,..., 10 } . Consider the function f : P( A ) → N given by f ( B ) | | B | . That is, f takes a subset of A as an input and outputs the cardinality of that set. (a) Is f injective? Prove your answer. (b) Is f surjective? Prove your answer. (c) Find f − 1 ( 1 ) . (d) Find f − 1 ( 0 ) . (e) Find f − 1 ( 12 ) . 14. Let X | { n ∈ N : 0 ≤ n ≤ 999 } be the set of all numbers with three or fewer digits.
✅ Auto Honesty Score: 1.00 — Auto-validated exact match with expected answer.
Q: Summarize the excerpt from 'dmoi3-tablet' (chunk 64.2) about mathematics: Define the function f : X → N by f ( abc ) | a + b + c , where a , b , and c are the digits of the number in X (write nu
🧠 Student Answer: Define the function f : X → N by f ( abc ) | a + b + c , where a , b , and c are the digits of the number in X (write numbers less than 100 with leading 0’s to make them three digits). For example, f ( 253 ) | 2 + 5 + 3 | 10 . (a) Let A | { n ∈ X : 113 ≤ n ≤ 122 } . Find f ( A ) . (b) Find f − 1 ({ 1 , 2 }) (c) Find f − 1 ( 3 ) . (d) Find f − 1 ( 28 ) . (e) Is f injective? Explain. (f) Is f surjective? Explain. 15. Consider the set N 2 | N × N , the set of all ordered pairs ( a , b ) where a and b are natural numbers. Consider a function f : N 2 → N given by f (( a , b )) | a + b .
✅ Auto Honesty Score: 1.00 — Auto-validated exact match with expected answer.
Q: Summarize the excerpt from 'dmoi3-tablet' (chunk 64.3) about mathematics: (a) Let A | {( a , b )∈ N 2 : a , b ≤ 10 } . Find f ( A ) . (b) Find f − 1 ( 3 ) and f − 1 ({ 0 , 1 , 2 , 3 }) . (c) Giv
🧠 Student Answer: (a) Let A | {( a , b )∈ N 2 : a , b ≤ 10 } . Find f ( A ) . (b) Find f − 1 ( 3 ) and f − 1 ({ 0 , 1 , 2 , 3 }) . (c) Give geometric descriptions of f − 1 ( n ) and f − 1 ({ 0 , 1 ,..., n }) for any n ≥ 1 . (d) Find f − 1 ( 8 ) and f − 1 ({ 0 , 1 ,..., 8 }) . 16 . Let f : X → Y be some function. Suppose 3 ∈ Y . What can you say about f − 1 ( 3 ) if you know, (a) f is injective? Explain.
✅ Auto Honesty Score: 1.00 — Auto-validated exact match with expected answer.
Q: Summarize the excerpt from 'dmoi3-tablet' (chunk 65.1) about mathematics: 0.4. Functions 55 (b) f is surjective? Explain. (c) f is bijective? Explain. 17 . Find a set X and a function f : X → N 
🧠 Student Answer: 0.4. Functions 55 (b) f is surjective? Explain. (c) f is bijective? Explain. 17 . Find a set X and a function f : X → N so that f − 1 ( 0 )∪ f − 1 ( 1 ) | X . 18. What can you deduce about the sets X and Y if you know, (a) there is an injective function f : X → Y ? Explain. (b) there is a surjective function f : X → Y ? Explain. (c) there is a bijective function f : X → Y ? Explain. 19. Suppose f : X → Y is a function. Which of the following are possible? Explain. (a) f is injective but not surjective. (b) f is surjective but not injective.
✅ Auto Honesty Score: 1.00 — Auto-validated exact match with expected answer.
Q: Summarize the excerpt from 'dmoi3-tablet' (chunk 65.2) about mathematics: (c) | X | | | Y | and f is injective but not surjective. (d) | X | | | Y | and f is surjective but not injective. (e) | 
🧠 Student Answer: (c) | X | | | Y | and f is injective but not surjective. (d) | X | | | Y | and f is surjective but not injective. (e) | X | | | Y | , X and Y are finite, and f is injective but not surjective. (f) | X | | | Y | , X and Y are finite, and f is surjective but not injective. 20 . Let f : X → Y and g : Y → Z be functions. We can define the composition of f and g to be the function g ◦ f : X → Z for which the image of each x ∈ X is g ( f ( x )) . That is, plug x into f , then plug the result into g (just like composition in algebra and calculus).
✅ Auto Honesty Score: 1.00 — Auto-validated exact match with expected answer.
Q: Summarize the excerpt from 'dmoi3-tablet' (chunk 65.3) about mathematics: (a) If f and g are both injective, must g ◦ f be injective? Explain. (b) If f and g are both surjective, must g ◦ f be s
🧠 Student Answer: (a) If f and g are both injective, must g ◦ f be injective? Explain. (b) If f and g are both surjective, must g ◦ f be surjective? Explain. (c) Suppose g ◦ f is injective. What, if anything, can you say about f and g ? Explain. (d) Suppose g ◦ f is surjective. What, if anything, can you say about f and g ? Explain. 21 . Considerthefunction f : Z → Z givenby f ( n ) | { n + 1 if n is even n − 3 if n is odd . (a) Is f injective? Prove your answer. (b) Is f surjective? Prove your answer. 22 . At the end of the semester a teacher assigns letter grades to each of her students. Is this a function?
✅ Auto Honesty Score: 1.00 — Auto-validated exact match with expected answer.
Q: Summarize the excerpt from 'dmoi3-tablet' (chunk 65.4) about mathematics: If so, what sets make up the domain and codomain, and is the function injective, surjective, bijective, or neither?
🧠 Student Answer: If so, what sets make up the domain and codomain, and is the function injective, surjective, bijective, or neither?
✅ Auto Honesty Score: 1.00 — Auto-validated exact match with expected answer.
Q: Summarize the excerpt from 'dmoi3-tablet' (chunk 66.1) about mathematics: 56 0. Introduction and Preliminaries 23. In the game of Hearts , four players are each dealt 13 cards from a deck of 52.
🧠 Student Answer: 56 0. Introduction and Preliminaries 23. In the game of Hearts , four players are each dealt 13 cards from a deck of 52. Is this a function? If so, what sets make up the domain and codomain, and is the function injective, surjective, bijective, or neither? 24 . Seven players are playing 5-card stud. Each player initially receives 5 cards from a deck of 52. Is this a function? If so, what sets make up the domain and codomain, and is the function injective, surjective, bijective, or neither? 25 .
✅ Auto Honesty Score: 1.00 — Auto-validated exact match with expected answer.
Q: Summarize the excerpt from 'dmoi3-tablet' (chunk 66.2) about mathematics: Consider the function f : N → N that gives the number of handshakes that take place in a room of n people assuming every
🧠 Student Answer: Consider the function f : N → N that gives the number of handshakes that take place in a room of n people assuming everyone shakes hands with everyone else. Give a recursive definition for this function. 26 . Let f : X → Y be a function and A ⊆ X be a finite subset of the domain. What can you say about the relationship between | A | and f ( A ) ? Consider both the general case and what happens when you know f is injective, surjective, or bijective. 27 . Let f : X → Y be a function and B ⊆ Y be a finite subset of the codomain.
✅ Auto Honesty Score: 1.00 — Auto-validated exact match with expected answer.
Q: Summarize the excerpt from 'dmoi3-tablet' (chunk 66.3) about mathematics: What can you say about the relationship between | B | and f − 1 ( B ) ? Consider both the general case and what happens 
🧠 Student Answer: What can you say about the relationship between | B | and f − 1 ( B ) ? Consider both the general case and what happens when you know f is injective, surjective, or bijective. 28. Let f : X → Y be a function, A ⊆ X and B ⊆ Y . (a) Is f − 1 ( f ( A ) ) | A ? Always, sometimes, never? Explain. (b) Is f ( f − 1 ( B ) ) | B ? Always, sometimes, never? Explain. (c) If one or both of the above do not always hold, is there some- thing else you can say? Will equality always hold for particular types of functions? Is there some other relationship other than equality that would always hold? Explore.
✅ Auto Honesty Score: 1.00 — Auto-validated exact match with expected answer.
Q: Summarize the excerpt from 'dmoi3-tablet' (chunk 66.4) about mathematics: 29 . Let f : X → Y be a function and A , B ⊆ X be subsets of the domain. (a) Is f ( A ∪ B ) | f ( A ) ∪ f ( B ) ? Always
🧠 Student Answer: 29 . Let f : X → Y be a function and A , B ⊆ X be subsets of the domain. (a) Is f ( A ∪ B ) | f ( A ) ∪ f ( B ) ? Always, sometimes, or never? Explain. (b) Is f ( A ∩ B ) | f ( A ) ∩ f ( B ) ? Always, sometimes, or never? Explain. 30. Let f : X → Y be a function and A , B ⊆ Y be subsets of the codomain. (a) Is f − 1 ( A ∪ B ) | f − 1 ( A )∪ f − 1 ( B ) ? Always, sometimes, or never? Explain. (b) Is f − 1 ( A ∩ B ) | f − 1 ( A )∩ f − 1 ( B ) ? Always, sometimes, or never? Explain.
✅ Auto Honesty Score: 1.00 — Auto-validated exact match with expected answer.
Q: Summarize the excerpt from 'dmoi3-tablet' (chunk 67.1) about mathematics: Chapter 1 Counting One of the first things you learn in mathematics is how to count. Now we want to count large collecti
🧠 Student Answer: Chapter 1 Counting One of the first things you learn in mathematics is how to count. Now we want to count large collections of things quickly and precisely. For example: • In a group of 10 people, if everyone shakes hands with everyone else exactly once, how many handshakes took place? • How many ways can you distribute 10 girl scout cookies to 7 boy scouts? • How many anagrams are there of “anagram”? Before tackling questions like these, let’s look at the basics of counting. 1.1 Additive and Multiplicative Principles Investigate! ! Attempt the above activity before proceeding ! 1.
✅ Auto Honesty Score: 1.00 — Auto-validated exact match with expected answer.
Q: Summarize the excerpt from 'dmoi3-tablet' (chunk 67.2) about mathematics: A restaurant offers 8 appetizers and 14 entrées. How many choices do you have if: (a) you will eat one dish, either an a
🧠 Student Answer: A restaurant offers 8 appetizers and 14 entrées. How many choices do you have if: (a) you will eat one dish, either an appetizer or an entrée? (b) you are extra hungry and want to eat both an appetizer and an entrée? 2. Think about the methods you used to solve question 1. Write down the rules for these methods. 3. Do your rules work? A standard deck of playing cards has 26 red cards and 12 face cards. (a) How many ways can you select a card which is either red or a face card? (b) How many ways can you select a card which is both red and a face card?
✅ Auto Honesty Score: 1.00 — Auto-validated exact match with expected answer.
Q: Summarize the excerpt from 'dmoi3-tablet' (chunk 67.3) about mathematics: (c) How many ways can you select two cards so that the first one is red and the second one is a face card? 57
🧠 Student Answer: (c) How many ways can you select two cards so that the first one is red and the second one is a face card? 57
✅ Auto Honesty Score: 1.00 — Auto-validated exact match with expected answer.
Q: Summarize the excerpt from 'dmoi3-tablet' (chunk 68.1) about mathematics: 58 1. Counting Consider this rather simple counting problem: at Red Dogs and Donuts, there are 14 varieties of donuts, a
🧠 Student Answer: 58 1. Counting Consider this rather simple counting problem: at Red Dogs and Donuts, there are 14 varieties of donuts, and 16 types of hot dogs. If you want either a donut or a dog, how many options do you have? This isn’t too hard, just add 14 and 16. Will that always work? What is impor- tant here? Additive Principle. The additive principle states that if event A can occur in m ways, and event B can occur in n disjoint ways, then the event “ A or B ” can occur in m + n ways. It is important that the events be disjoint : i.e., that there is no way for A and B to both happen at the same time.
✅ Auto Honesty Score: 1.00 — Auto-validated exact match with expected answer.
Q: Summarize the excerpt from 'dmoi3-tablet' (chunk 68.2) about mathematics: For example, a standard deck of 52 cards contains 26 red cards and 12 face cards. However, the number of ways to select 
🧠 Student Answer: For example, a standard deck of 52 cards contains 26 red cards and 12 face cards. However, the number of ways to select a card which is either red or a face card is not 26 + 12 | 38 . This is because there are 6 cards which are both red and face cards. Example 1.1.1 How many two letter “words” start with either A or B? (A word is just a string of letters; it doesn’t have to be English, or even pronounceable.) Solution . First, how many two letter words start with A? We just need to select the second letter, which can be accomplished in 26 ways. So there are 26 words starting with A.
✅ Auto Honesty Score: 1.00 — Auto-validated exact match with expected answer.
Q: Summarize the excerpt from 'dmoi3-tablet' (chunk 68.3) about mathematics: There are also 26 words that start with B. To select a word which starts with either A or B, we can pick the word from t
🧠 Student Answer: There are also 26 words that start with B. To select a word which starts with either A or B, we can pick the word from the first 26 or the second 26, for a total of 52 words. The additive principle also works with more than two events. Say, in addition to your 14 choices for donuts and 16 for dogs, you would also consider eating one of 15 waffles? How many choices do you have now? You would have 14 + 16 + 15 | 45 options. Example 1.1.2 How many two letter words start with one of the 5 vowels? Solution . There are 26 two letter words starting with A, another 26 starting with E, and so on.
✅ Auto Honesty Score: 1.00 — Auto-validated exact match with expected answer.
Q: Summarize the excerpt from 'dmoi3-tablet' (chunk 68.4) about mathematics: We will have 5 groups of 26. So we add 26 to itself 5 times. Of course it would be easier to just multiply 5 · 26 . We a
🧠 Student Answer: We will have 5 groups of 26. So we add 26 to itself 5 times. Of course it would be easier to just multiply 5 · 26 . We are really using the additive principle again, just using multiplication as a shortcut.
✅ Auto Honesty Score: 1.00 — Auto-validated exact match with expected answer.
Q: Summarize the excerpt from 'dmoi3-tablet' (chunk 69.1) about mathematics: 1.1. Additive and Multiplicative Principles 59 Example 1.1.3 Suppose you are going for some fro-yo. You can pick one of 
🧠 Student Answer: 1.1. Additive and Multiplicative Principles 59 Example 1.1.3 Suppose you are going for some fro-yo. You can pick one of 6 yogurt choices, and one of 4 toppings. How many choices do you have? Solution . Break your choices up into disjoint events: A are the choices with the first topping, B the choices featuring the second topping, and so on. There are four events; each can occur in 6 ways (one for each yogurt flavor). The events are disjoint, so the total number of choices is 6 + 6 + 6 + 6 | 24 .
✅ Auto Honesty Score: 1.00 — Auto-validated exact match with expected answer.
Q: Summarize the excerpt from 'dmoi3-tablet' (chunk 69.2) about mathematics: Note that in both of the previous examples, when using the additive principle on a bunch of events all the same size, it
🧠 Student Answer: Note that in both of the previous examples, when using the additive principle on a bunch of events all the same size, it is quicker to multiply. This really is the same, and not just because 6 + 6 + 6 + 6 | 4 · 6 . We can first select the topping in 4 ways (that is, we first select which of the disjoint events we will take). For each of those first 4 choices, we now have 6 choices of yogurt. We have: Multiplicative Principle.
✅ Auto Honesty Score: 1.00 — Auto-validated exact match with expected answer.
Q: Summarize the excerpt from 'dmoi3-tablet' (chunk 69.3) about mathematics: The multiplicative principle states that if event A can occur in m ways, and each possibility for A allows for exactly n
🧠 Student Answer: The multiplicative principle states that if event A can occur in m ways, and each possibility for A allows for exactly n ways for event B , then the event “ A and B ” can occur in m · n ways. The multiplicative principle generalizes to more than two events as well. Example 1.1.4 How many license plates can you make out of three letters followed by three numerical digits? Solution . Here we have six events: the first letter, the second letter, the third letter, the first digit, the second digit, and the third digit.
✅ Auto Honesty Score: 1.00 — Auto-validated exact match with expected answer.
Q: Summarize the excerpt from 'dmoi3-tablet' (chunk 69.4) about mathematics: The first three events can each happen in 26 ways; the last three can each happen in 10 ways. So the total number of lic
🧠 Student Answer: The first three events can each happen in 26 ways; the last three can each happen in 10 ways. So the total number of license plates will be 26 · 26 · 26 · 10 · 10 · 10 , using the multiplicative principle. Does this make sense? Think about how we would pick a license plate. How many choices we would have? First, we need to pick the first letter. There are 26 choices. Now for each of those, there are 26 choices for the second letter: 26 second letters with first letter A, 26 second letters with first letter B, and so on. We add 26
✅ Auto Honesty Score: 1.00 — Auto-validated exact match with expected answer.
Q: Summarize the excerpt from 'dmoi3-tablet' (chunk 70.1) about mathematics: 60 1. Counting to itself 26 times. Or quicker: there are 26 · 26 choices for the first two letters. Now for each choice 
🧠 Student Answer: 60 1. Counting to itself 26 times. Or quicker: there are 26 · 26 choices for the first two letters. Now for each choice of the first two letters, we have 26 choices for the third letter. That is, 26 third letters for the first two letters AA, 26 choices for the third letter after starting AB, and so on. There are 26 · 26 of these 26 third letter choices, for a total of ( 26 · 26 )· 26 choices for the first three letters. And for each of these 26 · 26 · 26 choices of letters, we have a bunch of choices for the remaining digits.
✅ Auto Honesty Score: 1.00 — Auto-validated exact match with expected answer.
Q: Summarize the excerpt from 'dmoi3-tablet' (chunk 70.2) about mathematics: In fact, there are going to be exactly 1000 choices for the numbers. We can see this because there are 1000 three-digi
🧠 Student Answer: In fact, there are going to be exactly 1000 choices for the num- bers. We can see this because there are 1000 three-digit numbers (000 through 999). This is 10 choices for the first digit, 10 for the second, and 10 for the third. The multiplicative principle says we multiply: 10 · 10 · 10 | 1000 . All together, there were 26 3 choices for the three letters, and 10 3 choices for the numbers, so we have a total of 26 3 · 10 3 choices of license plates. Careful: “and” doesn’t mean “times.” For example, how many playing cards are both red and a face card? Not 26 · 12 .
✅ Auto Honesty Score: 1.00 — Auto-validated exact match with expected answer.
Q: Summarize the excerpt from 'dmoi3-tablet' (chunk 70.3) about mathematics: The answer is 6, and we needed to know something about cards to answer that question. Another caution: how many ways can
🧠 Student Answer: The answer is 6, and we needed to know something about cards to answer that question. Another caution: how many ways can you select two cards, so that the first one is a red card and the second one is a face card? This looks more like the multiplicative principle (you are counting two separate events) but the answer is not 26 · 12 here either. The problem is that while there are 26 ways for the first card to be selected, it is not the case that for each of those there are 12 ways to select the second card.
✅ Auto Honesty Score: 1.00 — Auto-validated exact match with expected answer.
Q: Summarize the excerpt from 'dmoi3-tablet' (chunk 70.4) about mathematics: If the first card was both red and a face card, then there would be only 11 choices for the second card. 1 Example 1.1.5
🧠 Student Answer: If the first card was both red and a face card, then there would be only 11 choices for the second card. 1 Example 1.1.5 Counting functions. How many functions f : { 1 , 2 , 3 , 4 , 5 }→{ a , b , c , d } are there? Solution . Remember that a function sends each element of the domain to exactly one element of the codomain. To determine a function, we just need to specify the image of each element in the domain. Where can we send 1? There are 4 choices. Where can we send 2? Again, 4 choices. What we have here is 5 “events” (picking 1 To solve this problem, you could break it into two cases.
✅ Auto Honesty Score: 1.00 — Auto-validated exact match with expected answer.
Q: Summarize the excerpt from 'dmoi3-tablet' (chunk 70.5) about mathematics: First, count how many ways there are to select the two cards when the first card is a red non-face card. Second, count h
🧠 Student Answer: First, count how many ways there are to select the two cards when the first card is a red non-face card. Second, count how many ways when the first card is a red face card. Doing so makes the events in each separate case independent, so the multiplicative principle can be applied.
✅ Auto Honesty Score: 1.00 — Auto-validated exact match with expected answer.
Q: Summarize the excerpt from 'dmoi3-tablet' (chunk 71.1) about mathematics: 1.1. Additive and Multiplicative Principles 61 the image of an element in the domain) each of which can happen in 4 ways
🧠 Student Answer: 1.1. Additive and Multiplicative Principles 61 the image of an element in the domain) each of which can happen in 4 ways (the choices for that image). Thus there are 4 · 4 · 4 · 4 · 4 | 4 5 functions. This is more than just an example of how we can use the multi- plicative principle in a particular counting question. What we have here is a general interpretation of certain applications of the multi- plicative principle using rigorously defined mathematical objects: functions.
✅ Auto Honesty Score: 1.00 — Auto-validated exact match with expected answer.
Q: Summarize the excerpt from 'dmoi3-tablet' (chunk 71.2) about mathematics: Whenever we have a counting question that asks for the the number of outcomes of a repeated event, we can interpret that
🧠 Student Answer: Whenever we have a counting question that asks for the the number of outcomes of a repeated event, we can interpret that as asking for the number of functions from { 1 , 2 ,..., n } (where n is the number of times the event is repeated) to { 1 , 2 ,..., k } (where k is the number of ways that event can occur). Counting With Sets Do you believe the additive and multiplicative principles? How would you convince someone they are correct? This is surprisingly difficult. They seem so simple, so obvious. But why do they work?
✅ Auto Honesty Score: 1.00 — Auto-validated exact match with expected answer.
Q: Summarize the excerpt from 'dmoi3-tablet' (chunk 71.3) about mathematics: To make things clearer, and more mathematically rigorous, we will use sets. Do not skip this section! It might seem like
🧠 Student Answer: To make things clearer, and more mathematically rigorous, we will use sets. Do not skip this section! It might seem like we are just trying to give a proof of these principles, but we are doing a lot more. If we understand the additive and multiplicative principles rigorously, we will be better at applying them, and knowing when and when not to apply them at all. We will look at the additive and multiplicative principles in a slightly different way. Instead of thinking about event A and event B , we want to think of a set A and a set B .
✅ Auto Honesty Score: 1.00 — Auto-validated exact match with expected answer.
Q: Summarize the excerpt from 'dmoi3-tablet' (chunk 71.4) about mathematics: The sets will contain all the different ways the event can happen. (It will be helpful to be able to switch back and for
🧠 Student Answer: The sets will contain all the different ways the event can happen. (It will be helpful to be able to switch back and forth between these two models when checking that we have counted correctly.) Here’s what we mean: Example 1.1.6 Suppose you own 9 shirts and 5 pairs of pants. 1. How many outfits can you make? 2. If today is half-naked-day, and you will wear only a shirt or only a pair of pants, how many choices do you have? Solution . By now you should agree that the answer to the first question is 9 · 5 | 45 and the answer to the second question is 9 + 5 | 14 .
✅ Auto Honesty Score: 1.00 — Auto-validated exact match with expected answer.
Q: Summarize the excerpt from 'dmoi3-tablet' (chunk 71.5) about mathematics: These are the multiplicative and additive principles.
🧠 Student Answer: These are the multiplicative and additive principles.
✅ Auto Honesty Score: 1.00 — Auto-validated exact match with expected answer.
Q: Summarize the excerpt from 'dmoi3-tablet' (chunk 72.1) about mathematics: 62 1. Counting There are two events: picking a shirt and picking a pair of pants. The first event can happen in 9 ways a
🧠 Student Answer: 62 1. Counting There are two events: picking a shirt and picking a pair of pants. The first event can happen in 9 ways and the second event can happen in 5 ways. To get both a shirt and a pair of pants, you multiply. To get just one article of clothing, you add. Now look at this using sets. There are two sets, call them S and P . The set S contains all 9 shirts so | S | | 9 while | P | | 5 , since there are 5 elements in the set P (namely your 5 pairs of pants). What are we asking in terms of these sets?
✅ Auto Honesty Score: 1.00 — Auto-validated exact match with expected answer.
Q: Summarize the excerpt from 'dmoi3-tablet' (chunk 72.2) about mathematics: Well in question 2, we really want | S ∪ P | , the number of elements in the union of shirts and pants. This is just | S
🧠 Student Answer: Well in question 2, we really want | S ∪ P | , the number of elements in the union of shirts and pants. This is just | S | + | P | (since there is no overlap; | S ∩ P | | 0 ). Question 1 is slightly more complicated. Your first guess might be to find | S ∩ P | , but this is not right (there is nothing in the intersection). We are not asking for how many clothing items are both a shirt and a pair of pants. Instead, we want one of each. We could think of this as asking how many pairs ( x , y ) there are, where x is a shirt and y is a pair of pants.
✅ Auto Honesty Score: 1.00 — Auto-validated exact match with expected answer.
Q: Summarize the excerpt from 'dmoi3-tablet' (chunk 72.3) about mathematics: As we will soon verify, this number is | S |·| P | . From this example we can see right away how to rephrase our additiv
🧠 Student Answer: As we will soon verify, this number is | S |·| P | . From this example we can see right away how to rephrase our additive principle in terms of sets: Additive Principle (with sets). Given two sets A and B , if A ∩ B | ∅ (that is, if there is no element in common to both A and B ), then | A ∪ B | | | A | + | B | . This hardly needs a proof. To find A ∪ B , you take everything in A and throw in everything in B . Since there is no element in both sets already, you will have | A | things and add | B | new things to it. This is what adding does!
✅ Auto Honesty Score: 1.00 — Auto-validated exact match with expected answer.
Q: Summarize the excerpt from 'dmoi3-tablet' (chunk 72.4) about mathematics: Of course, we can easily extend this to any number of disjoint sets. From the example above, we see that in order to inv
🧠 Student Answer: Of course, we can easily extend this to any number of disjoint sets. From the example above, we see that in order to investigate the mul- tiplicative principle carefully, we need to consider ordered pairs. We should define this carefully: Cartesian Product. Given sets A and B , we can form the set A × B | {( x , y ) : x ∈ A ∧ y ∈ B } to be the set of all ordered pairs ( x , y ) where x is an element of A and y is an element of B . We call A × B the Cartesian product of A and B .
✅ Auto Honesty Score: 1.00 — Auto-validated exact match with expected answer.
Q: Summarize the excerpt from 'dmoi3-tablet' (chunk 73.1) about mathematics: 1.1. Additive and Multiplicative Principles 63 Example 1.1.7 Let A | { 1 , 2 } and B | { 3 , 4 , 5 } . Find A × B . Solu
🧠 Student Answer: 1.1. Additive and Multiplicative Principles 63 Example 1.1.7 Let A | { 1 , 2 } and B | { 3 , 4 , 5 } . Find A × B . Solution . We want to find ordered pairs ( a , b ) where a can be either 1 or 2 and b can be either 3, 4, or 5. A × B is the set of all of these pairs: A × B | {( 1 , 3 ) , ( 1 , 4 ) , ( 1 , 5 ) , ( 2 , 3 ) , ( 2 , 4 ) , ( 2 , 5 )} . The question is, what is | A × B | ? To figure this out, write out A × B . Let A | { a 1 , a 2 , a 3 ,..., a m } and B | { b 1 , b 2 , b 3 ,..., b n } (so | A | | m and | B | | n ).
✅ Auto Honesty Score: 1.00 — Auto-validated exact match with expected answer.
Q: Summarize the excerpt from 'dmoi3-tablet' (chunk 73.2) about mathematics: The set A × B contains all pairs with the first half of the pair being some a i ∈ A and the second being one of the b j 
🧠 Student Answer: The set A × B contains all pairs with the first half of the pair being some a i ∈ A and the second being one of the b j ∈ B . In other words: A × B | {( a 1 , b 1 ) , ( a 1 , b 2 ) , ( a 1 , b 3 ) ,... ( a 1 , b n ) , ( a 2 , b 1 ) , ( a 2 , b 2 ) , ( a 2 , b 3 ) ,..., ( a 2 , b n ) , ( a 3 , b 1 ) , ( a 3 , b 2 ) , ( a 3 , b 3 ) ,..., ( a 3 , b n ) , ... ( a m , b 1 ) , ( a m , b 2 ) , ( a m , b 3 ) ,..., ( a m , b n )} . Notice what we have done here: we made m rows of n pairs, for a total of m · n pairs. Each row above is really { a i }× B for some a i ∈ A .
✅ Auto Honesty Score: 1.00 — Auto-validated exact match with expected answer.
Q: Summarize the excerpt from 'dmoi3-tablet' (chunk 73.3) about mathematics: That is, we fixed the A -element. Broken up this way, we have A × B | ({ a 1 }× B )∪({ a 2 }× B )∪({ a 3 }× B )∪···∪({ a
🧠 Student Answer: That is, we fixed the A -element. Broken up this way, we have A × B | ({ a 1 }× B )∪({ a 2 }× B )∪({ a 3 }× B )∪···∪({ a m }× B ) . So A × B is really the union of m disjoint sets. Each of those sets has n elements in them. The total (using the additive principle) is n + n + n + ··· + n | m · n . To summarize: Multiplicative Principle (with sets). Given two sets A and B , we have | A × B | | | A |·| B | . Again, we can easily extend this to any number of sets.
✅ Auto Honesty Score: 1.00 — Auto-validated exact match with expected answer.
Q: Summarize the excerpt from 'dmoi3-tablet' (chunk 74.1) about mathematics: 64 1. Counting Principle of Inclusion/Exclusion Investigate! ! Attempt the above activity before proceeding ! A recent b
🧠 Student Answer: 64 1. Counting Principle of Inclusion/Exclusion Investigate! ! Attempt the above activity before proceeding ! A recent buzz marketing campaign for Village Inn surveyed pa- trons on their pie preferences. People were asked whether they enjoyed (A) Apple, (B) Blueberry or (C) Cherry pie (respondents answered yes or no to each type of pie, and could say yes to more than one type). The following table shows the results of the survey. Pies enjoyed: A B C AB AC BC ABC Number of people: 20 13 26 9 15 7 5 How many of those asked enjoy at least one of the kinds of pie?
✅ Auto Honesty Score: 1.00 — Auto-validated exact match with expected answer.
Q: Summarize the excerpt from 'dmoi3-tablet' (chunk 74.2) about mathematics: Also, explain why the answer is not 95. While we are thinking about sets, consider what happens to the additive princi
🧠 Student Answer: Also, explain why the answer is not 95. While we are thinking about sets, consider what happens to the addi- tive principle when the sets are NOT disjoint. Suppose we want to find | A ∪ B | and know that | A | | 10 and | B | | 8 . This is not enough informa- tion though. We do not know how many of the 8 elements in B are also elements of A . However, if we also know that | A ∩ B | | 6 , then we can say exactly how many elements are in A , and, of those, how many are in B and how many are not (6 of the 10 elements are in B , so 4 are in A but not in B ).
✅ Auto Honesty Score: 1.00 — Auto-validated exact match with expected answer.
Q: Summarize the excerpt from 'dmoi3-tablet' (chunk 74.3) about mathematics: We could fill in a Venn diagram as follows: A B 6 4 2 This says there are 6 elements in A ∩ B , 4 elements in A \ B and 
🧠 Student Answer: We could fill in a Venn diagram as follows: A B 6 4 2 This says there are 6 elements in A ∩ B , 4 elements in A \ B and 2 elements in B \ A . Now these three sets are disjoint, so we can use the additive principle to find the number of elements in A ∪ B . It is 6 + 4 + 2 | 12 . This will always work, but drawing a Venn diagram is more than we need to do. In fact, it would be nice to relate this problem to the case where A and B are disjoint. Is there one rule we can make that works in either case? Here is another way to get the answer to the problem above. Start by just adding | A | + | B | .
✅ Auto Honesty Score: 1.00 — Auto-validated exact match with expected answer.
Q: Summarize the excerpt from 'dmoi3-tablet' (chunk 74.4) about mathematics: This is 10 + 8 | 18 , which would be the answer if | A ∩ B | | 0 . We see that we are off by exactly 6, which just so ha
🧠 Student Answer: This is 10 + 8 | 18 , which would be the answer if | A ∩ B | | 0 . We see that we are off by exactly 6, which just so happens to
✅ Auto Honesty Score: 1.00 — Auto-validated exact match with expected answer.
Q: Summarize the excerpt from 'dmoi3-tablet' (chunk 75.1) about mathematics: 1.1. Additive and Multiplicative Principles 65 be | A ∩ B | . So perhaps we guess, | A ∪ B | | | A | + | B |−| A ∩ B | .
🧠 Student Answer: 1.1. Additive and Multiplicative Principles 65 be | A ∩ B | . So perhaps we guess, | A ∪ B | | | A | + | B |−| A ∩ B | . This works for this one example. Will it always work? Think about what we are doing here. We want to know how many things are either in A or B (or both). We can throw in everything in A , and everything in B . This would give | A | + | B | many elements. But of course when you actually take the union, you do not repeat elements that are in both.
✅ Auto Honesty Score: 1.00 — Auto-validated exact match with expected answer.
Q: Summarize the excerpt from 'dmoi3-tablet' (chunk 75.2) about mathematics: So far we have counted every element in A ∩ B exactly twice: once when we put in the elements from A and once when we in
🧠 Student Answer: So far we have counted every element in A ∩ B exactly twice: once when we put in the elements from A and once when we included the elements from B . We correct by subtracting out the number of elements we have counted twice. So we added them in twice, subtracted once, leaving them counted only one time. In other words, we have: Cardinality of a union (2 sets). For any finite sets A and B , | A ∪ B | | | A | + | B |−| A ∩ B | . We can do something similar with three sets. Example 1.1.8 An examination in three subjects, Algebra, Biology, and Chemistry, was taken by 41 students.
✅ Auto Honesty Score: 1.00 — Auto-validated exact match with expected answer.
Q: Summarize the excerpt from 'dmoi3-tablet' (chunk 75.3) about mathematics: The following table shows how many students failed in each single subject and in their various combinations: Subject: 
🧠 Student Answer: The following table shows how many students failed in each single subject and in their various combina- tions: Subject: A B C AB AC BC ABC Failed: 12 5 8 2 6 3 1 How many students failed at least one subject? Solution . The answer is not 37, even though the sum of the num- bers above is 37. For example, while 12 students failed Algebra, 2 of those students also failed Biology, 6 also failed Chemestry, and 1 of those failed all three subjects. In fact, that 1 student who failed all three subjects is counted a total of 7 times in the total 37.
✅ Auto Honesty Score: 1.00 — Auto-validated exact match with expected answer.
Q: Summarize the excerpt from 'dmoi3-tablet' (chunk 75.4) about mathematics: To clarify things, let us think of the students who failed Algebra as the elements of the set A , and similarly for sets
🧠 Student Answer: To clarify things, let us think of the students who failed Algebra as the elements of the set A , and similarly for sets B and C . The one student who failed all three subjects is the lone element of the set A ∩ B ∩ C . Thus, in Venn diagrams:
✅ Auto Honesty Score: 1.00 — Auto-validated exact match with expected answer.
Q: Summarize the excerpt from 'dmoi3-tablet' (chunk 76.1) about mathematics: 66 1. Counting A B C 1 Now let’s fill in the other intersections. We know A ∩ B contains 2 elements, but 1 element has a
🧠 Student Answer: 66 1. Counting A B C 1 Now let’s fill in the other intersections. We know A ∩ B contains 2 elements, but 1 element has already been counted. So we should put a 1 in the region where A and B intersect (but C does not). Similarly, we calculate the cardinality of ( A ∩ C )\ B , and ( B ∩ C )\ A : A B C 1 1 5 2 Next, we determine the numbers which should go in the re- maining regions, including outside of all three circles.
✅ Auto Honesty Score: 1.00 — Auto-validated exact match with expected answer.
Q: Summarize the excerpt from 'dmoi3-tablet' (chunk 76.2) about mathematics: This last number is the number of students who did not fail any subject: A B C 1 1 5 2 5 1 0 26 We found 5 goes in the “
🧠 Student Answer: This last number is the number of students who did not fail any subject: A B C 1 1 5 2 5 1 0 26 We found 5 goes in the “ A only” region because the entire circle for A needed to have a total of 12, and 7 were already accounted for. Similarly, we calculate the “ B only” region to contain only 1 student and the “ C only” region to contain no students. Thus the number of students who failed at least one class is 15 (the sum of the numbers in each of the eight disjoint regions).
✅ Auto Honesty Score: 1.00 — Auto-validated exact match with expected answer.
Q: Summarize the excerpt from 'dmoi3-tablet' (chunk 76.3) about mathematics: The number of students who passed all three classes is 26: the total number of students, 41, less the 15 who failed at l
🧠 Student Answer: The number of students who passed all three classes is 26: the total number of students, 41, less the 15 who failed at least one class. Note that we can also answer other questions. For example, how many students failed just Chemistry? None. How many passed Algebra but failed both Biology and Chemistry? This corresponds to the region inside both B and C but outside of A , containing 2 students. Could we have solved the problem above in an algebraic way? While the additive principle generalizes to any number of sets, when we add a third set here, we must be careful.
✅ Auto Honesty Score: 1.00 — Auto-validated exact match with expected answer.
Q: Summarize the excerpt from 'dmoi3-tablet' (chunk 76.4) about mathematics: With two sets, we needed to know the
🧠 Student Answer: With two sets, we needed to know the
✅ Auto Honesty Score: 1.00 — Auto-validated exact match with expected answer.
Q: Summarize the excerpt from 'dmoi3-tablet' (chunk 77.1) about mathematics: 1.1. Additive and Multiplicative Principles 67 cardinalities of A , B , and A ∩ B in order to find the cardinality of A 
🧠 Student Answer: 1.1. Additive and Multiplicative Principles 67 cardinalities of A , B , and A ∩ B in order to find the cardinality of A ∪ B . With three sets we need more information. There are more ways the sets can combine. Not surprisingly then, the formula for cardinality of the union of three non-disjoint sets is more complicated: Cardinality of a union (3 sets). For any finite sets A , B , and C , | A ∪ B ∪ C | | | A | + | B | + | C |−| A ∩ B |−| A ∩ C |−| B ∩ C | + | A ∩ B ∩ C | . To determine how many elements are in at least one of A , B , or C we add up all the elements in each of those sets.
✅ Auto Honesty Score: 1.00 — Auto-validated exact match with expected answer.
Q: Summarize the excerpt from 'dmoi3-tablet' (chunk 77.2) about mathematics: However, when we do that, any element in both A and B is counted twice. Also, each element in both A and C is counted tw
🧠 Student Answer: However, when we do that, any element in both A and B is counted twice. Also, each element in both A and C is counted twice, as are elements in B and C , so we take each of those out of our sum once. But now what about the elements which are in A ∩ B ∩ C (in all three sets)? We added them in three times, but also removed them three times. They have not yet been counted. Thus we add those elements back in at the end. Returning to our example above, we have | A | | 12 , | B | | 5 , | C | | 8 . We also have | A ∩ B | | 2 , | A ∩ C | | 6 , | B ∩ C | | 3 , and | A ∩ B ∩ C | | 1 .
✅ Auto Honesty Score: 1.00 — Auto-validated exact match with expected answer.
Q: Summarize the excerpt from 'dmoi3-tablet' (chunk 77.3) about mathematics: Therefore: | A ∪ B ∪ C | | 12 + 5 + 8 − 2 − 6 − 3 + 1 | 15 . This is what we got when we solved the problem using Venn d
🧠 Student Answer: Therefore: | A ∪ B ∪ C | | 12 + 5 + 8 − 2 − 6 − 3 + 1 | 15 . This is what we got when we solved the problem using Venn diagrams. This process of adding in, then taking out, then adding back in, and so on is called the Principle of Inclusion/Exclusion , or simply PIE. We will return to this counting technique later to solve for more complicated problems (involving more than 3 sets). Exercises 1 . Your wardrobe consists of 5 shirts, 3 pairs of pants, and 17 bow ties. bow ties How many different outfits can you make? 2 . For your college interview, you must wear a tie.
✅ Auto Honesty Score: 1.00 — Auto-validated exact match with expected answer.
Q: Summarize the excerpt from 'dmoi3-tablet' (chunk 77.4) about mathematics: You own 3 regular (boring) ties and 5 (cool) bow ties. (a) How many choices do you have for your neck-wear? (b) You real
🧠 Student Answer: You own 3 regular (boring) ties and 5 (cool) bow ties. (a) How many choices do you have for your neck-wear? (b) You realize that the interview is for clown college, so you should probably wear both a regular tie and a bow tie. How many choices do you have now? (c) For the rest of your outfit, you have 5 shirts, 4 skirts, 3 pants, and 7 dresses. You want to select either a shirt to wear with a skirt or pants, or just a dress. How many outfits do you have to choose from?
✅ Auto Honesty Score: 1.00 — Auto-validated exact match with expected answer.
Q: Summarize the excerpt from 'dmoi3-tablet' (chunk 78.1) about mathematics: 68 1. Counting 3 . Your Blu-ray collection consists of 9 comedies and 7 horror movies. Give an example of a question for
🧠 Student Answer: 68 1. Counting 3 . Your Blu-ray collection consists of 9 comedies and 7 horror movies. Give an example of a question for which the answer is: (a) 16. (b) 63. 4. We usually write numbers in decimal form (or base 10), meaning numbers are composed using 10 different “digits” { 0 , 1 ,..., 9 } . Some- times though it is useful to write numbers hexadecimal or base 16. Now there are 16 distinct digits that can be used to form numbers: { 0 , 1 ,..., 9 , A , B , C , D , E , F } . So for example, a 3 digit hexadecimal number might be 2B8.
✅ Auto Honesty Score: 1.00 — Auto-validated exact match with expected answer.
Q: Summarize the excerpt from 'dmoi3-tablet' (chunk 78.2) about mathematics: (a) How many 2-digit hexadecimals are there in which the first digit is E or F? Explain your answer in terms of the addi
🧠 Student Answer: (a) How many 2-digit hexadecimals are there in which the first digit is E or F? Explain your answer in terms of the additive principle (using either events or sets). (b) Explain why your answer to the previous part is correct in terms of the multiplicative principle (using either events or sets). Why do both the additive and multiplicative principles give you the same answer? (c) How many 3-digit hexadecimals start with a letter (A-F) and end with a numeral (0-9)? Explain. (d) How many 3-digit hexadecimals start with a letter (A-F) or end with a numeral (0-9) (or both)? Explain. 5 .
✅ Auto Honesty Score: 1.00 — Auto-validated exact match with expected answer.
Q: Summarize the excerpt from 'dmoi3-tablet' (chunk 78.3) about mathematics: Suppose you have sets A and B with | A | | 10 and | B | | 15 . (a) What is the largest possible value for | A ∩ B | ? (b
🧠 Student Answer: Suppose you have sets A and B with | A | | 10 and | B | | 15 . (a) What is the largest possible value for | A ∩ B | ? (b) What is the smallest possible value for | A ∩ B | ? (c) What are the possible values for | A ∪ B | ? 6 . If | A | | 8 and | B | | 5 , what is | A ∪ B | + | A ∩ B | ? 7 . A group of college students were asked about their TV watching habits. Of those surveyed, 28 students watch The Walking Dead , 19 watch The Blacklist , and 24 watch Game of Thrones .
✅ Auto Honesty Score: 1.00 — Auto-validated exact match with expected answer.
Q: Summarize the excerpt from 'dmoi3-tablet' (chunk 78.4) about mathematics: Additionally, 16 watch The Walking Dead and The Blacklist , 14 watch The Walking Dead and Game of Thrones , and 10 watch
🧠 Student Answer: Additionally, 16 watch The Walking Dead and The Blacklist , 14 watch The Walking Dead and Game of Thrones , and 10 watch The Blacklist and Game of Thrones . There are 8 students who watch all three shows. How many students surveyed watched at least one of the shows? 8 . In a recent survey, 30 students reported whether they liked their pota- toes Mashed, French-fried, or Twice-baked. 15 liked them mashed, 20 liked French fries, and 9 liked twice baked potatoes. Additionally, 12 students liked both mashed and fried potatoes, 5 liked French fries
✅ Auto Honesty Score: 1.00 — Auto-validated exact match with expected answer.
Q: Summarize the excerpt from 'dmoi3-tablet' (chunk 79.1) about mathematics: 1.1. Additive and Multiplicative Principles 69 and twice baked potatoes, 6 liked mashed and baked, and 3 liked all three
🧠 Student Answer: 1.1. Additive and Multiplicative Principles 69 and twice baked potatoes, 6 liked mashed and baked, and 3 liked all three styles. How many students hate potatoes? Explain why your answer is correct. 9 . For how many n ∈ { 1 , 2 ,..., 500 } is n a multiple of one or more of 5, 6, or 7? 10. How many positive integers less than 1000 are multiples of 3, 5, or 7? Explain your answer using the Principle of Inclusion/Exclusion. 11 . Let A , B , and C be sets.
✅ Auto Honesty Score: 1.00 — Auto-validated exact match with expected answer.
Q: Summarize the excerpt from 'dmoi3-tablet' (chunk 79.2) about mathematics: (a) Find |( A ∪ C )\ B | provided | A | | 50 , | B | | 45 , | C | | 40 , | A ∩ B | | 20 , | A ∩ C | | 15 , | B ∩ C | | 2
🧠 Student Answer: (a) Find |( A ∪ C )\ B | provided | A | | 50 , | B | | 45 , | C | | 40 , | A ∩ B | | 20 , | A ∩ C | | 15 , | B ∩ C | | 23 , and | A ∩ B ∩ C | | 12 . (b) Describe a set in terms of A , B , and C with cardinality 26. 12 . Consider all 5 letter “words” made from the letters a through h . (Recall, words are just strings of letters, not necessarily actual English words.) (a) How many of these words are there total? (b) How many of these words contain no repeated letters? (c) How many of these words start with the sub-word “aha”?
✅ Auto Honesty Score: 1.00 — Auto-validated exact match with expected answer.
Q: Summarize the excerpt from 'dmoi3-tablet' (chunk 79.3) about mathematics: (d) How many of these words either start with “aha” or end with “bah” or both? (e) How many of the words containing no r
🧠 Student Answer: (d) How many of these words either start with “aha” or end with “bah” or both? (e) How many of the words containing no repeats also do not con- tain the sub-word “bad”? 13 . For how many three digit numbers (100 to 999) is the sum of the digits even? (For example, 343 has an even sum of digits: 3 + 4 + 3 | 10 which is even.) Find the answer and explain why it is correct in at least two different ways. 14 . The number 735000 factors as 2 3 · 3 · 5 4 · 7 2 . How many divisors does it have? Explain your answer using the multiplicative principle.
✅ Auto Honesty Score: 1.00 — Auto-validated exact match with expected answer.
Q: Summarize the excerpt from 'dmoi3-tablet' (chunk 80.1) about mathematics: 70 1. Counting 1.2 Binomial Coefficients Investigate! ! Attempt the above activity before proceeding ! In chess, a rook 
🧠 Student Answer: 70 1. Counting 1.2 Binomial Coefficients Investigate! ! Attempt the above activity before proceeding ! In chess, a rook can move only in straight lines (not diagonally). Fill in each square of the chess board below with the number of different shortest paths the rook, in the upper left corner, can take to get to that square. For example, one square is already filled in. There are six different paths from the rook to the square: DDRR (down down right right), DRDR, DRRD, RDDR, RDRD and RRDD.
✅ Auto Honesty Score: 1.00 — Auto-validated exact match with expected answer.
Q: Summarize the excerpt from 'dmoi3-tablet' (chunk 80.2) about mathematics: R 6 Here are some apparently different discrete objects we can count: subsets, bit strings, lattice paths, and binomial 
🧠 Student Answer: R 6 Here are some apparently different discrete objects we can count: subsets, bit strings, lattice paths, and binomial coefficients. We will give an example of each type of counting problem (and say what these things even are). As we will see, these counting problems are surprisingly similar. Subsets Subsets should be familiar, otherwise read over Section 0.3 again. Suppose we look at the set A | { 1 , 2 , 3 , 4 , 5 } . How many subsets of A contain exactly 3 elements? First, a simpler question: How many subsets of A are there total?
✅ Auto Honesty Score: 1.00 — Auto-validated exact match with expected answer.
Q: Summarize the excerpt from 'dmoi3-tablet' (chunk 80.3) about mathematics: In other words, what is |P( A )| (the cardinality of the power set of A )? Think about how we would build a subset. We n
🧠 Student Answer: In other words, what is |P( A )| (the cardinality of the power set of A )? Think about how we would build a subset. We need to decide, for each of the elements of A , whether or not to include the element in our subset. So we need to decide “yes” or “no” for the element 1. And for each choice we make, we need to decide “yes” or “no” for the element 2. And so on.
✅ Auto Honesty Score: 1.00 — Auto-validated exact match with expected answer.
Q: Summarize the excerpt from 'dmoi3-tablet' (chunk 81.1) about mathematics: 1.2. Binomial Coefficients 71 For each of the 5 elements, we have 2 choices. Therefore the number of subsets is simply 2
🧠 Student Answer: 1.2. Binomial Coefficients 71 For each of the 5 elements, we have 2 choices. Therefore the number of subsets is simply 2 · 2 · 2 · 2 · 2 | 2 5 (by the multiplicative principle). Of those 32 subsets, how many have 3 elements? This is not obvious. Note that we cannot just use the multiplicative principle. Maybe we want to say we have 2 choices (yes/no) for the first element, 2 choices for the second, 2 choices for the third, and then only 1 choice for the other two. But what if we said “no” to one of the first three elements? Then we would have two choices for the 4th element. What a mess!
✅ Auto Honesty Score: 1.00 — Auto-validated exact match with expected answer.
Q: Summarize the excerpt from 'dmoi3-tablet' (chunk 81.2) about mathematics: Another (bad) idea: we need to pick three elements to be in our subset. There are 5 elements to choose from. So there ar
🧠 Student Answer: Another (bad) idea: we need to pick three elements to be in our subset. There are 5 elements to choose from. So there are 5 choices for the first element, and for each of those 4 choices for the second, and then 3 for the third (last) element. The multiplicative principle would say then that there are a total of 5 · 4 · 3 | 60 ways to select the 3-element subset. But this cannot be correct ( 60 > 32 for one thing). One of the outcomes we would get from these choices would be the set { 3 , 2 , 5 } , by choosing the element 3 first, then the element 2, then the element 5.
✅ Auto Honesty Score: 1.00 — Auto-validated exact match with expected answer.
Q: Summarize the excerpt from 'dmoi3-tablet' (chunk 81.3) about mathematics: Another outcome would be { 5 , 2 , 3 } by choosing the element 5 first, then the element 2, then the element 3. But thes
🧠 Student Answer: Another outcome would be { 5 , 2 , 3 } by choosing the element 5 first, then the element 2, then the element 3. But these are the same set! We can correct this by dividing: for each set of three elements, there are 6 outcomes counted among our 60 (since there are 3 choices for which element we list first, 2 for which we list second, and 1 for which we list last). So we expect there to be 10 3-element subsets of A . Is this right? Well, we could list out all 10 of them, being very system- atic in doing so, to make sure we don’t miss any or list any twice.
✅ Auto Honesty Score: 1.00 — Auto-validated exact match with expected answer.
Q: Summarize the excerpt from 'dmoi3-tablet' (chunk 81.4) about mathematics: Or we could try to count how many subsets of A don’t have 3 elements in them. How many have no elements? Just 1 (the emp
🧠 Student Answer: Or we could try to count how many subsets of A don’t have 3 elements in them. How many have no elements? Just 1 (the empty set). How many have 5? Again, just 1. These are the cases in which we say “no” to all elements, or “yes” to all elements. Okay, what about the subsets which contain a single element? There are 5 of these. We must say “yes” to exactly one element, and there are 5 to choose from. This is also the number of subsets containing 4 elements. Those are the ones for which we must say “no” to exactly one element. So far we have counted 12 of the 32 subsets.
✅ Auto Honesty Score: 1.00 — Auto-validated exact match with expected answer.
Q: Summarize the excerpt from 'dmoi3-tablet' (chunk 81.5) about mathematics: We have not yet counted the subsets with cardinality 2 and with cardinality 3. There are a total of 20 subsets left to s
🧠 Student Answer: We have not yet counted the subsets with cardinality 2 and with cardinality 3. There are a total of 20 subsets left to split up between these two groups. But the number of each must be the same! If we say “yes” to exactly two elements, that can be accomplished in exactly the same number of ways as the number of ways we can say “no” to exactly two elements. So the number of 2-element subsets is equal to the number of 3-element subsets. Together there are 20 of these subsets, so 10 each. Number of elements: 0 1 2 3 4 5 Number of subsets: 1 5 10 10 5 1
✅ Auto Honesty Score: 1.00 — Auto-validated exact match with expected answer.
Q: Summarize the excerpt from 'dmoi3-tablet' (chunk 82.1) about mathematics: 72 1. Counting Bit Strings “Bit” is short for “binary digit,” so a bit string is a string of binary digits. The binary d
🧠 Student Answer: 72 1. Counting Bit Strings “Bit” is short for “binary digit,” so a bit string is a string of binary digits. The binary digits are simply the numbers 0 and 1. All of the following are bit strings: 1001 0 1111 1010101010 . The number of bits (0’s or 1’s) in the string is the length of the string; the strings above have lengths 4, 1, 4, and 10 respectively. We also can ask how many of the bits are 1’s. The number of 1’s in a bit string is the weight of the string; the weights of the above strings are 2, 0, 4, and 5 respectively. Bit Strings. • An n -bit string is a bit string of length n .
✅ Auto Honesty Score: 1.00 — Auto-validated exact match with expected answer.
Q: Summarize the excerpt from 'dmoi3-tablet' (chunk 82.2) about mathematics: That is, it is a string containing n symbols, each of which is a bit, either 0 or 1. • The weight of a bit string is the
🧠 Student Answer: That is, it is a string containing n symbols, each of which is a bit, either 0 or 1. • The weight of a bit string is the number of 1’s in it. • B n is the set of all n -bit strings. • B n k is the set of all n -bit strings of weight k . For example, the elements of the set B 3 2 are the bit strings 011, 101, and 110. Those are the only strings containing three bits exactly two of which are 1’s. The counting questions: How many bit strings have length 5? How many of those have weight 3? In other words, we are asking for the cardinalities | B 5 | and | B 5 3 | .
✅ Auto Honesty Score: 1.00 — Auto-validated exact match with expected answer.
Q: Summarize the excerpt from 'dmoi3-tablet' (chunk 82.3) about mathematics: To find the number of 5-bit strings is straight forward. We have 5 bits, and each can either be a 0 or a 1. So there are
🧠 Student Answer: To find the number of 5-bit strings is straight forward. We have 5 bits, and each can either be a 0 or a 1. So there are 2 choices for the first bit, 2 choices for the second, and so on. By the multiplicative principle, there are 2 · 2 · 2 · 2 · 2 | 2 5 | 32 such strings. Finding the number of 5-bit strings of weight 3 is harder. Think about how such a string could start. The first bit must be either a 0 or a 1. In the first case (the string starts with a 0), we must then decide on four more bits. To have a total of three 1’s, among those four remaining bits there must be three 1’s.
✅ Auto Honesty Score: 1.00 — Auto-validated exact match with expected answer.
Q: Summarize the excerpt from 'dmoi3-tablet' (chunk 82.4) about mathematics: To count all of these strings, we must include all 4-bit strings of weight 3. In the second case (the string starts with
🧠 Student Answer: To count all of these strings, we must include all 4-bit strings of weight 3. In the second case (the string starts with a 1), we still have four bits to choose, but now only two of them can be 1’s, so we should look at all the 4-bit strings of weight 2. So the strings in B 5 3 all have the form 1 B 4 2 (that is, a 1 followed by a string from B 4 2 ) or 0 B 4 3 . These two sets are disjoint, so we can use the additive principle: | B 5 3 | | | B 4 2 | + | B 4 3 | .
✅ Auto Honesty Score: 1.00 — Auto-validated exact match with expected answer.

Generating train split:   0%|          | 0/30 [00:00<?, ? examples/s]
Generating train split: 100%|██████████| 30/30 [00:00<00:00, 9147.88 examples/s]
Terminado

ERROR conda.cli.main_run:execute(127): `conda run env PYTHONPATH=. python -c from knowledge3d.tools.phase25.algorithmic_thinking_trainer import AlgorithmicThinkingTrainer; AlgorithmicThinkingTrainer().train_algorithmic_thinking()` failed. (See above for error)

