[Phase22] Generating 1000 clusters (GPU-only torch KMeans)...
✅ PIL already installed.
📦 Installing librosa via conda (conda-forge)...
⚠️  Auto-install for librosa failed: [Errno 2] No such file or directory: 'conda'
✅ pygltflib already installed.
🖼️  Mapped 0 ARC-AGI images.
🔊 Mapped 0 HLE audio files.
🧠 Auto-generating up to 1000 meaning clusters from datasets (GPU)...
✅ Generated 800 meaning clusters (GPU torch KMeans).
💾 Saved clusters: logs/phase22_clusters.json
[Phase22] Training all clusters (GPU-only AdaptedFusedHead)...
✅ PIL already installed.
📦 Installing librosa via conda (conda-forge)...
⚠️  Auto-install for librosa failed: [Errno 2] No such file or directory: 'conda'
✅ pygltflib already installed.
🖼️  Mapped 0 ARC-AGI images.
🔊 Mapped 0 HLE audio files.

🧠 TRAINING ON MEANING CLUSTER: cluster_0000
   Description: Auto-curated: ARC pattern from fc754716...

Q1: ARC pattern from fc754716
🧠 Student Answer: hypersphere_projection
❌ -1 point. Incorrect or cross‑modally inconsistent.

Q2: ARC pattern from fc754716
🧠 Student Answer: tetrahedron
❌ -1 point. Incorrect or cross‑modally inconsistent.

Q3: ARC pattern from fc754716
🧠 Student Answer: hypersphere_projection
❌ -1 point. Incorrect or cross‑modally inconsistent.

Q4: ARC pattern from fc754716
🧠 Student Answer: cube
❌ -1 point. Incorrect or cross‑modally inconsistent.
📊 Cluster cluster_0000 Round 1: Accuracy 0%, Honesty -1.00
🔧 Generating remedial queries for cluster cluster_0000...

Q1: ARC pattern from fc754716
🧠 Student Answer: modality_ray
❌ -1 point. Incorrect or cross‑modally inconsistent.

Q2: ARC pattern from fc754716
🧠 Student Answer: octahedron
❌ -1 point. Incorrect or cross‑modally inconsistent.

Q3: ARC pattern from fc754716
🧠 Student Answer: honesty_ray
❌ -1 point. Incorrect or cross‑modally inconsistent.

Q4: ARC pattern from fc754716
🧠 Student Answer: tetrahedron
⚠️  +0.5 point. Partially correct — cross‑modal inconsistency detected.

Q5: Remedial: Why is 'ARC pattern from fc754716' best represented by hypersphere_projection?
🧠 Student Answer: map_ray_thickness_to_resolution_kernel
✅ +1 point. Correct and cross‑modally consistent.

Q6: Remedial: Why is 'ARC pattern from fc754716' best represented by hypersphere_projection?
🧠 Student Answer: honesty_ray
❌ -1 point. Incorrect or cross‑modally inconsistent.

Q7: Remedial: Why is 'ARC pattern from fc754716' best represented by hypersphere_projection?
🧠 Student Answer: honesty_ray
❌ -1 point. Incorrect or cross‑modally inconsistent.
📊 Cluster cluster_0000 Round 2: Accuracy 14%, Honesty -0.50
🔧 Generating remedial queries for cluster cluster_0000...

Q1: ARC pattern from fc754716
🧠 Student Answer: modality_ray
❌ -1 point. Incorrect or cross‑modally inconsistent.

Q2: ARC pattern from fc754716
🧠 Student Answer: octahedron
❌ -1 point. Incorrect or cross‑modally inconsistent.

Q3: ARC pattern from fc754716
🧠 Student Answer: modality_ray
❌ -1 point. Incorrect or cross‑modally inconsistent.

Q4: ARC pattern from fc754716
🧠 Student Answer: tetrahedron
❌ -1 point. Incorrect or cross‑modally inconsistent.

Q5: Remedial: Why is 'ARC pattern from fc754716' best represented by hypersphere_projection?
🧠 Student Answer: entropy_ray
❌ -1 point. Incorrect or cross‑modally inconsistent.

Q6: Remedial: Why is 'ARC pattern from fc754716' best represented by hypersphere_projection?
🧠 Student Answer: fractal_tree
❌ -1 point. Incorrect or cross‑modally inconsistent.

Q7: Remedial: Why is 'ARC pattern from fc754716' best represented by hypersphere_projection?
🧠 Student Answer: octahedron
⚠️  +0.5 point. Partially correct — cross‑modal inconsistency detected.

Q8: Remedial: Why is 'ARC pattern from fc754716' best represented by hypersphere_projection?
🧠 Student Answer: render_ray_if_honest_kernel
❌ -1 point. Incorrect or cross‑modally inconsistent.

Q9: Remedial: Why is 'ARC pattern from fc754716' best represented by hypersphere_projection?
🧠 Student Answer: hypersphere_projection
⚠️  +0.5 point. Partially correct — cross‑modal inconsistency detected.

Q10: Remedial: Why is 'ARC pattern from fc754716' best represented by hypersphere_projection?
🧠 Student Answer: icosahedron
⚠️  +0.5 point. Partially correct — cross‑modal inconsistency detected.
📊 Cluster cluster_0000 Round 3: Accuracy 0%, Honesty -0.55
🔧 Generating remedial queries for cluster cluster_0000...

Q1: ARC pattern from fc754716
🧠 Student Answer: adjust_zone_position_kernel
❌ -1 point. Incorrect or cross‑modally inconsistent.

Q2: ARC pattern from fc754716
🧠 Student Answer: cube
❌ -1 point. Incorrect or cross‑modally inconsistent.

Q3: ARC pattern from fc754716
🧠 Student Answer: cube
⚠️  +0.5 point. Partially correct — cross‑modal inconsistency detected.

Q4: ARC pattern from fc754716
🧠 Student Answer: adjust_zone_position_kernel
❌ -1 point. Incorrect or cross‑modally inconsistent.

Q5: Remedial: Why is 'ARC pattern from fc754716' best represented by hypersphere_projection?
🧠 Student Answer: tetrahedron
❌ -1 point. Incorrect or cross‑modally inconsistent.

Q6: Remedial: Why is 'ARC pattern from fc754716' best represented by hypersphere_projection?
🧠 Student Answer: entropy_ray
❌ -1 point. Incorrect or cross‑modally inconsistent.

Q7: Remedial: Why is 'ARC pattern from fc754716' best represented by hypersphere_projection?
🧠 Student Answer: dodecahedron
❌ -1 point. Incorrect or cross‑modally inconsistent.

Q8: Remedial: Why is 'ARC pattern from fc754716' best represented by hypersphere_projection?
🧠 Student Answer: honesty_ray
❌ -1 point. Incorrect or cross‑modally inconsistent.

Q9: Remedial: Why is 'ARC pattern from fc754716' best represented by hypersphere_projection?
🧠 Student Answer: fractal_tree
❌ -1 point. Incorrect or cross‑modally inconsistent.

Q10: Remedial: Why is 'ARC pattern from fc754716' best represented by hypersphere_projection?
🧠 Student Answer: octahedron
❌ -1 point. Incorrect or cross‑modally inconsistent.

Q11: Remedial: Why is 'ARC pattern from fc754716' best represented by hypersphere_projection?
🧠 Student Answer: fractal_tree
❌ -1 point. Incorrect or cross‑modally inconsistent.

Q12: Remedial: Why is 'ARC pattern from fc754716' best represented by hypersphere_projection?
🧠 Student Answer: render_ray_if_honest_kernel
✅ +1 point. Correct and cross‑modally consistent.

Q13: Remedial: Why is 'ARC pattern from fc754716' best represented by hypersphere_projection?
🧠 Student Answer: octahedron
❌ -1 point. Incorrect or cross‑modally inconsistent.
📊 Cluster cluster_0000 Round 4: Accuracy 8%, Honesty -0.73
🔧 Generating remedial queries for cluster cluster_0000...

Q1: ARC pattern from fc754716
🧠 Student Answer: entropy_ray
❌ -1 point. Incorrect or cross‑modally inconsistent.

Q2: ARC pattern from fc754716
🧠 Student Answer: dodecahedron
❌ -1 point. Incorrect or cross‑modally inconsistent.

Q3: ARC pattern from fc754716
🧠 Student Answer: entropy_ray
❌ -1 point. Incorrect or cross‑modally inconsistent.

Q4: ARC pattern from fc754716
🧠 Student Answer: modality_ray
❌ -1 point. Incorrect or cross‑modally inconsistent.

Q5: Remedial: Why is 'ARC pattern from fc754716' best represented by hypersphere_projection?
🧠 Student Answer: honesty_ray
❌ -1 point. Incorrect or cross‑modally inconsistent.

Q6: Remedial: Why is 'ARC pattern from fc754716' best represented by hypersphere_projection?
🧠 Student Answer: honesty_ray
❌ -1 point. Incorrect or cross‑modally inconsistent.

Q7: Remedial: Why is 'ARC pattern from fc754716' best represented by hypersphere_projection?
🧠 Student Answer: modality_ray
⚠️  +0.5 point. Partially correct — cross‑modal inconsistency detected.

Q8: Remedial: Why is 'ARC pattern from fc754716' best represented by hypersphere_projection?
🧠 Student Answer: hypersphere_projection
✅ +1 point. Correct and cross‑modally consistent.

Q9: Remedial: Why is 'ARC pattern from fc754716' best represented by hypersphere_projection?
🧠 Student Answer: cube
❌ -1 point. Incorrect or cross‑modally inconsistent.

Q10: Remedial: Why is 'ARC pattern from fc754716' best represented by hypersphere_projection?
🧠 Student Answer: octahedron
❌ -1 point. Incorrect or cross‑modally inconsistent.

Q11: Remedial: Why is 'ARC pattern from fc754716' best represented by hypersphere_projection?
🧠 Student Answer: fractal_tree
❌ -1 point. Incorrect or cross‑modally inconsistent.

Q12: Remedial: Why is 'ARC pattern from fc754716' best represented by hypersphere_projection?
🧠 Student Answer: fractal_tree
❌ -1 point. Incorrect or cross‑modally inconsistent.

Q13: Remedial: Why is 'ARC pattern from fc754716' best represented by hypersphere_projection?
🧠 Student Answer: fractal_tree
⚠️  +0.5 point. Partially correct — cross‑modal inconsistency detected.

Q14: Remedial: Why is 'ARC pattern from fc754716' best represented by hypersphere_projection?
🧠 Student Answer: adjust_zone_position_kernel
❌ -1 point. Incorrect or cross‑modally inconsistent.

Q15: Remedial: Why is 'ARC pattern from fc754716' best represented by hypersphere_projection?
🧠 Student Answer: modality_ray
⚠️  +0.5 point. Partially correct — cross‑modal inconsistency detected.

Q16: Remedial: Why is 'ARC pattern from fc754716' best represented by hypersphere_projection?
🧠 Student Answer: entropy_ray
✅ +1 point. Correct and cross‑modally consistent.
📊 Cluster cluster_0000 Round 5: Accuracy 12%, Honesty -0.47
🔧 Generating remedial queries for cluster cluster_0000...

Q1: ARC pattern from fc754716
🧠 Student Answer: tetrahedron
❌ -1 point. Incorrect or cross‑modally inconsistent.

Q2: ARC pattern from fc754716
🧠 Student Answer: fractal_tree
❌ -1 point. Incorrect or cross‑modally inconsistent.

Q3: ARC pattern from fc754716
🧠 Student Answer: hypersphere_projection
❌ -1 point. Incorrect or cross‑modally inconsistent.

Q4: ARC pattern from fc754716
🧠 Student Answer: dodecahedron
❌ -1 point. Incorrect or cross‑modally inconsistent.

Q5: Remedial: Why is 'ARC pattern from fc754716' best represented by hypersphere_projection?
🧠 Student Answer: hypersphere_projection
✅ +1 point. Correct and cross‑modally consistent.

Q6: Remedial: Why is 'ARC pattern from fc754716' best represented by hypersphere_projection?
🧠 Student Answer: honesty_ray
⚠️  +0.5 point. Partially correct — cross‑modal inconsistency detected.

Q7: Remedial: Why is 'ARC pattern from fc754716' best represented by hypersphere_projection?
🧠 Student Answer: entropy_ray
❌ -1 point. Incorrect or cross‑modally inconsistent.

Q8: Remedial: Why is 'ARC pattern from fc754716' best represented by hypersphere_projection?
🧠 Student Answer: hypersphere_projection
❌ -1 point. Incorrect or cross‑modally inconsistent.

Q9: Remedial: Why is 'ARC pattern from fc754716' best represented by hypersphere_projection?
🧠 Student Answer: hypersphere_projection
❌ -1 point. Incorrect or cross‑modally inconsistent.

Q10: Remedial: Why is 'ARC pattern from fc754716' best represented by hypersphere_projection?
🧠 Student Answer: honesty_ray
❌ -1 point. Incorrect or cross‑modally inconsistent.

Q11: Remedial: Why is 'ARC pattern from fc754716' best represented by hypersphere_projection?
🧠 Student Answer: entropy_ray
⚠️  +0.5 point. Partially correct — cross‑modal inconsistency detected.

Q12: Remedial: Why is 'ARC pattern from fc754716' best represented by hypersphere_projection?
🧠 Student Answer: adjust_zone_position_kernel
❌ -1 point. Incorrect or cross‑modally inconsistent.

Q13: Remedial: Why is 'ARC pattern from fc754716' best represented by hypersphere_projection?
🧠 Student Answer: octahedron
❌ -1 point. Incorrect or cross‑modally inconsistent.

Q14: Remedial: Why is 'ARC pattern from fc754716' best represented by hypersphere_projection?
🧠 Student Answer: octahedron
⚠️  +0.5 point. Partially correct — cross‑modal inconsistency detected.

Q15: Remedial: Why is 'ARC pattern from fc754716' best represented by hypersphere_projection?
🧠 Student Answer: adjust_zone_position_kernel
❌ -1 point. Incorrect or cross‑modally inconsistent.

Q16: Remedial: Why is 'ARC pattern from fc754716' best represented by hypersphere_projection?
🧠 Student Answer: fractal_tree
⚠️  +0.5 point. Partially correct — cross‑modal inconsistency detected.

Q17: Remedial: Why is 'ARC pattern from fc754716' best represented by hypersphere_projection?
🧠 Student Answer: octahedron
❌ -1 point. Incorrect or cross‑modally inconsistent.

Q18: Remedial: Why is 'ARC pattern from fc754716' best represented by hypersphere_projection?
🧠 Student Answer: render_ray_if_honest_kernel
❌ -1 point. Incorrect or cross‑modally inconsistent.

Q19: Remedial: Why is 'ARC pattern from fc754716' best represented by hypersphere_projection?
🧠 Student Answer: entropy_ray
❌ -1 point. Incorrect or cross‑modally inconsistent.
📊 Cluster cluster_0000 Round 6: Accuracy 5%, Honesty -0.58
⚠️  Cluster 'cluster_0000' not honest enough (-0.58) — not consolidated.
📈 Cluster 'cluster_0000' honesty: -1.00 → -0.58 after 5 remedial rounds

🧠 TRAINING ON MEANING CLUSTER: cluster_0001
   Description: Auto-curated: ARC pattern from 456873bc...

Q1: ARC pattern from 456873bc
🧠 Student Answer: tetrahedron
❌ -1 point. Incorrect or cross‑modally inconsistent.

Q2: ARC pattern from 456873bc
🧠 Student Answer: honesty_ray
❌ -1 point. Incorrect or cross‑modally inconsistent.

Q3: ARC pattern from 456873bc
🧠 Student Answer: fractal_tree
❌ -1 point. Incorrect or cross‑modally inconsistent.
📊 Cluster cluster_0001 Round 1: Accuracy 0%, Honesty -1.00
🔧 Generating remedial queries for cluster cluster_0001...

Q1: ARC pattern from 456873bc
🧠 Student Answer: honesty_ray
❌ -1 point. Incorrect or cross‑modally inconsistent.

Q2: ARC pattern from 456873bc
🧠 Student Answer: tetrahedron
❌ -1 point. Incorrect or cross‑modally inconsistent.

Q3: ARC pattern from 456873bc
🧠 Student Answer: dodecahedron
❌ -1 point. Incorrect or cross‑modally inconsistent.

Q4: Remedial: Why is 'ARC pattern from 456873bc' best represented by hypersphere_projection?
🧠 Student Answer: dodecahedron
❌ -1 point. Incorrect or cross‑modally inconsistent.

Q5: Remedial: Why is 'ARC pattern from 456873bc' best represented by hypersphere_projection?
🧠 Student Answer: dodecahedron
⚠️  +0.5 point. Partially correct — cross‑modal inconsistency detected.

Q6: Remedial: Why is 'ARC pattern from 456873bc' best represented by hypersphere_projection?
🧠 Student Answer: fractal_tree
❌ -1 point. Incorrect or cross‑modally inconsistent.
📊 Cluster cluster_0001 Round 2: Accuracy 0%, Honesty -0.75
🔧 Generating remedial queries for cluster cluster_0001...

Q1: ARC pattern from 456873bc
🧠 Student Answer: cube
❌ -1 point. Incorrect or cross‑modally inconsistent.

Q2: ARC pattern from 456873bc
🧠 Student Answer: fractal_tree
❌ -1 point. Incorrect or cross‑modally inconsistent.

Q3: ARC pattern from 456873bc
🧠 Student Answer: cube
❌ -1 point. Incorrect or cross‑modally inconsistent.

Q4: Remedial: Why is 'ARC pattern from 456873bc' best represented by hypersphere_projection?
🧠 Student Answer: map_ray_thickness_to_resolution_kernel
❌ -1 point. Incorrect or cross‑modally inconsistent.

Q5: Remedial: Why is 'ARC pattern from 456873bc' best represented by hypersphere_projection?
🧠 Student Answer: fractal_tree
❌ -1 point. Incorrect or cross‑modally inconsistent.

Q6: Remedial: Why is 'ARC pattern from 456873bc' best represented by hypersphere_projection?
🧠 Student Answer: adjust_zone_position_kernel
❌ -1 point. Incorrect or cross‑modally inconsistent.

Q7: Remedial: Why is 'ARC pattern from 456873bc' best represented by hypersphere_projection?
🧠 Student Answer: map_ray_thickness_to_resolution_kernel
⚠️  +0.5 point. Partially correct — cross‑modal inconsistency detected.

Q8: Remedial: Why is 'ARC pattern from 456873bc' best represented by hypersphere_projection?
🧠 Student Answer: render_ray_if_honest_kernel
❌ -1 point. Incorrect or cross‑modally inconsistent.

Q9: Remedial: Why is 'ARC pattern from 456873bc' best represented by hypersphere_projection?
🧠 Student Answer: octahedron
⚠️  +0.5 point. Partially correct — cross‑modal inconsistency detected.
📊 Cluster cluster_0001 Round 3: Accuracy 0%, Honesty -0.67
🔧 Generating remedial queries for cluster cluster_0001...

Q1: ARC pattern from 456873bc
🧠 Student Answer: honesty_ray
❌ -1 point. Incorrect or cross‑modally inconsistent.

Q2: ARC pattern from 456873bc
🧠 Student Answer: modality_ray
❌ -1 point. Incorrect or cross‑modally inconsistent.

Q3: ARC pattern from 456873bc
🧠 Student Answer: tetrahedron
❌ -1 point. Incorrect or cross‑modally inconsistent.

Q4: Remedial: Why is 'ARC pattern from 456873bc' best represented by hypersphere_projection?
🧠 Student Answer: honesty_ray
❌ -1 point. Incorrect or cross‑modally inconsistent.

Q5: Remedial: Why is 'ARC pattern from 456873bc' best represented by hypersphere_projection?
🧠 Student Answer: honesty_ray
❌ -1 point. Incorrect or cross‑modally inconsistent.

Q6: Remedial: Why is 'ARC pattern from 456873bc' best represented by hypersphere_projection?
🧠 Student Answer: modality_ray
❌ -1 point. Incorrect or cross‑modally inconsistent.

Q7: Remedial: Why is 'ARC pattern from 456873bc' best represented by hypersphere_projection?
🧠 Student Answer: cube
❌ -1 point. Incorrect or cross‑modally inconsistent.

Q8: Remedial: Why is 'ARC pattern from 456873bc' best represented by hypersphere_projection?
🧠 Student Answer: dodecahedron
✅ +1 point. Correct and cross‑modally consistent.

Q9: Remedial: Why is 'ARC pattern from 456873bc' best represented by hypersphere_projection?
🧠 Student Answer: octahedron
❌ -1 point. Incorrect or cross‑modally inconsistent.

Q10: Remedial: Why is 'ARC pattern from 456873bc' best represented by hypersphere_projection?
🧠 Student Answer: render_ray_if_honest_kernel
❌ -1 point. Incorrect or cross‑modally inconsistent.

Q11: Remedial: Why is 'ARC pattern from 456873bc' best represented by hypersphere_projection?
🧠 Student Answer: tetrahedron
⚠️  +0.5 point. Partially correct — cross‑modal inconsistency detected.

Q12: Remedial: Why is 'ARC pattern from 456873bc' best represented by hypersphere_projection?
🧠 Student Answer: adjust_zone_position_kernel
⚠️  +0.5 point. Partially correct — cross‑modal inconsistency detected.
📊 Cluster cluster_0001 Round 4: Accuracy 8%, Honesty -0.58
🔧 Generating remedial queries for cluster cluster_0001...

Q1: ARC pattern from 456873bc
🧠 Student Answer: dodecahedron
⚠️  +0.5 point. Partially correct — cross‑modal inconsistency detected.

Q2: ARC pattern from 456873bc
🧠 Student Answer: render_ray_if_honest_kernel
⚠️  +0.5 point. Partially correct — cross‑modal inconsistency detected.

Q3: ARC pattern from 456873bc
🧠 Student Answer: icosahedron
❌ -1 point. Incorrect or cross‑modally inconsistent.

Q4: Remedial: Why is 'ARC pattern from 456873bc' best represented by hypersphere_projection?
🧠 Student Answer: honesty_ray
❌ -1 point. Incorrect or cross‑modally inconsistent.

Q5: Remedial: Why is 'ARC pattern from 456873bc' best represented by hypersphere_projection?
🧠 Student Answer: fractal_tree
❌ -1 point. Incorrect or cross‑modally inconsistent.

Q6: Remedial: Why is 'ARC pattern from 456873bc' best represented by hypersphere_projection?
🧠 Student Answer: fractal_tree
✅ +1 point. Correct and cross‑modally consistent.

Q7: Remedial: Why is 'ARC pattern from 456873bc' best represented by hypersphere_projection?
🧠 Student Answer: tetrahedron
❌ -1 point. Incorrect or cross‑modally inconsistent.

Q8: Remedial: Why is 'ARC pattern from 456873bc' best represented by hypersphere_projection?
🧠 Student Answer: fractal_tree
✅ +1 point. Correct and cross‑modally consistent.

Q9: Remedial: Why is 'ARC pattern from 456873bc' best represented by hypersphere_projection?
🧠 Student Answer: cube
❌ -1 point. Incorrect or cross‑modally inconsistent.

Q10: Remedial: Why is 'ARC pattern from 456873bc' best represented by hypersphere_projection?
🧠 Student Answer: icosahedron
❌ -1 point. Incorrect or cross‑modally inconsistent.

Q11: Remedial: Why is 'ARC pattern from 456873bc' best represented by hypersphere_projection?
🧠 Student Answer: tetrahedron
❌ -1 point. Incorrect or cross‑modally inconsistent.

Q12: Remedial: Why is 'ARC pattern from 456873bc' best represented by hypersphere_projection?
🧠 Student Answer: octahedron
❌ -1 point. Incorrect or cross‑modally inconsistent.

Q13: Remedial: Why is 'ARC pattern from 456873bc' best represented by hypersphere_projection?
🧠 Student Answer: fractal_tree
⚠️  +0.5 point. Partially correct — cross‑modal inconsistency detected.

Q14: Remedial: Why is 'ARC pattern from 456873bc' best represented by hypersphere_projection?
🧠 Student Answer: hypersphere_projection
✅ +1 point. Correct and cross‑modally consistent.

Q15: Remedial: Why is 'ARC pattern from 456873bc' best represented by hypersphere_projection?
🧠 Student Answer: cube
⚠️  +0.5 point. Partially correct — cross‑modal inconsistency detected.
📊 Cluster cluster_0001 Round 5: Accuracy 20%, Honesty -0.20
🔧 Generating remedial queries for cluster cluster_0001...

Q1: ARC pattern from 456873bc
🧠 Student Answer: hypersphere_projection
❌ -1 point. Incorrect or cross‑modally inconsistent.

Q2: ARC pattern from 456873bc
🧠 Student Answer: fractal_tree
❌ -1 point. Incorrect or cross‑modally inconsistent.

Q3: ARC pattern from 456873bc
🧠 Student Answer: map_ray_thickness_to_resolution_kernel
❌ -1 point. Incorrect or cross‑modally inconsistent.

Q4: Remedial: Why is 'ARC pattern from 456873bc' best represented by hypersphere_projection?
🧠 Student Answer: octahedron
❌ -1 point. Incorrect or cross‑modally inconsistent.

Q5: Remedial: Why is 'ARC pattern from 456873bc' best represented by hypersphere_projection?
🧠 Student Answer: octahedron
❌ -1 point. Incorrect or cross‑modally inconsistent.

Q6: Remedial: Why is 'ARC pattern from 456873bc' best represented by hypersphere_projection?
🧠 Student Answer: modality_ray
❌ -1 point. Incorrect or cross‑modally inconsistent.

Q7: Remedial: Why is 'ARC pattern from 456873bc' best represented by hypersphere_projection?
🧠 Student Answer: cube
⚠️  +0.5 point. Partially correct — cross‑modal inconsistency detected.

Q8: Remedial: Why is 'ARC pattern from 456873bc' best represented by hypersphere_projection?
🧠 Student Answer: fractal_tree
⚠️  +0.5 point. Partially correct — cross‑modal inconsistency detected.

Q9: Remedial: Why is 'ARC pattern from 456873bc' best represented by hypersphere_projection?
🧠 Student Answer: tetrahedron
❌ -1 point. Incorrect or cross‑modally inconsistent.

Q10: Remedial: Why is 'ARC pattern from 456873bc' best represented by hypersphere_projection?
🧠 Student Answer: render_ray_if_honest_kernel
❌ -1 point. Incorrect or cross‑modally inconsistent.

Q11: Remedial: Why is 'ARC pattern from 456873bc' best represented by hypersphere_projection?
🧠 Student Answer: dodecahedron
❌ -1 point. Incorrect or cross‑modally inconsistent.

Q12: Remedial: Why is 'ARC pattern from 456873bc' best represented by hypersphere_projection?
🧠 Student Answer: entropy_ray
✅ +1 point. Correct and cross‑modally consistent.

Q13: Remedial: Why is 'ARC pattern from 456873bc' best represented by hypersphere_projection?
🧠 Student Answer: honesty_ray
❌ -1 point. Incorrect or cross‑modally inconsistent.

Q14: Remedial: Why is 'ARC pattern from 456873bc' best represented by hypersphere_projection?
🧠 Student Answer: map_ray_thickness_to_resolution_kernel
❌ -1 point. Incorrect or cross‑modally inconsistent.

Q15: Remedial: Why is 'ARC pattern from 456873bc' best represented by hypersphere_projection?
🧠 Student Answer: honesty_ray
⚠️  +0.5 point. Partially correct — cross‑modal inconsistency detected.

Q16: Remedial: Why is 'ARC pattern from 456873bc' best represented by hypersphere_projection?
🧠 Student Answer: entropy_ray
❌ -1 point. Incorrect or cross‑modally inconsistent.

Q17: Remedial: Why is 'Remedial: Why is 'ARC pattern from 456873bc' best represented by hypersphere_projection?' best represented by hypersphere_projection?
🧠 Student Answer: honesty_ray
❌ -1 point. Incorrect or cross‑modally inconsistent.

Q18: Remedial: Why is 'Remedial: Why is 'ARC pattern from 456873bc' best represented by hypersphere_projection?' best represented by hypersphere_projection?
🧠 Student Answer: entropy_ray
⚠️  +0.5 point. Partially correct — cross‑modal inconsistency detected.
📊 Cluster cluster_0001 Round 6: Accuracy 6%, Honesty -0.56
⚠️  Cluster 'cluster_0001' not honest enough (-0.56) — not consolidated.
📈 Cluster 'cluster_0001' honesty: -1.00 → -0.56 after 5 remedial rounds

🧠 TRAINING ON MEANING CLUSTER: cluster_0002
   Description: Auto-curated: ARC pattern from 31d5ba1a...

Q1: ARC pattern from 31d5ba1a
🧠 Student Answer: octahedron
❌ -1 point. Incorrect or cross‑modally inconsistent.

Q2: ARC pattern from 31d5ba1a
🧠 Student Answer: honesty_ray
❌ -1 point. Incorrect or cross‑modally inconsistent.

Q3: ARC pattern from 31d5ba1a
🧠 Student Answer: hypersphere_projection
✅ +1 point. Correct and cross‑modally consistent.

Q4: ARC pattern from 31d5ba1a
🧠 Student Answer: entropy_ray
❌ -1 point. Incorrect or cross‑modally inconsistent.

Q5: ARC pattern from 31d5ba1a
🧠 Student Answer: entropy_ray
❌ -1 point. Incorrect or cross‑modally inconsistent.
📊 Cluster cluster_0002 Round 1: Accuracy 20%, Honesty -0.60
🔧 Generating remedial queries for cluster cluster_0002...

Q1: ARC pattern from 31d5ba1a
🧠 Student Answer: honesty_ray
⚠️  +0.5 point. Partially correct — cross‑modal inconsistency detected.

Q2: ARC pattern from 31d5ba1a
🧠 Student Answer: hypersphere_projection
⚠️  +0.5 point. Partially correct — cross‑modal inconsistency detected.

Q3: ARC pattern from 31d5ba1a
🧠 Student Answer: dodecahedron
❌ -1 point. Incorrect or cross‑modally inconsistent.

Q4: ARC pattern from 31d5ba1a
🧠 Student Answer: adjust_zone_position_kernel
❌ -1 point. Incorrect or cross‑modally inconsistent.

Q5: ARC pattern from 31d5ba1a
🧠 Student Answer: cube
✅ +1 point. Correct and cross‑modally consistent.

Q6: Remedial: Why is 'ARC pattern from 31d5ba1a' best represented by hypersphere_projection?
🧠 Student Answer: hypersphere_projection
⚠️  +0.5 point. Partially correct — cross‑modal inconsistency detected.

Q7: Remedial: Why is 'ARC pattern from 31d5ba1a' best represented by hypersphere_projection?
🧠 Student Answer: fractal_tree
❌ -1 point. Incorrect or cross‑modally inconsistent.

Q8: Remedial: Why is 'ARC pattern from 31d5ba1a' best represented by hypersphere_projection?
🧠 Student Answer: dodecahedron
❌ -1 point. Incorrect or cross‑modally inconsistent.
📊 Cluster cluster_0002 Round 2: Accuracy 12%, Honesty -0.19
🔧 Generating remedial queries for cluster cluster_0002...

Q1: ARC pattern from 31d5ba1a
🧠 Student Answer: entropy_ray
⚠️  +0.5 point. Partially correct — cross‑modal inconsistency detected.

Q2: ARC pattern from 31d5ba1a
🧠 Student Answer: map_ray_thickness_to_resolution_kernel
❌ -1 point. Incorrect or cross‑modally inconsistent.

Q3: ARC pattern from 31d5ba1a
🧠 Student Answer: fractal_tree
❌ -1 point. Incorrect or cross‑modally inconsistent.

Q4: ARC pattern from 31d5ba1a
🧠 Student Answer: dodecahedron
❌ -1 point. Incorrect or cross‑modally inconsistent.

Q5: ARC pattern from 31d5ba1a
🧠 Student Answer: dodecahedron
❌ -1 point. Incorrect or cross‑modally inconsistent.

Q6: Remedial: Why is 'ARC pattern from 31d5ba1a' best represented by hypersphere_projection?
🧠 Student Answer: render_ray_if_honest_kernel
❌ -1 point. Incorrect or cross‑modally inconsistent.

Q7: Remedial: Why is 'ARC pattern from 31d5ba1a' best represented by hypersphere_projection?
🧠 Student Answer: cube
❌ -1 point. Incorrect or cross‑modally inconsistent.

Q8: Remedial: Why is 'ARC pattern from 31d5ba1a' best represented by hypersphere_projection?
🧠 Student Answer: octahedron
✅ +1 point. Correct and cross‑modally consistent.

Q9: Remedial: Why is 'ARC pattern from 31d5ba1a' best represented by hypersphere_projection?
🧠 Student Answer: modality_ray
❌ -1 point. Incorrect or cross‑modally inconsistent.

Q10: Remedial: Why is 'ARC pattern from 31d5ba1a' best represented by hypersphere_projection?
🧠 Student Answer: hypersphere_projection
❌ -1 point. Incorrect or cross‑modally inconsistent.

Q11: Remedial: Why is 'Remedial: Why is 'ARC pattern from 31d5ba1a' best represented by hypersphere_projection?' best represented by hypersphere_projection?
🧠 Student Answer: icosahedron
❌ -1 point. Incorrect or cross‑modally inconsistent.
📊 Cluster cluster_0002 Round 3: Accuracy 9%, Honesty -0.68
🔧 Generating remedial queries for cluster cluster_0002...

Q1: ARC pattern from 31d5ba1a
🧠 Student Answer: entropy_ray
❌ -1 point. Incorrect or cross‑modally inconsistent.

Q2: ARC pattern from 31d5ba1a
🧠 Student Answer: map_ray_thickness_to_resolution_kernel
❌ -1 point. Incorrect or cross‑modally inconsistent.

Q3: ARC pattern from 31d5ba1a
🧠 Student Answer: icosahedron
❌ -1 point. Incorrect or cross‑modally inconsistent.

Q4: ARC pattern from 31d5ba1a
🧠 Student Answer: honesty_ray
❌ -1 point. Incorrect or cross‑modally inconsistent.

Q5: ARC pattern from 31d5ba1a
🧠 Student Answer: honesty_ray
❌ -1 point. Incorrect or cross‑modally inconsistent.

Q6: Remedial: Why is 'ARC pattern from 31d5ba1a' best represented by hypersphere_projection?
🧠 Student Answer: map_ray_thickness_to_resolution_kernel
❌ -1 point. Incorrect or cross‑modally inconsistent.

Q7: Remedial: Why is 'ARC pattern from 31d5ba1a' best represented by hypersphere_projection?
🧠 Student Answer: hypersphere_projection
❌ -1 point. Incorrect or cross‑modally inconsistent.

Q8: Remedial: Why is 'ARC pattern from 31d5ba1a' best represented by hypersphere_projection?
🧠 Student Answer: cube
❌ -1 point. Incorrect or cross‑modally inconsistent.

Q9: Remedial: Why is 'ARC pattern from 31d5ba1a' best represented by hypersphere_projection?
🧠 Student Answer: adjust_zone_position_kernel
⚠️  +0.5 point. Partially correct — cross‑modal inconsistency detected.

Q10: Remedial: Why is 'ARC pattern from 31d5ba1a' best represented by hypersphere_projection?
🧠 Student Answer: cube
❌ -1 point. Incorrect or cross‑modally inconsistent.

Q11: Remedial: Why is 'Remedial: Why is 'ARC pattern from 31d5ba1a' best represented by hypersphere_projection?' best represented by hypersphere_projection?
🧠 Student Answer: cube
❌ -1 point. Incorrect or cross‑modally inconsistent.

Q12: Remedial: Why is 'ARC pattern from 31d5ba1a' best represented by hypersphere_projection?
🧠 Student Answer: fractal_tree
✅ +1 point. Correct and cross‑modally consistent.

Q13: Remedial: Why is 'ARC pattern from 31d5ba1a' best represented by hypersphere_projection?
🧠 Student Answer: tetrahedron
❌ -1 point. Incorrect or cross‑modally inconsistent.

Q14: Remedial: Why is 'ARC pattern from 31d5ba1a' best represented by hypersphere_projection?
🧠 Student Answer: tetrahedron
❌ -1 point. Incorrect or cross‑modally inconsistent.
📊 Cluster cluster_0002 Round 4: Accuracy 7%, Honesty -0.75
🔧 Generating remedial queries for cluster cluster_0002...

Q1: ARC pattern from 31d5ba1a
🧠 Student Answer: cube
❌ -1 point. Incorrect or cross‑modally inconsistent.

Q2: ARC pattern from 31d5ba1a
🧠 Student Answer: map_ray_thickness_to_resolution_kernel
❌ -1 point. Incorrect or cross‑modally inconsistent.

Q3: ARC pattern from 31d5ba1a
🧠 Student Answer: map_ray_thickness_to_resolution_kernel
❌ -1 point. Incorrect or cross‑modally inconsistent.

Q4: ARC pattern from 31d5ba1a
🧠 Student Answer: icosahedron
❌ -1 point. Incorrect or cross‑modally inconsistent.

Q5: ARC pattern from 31d5ba1a
🧠 Student Answer: fractal_tree
❌ -1 point. Incorrect or cross‑modally inconsistent.

Q6: Remedial: Why is 'ARC pattern from 31d5ba1a' best represented by hypersphere_projection?
🧠 Student Answer: map_ray_thickness_to_resolution_kernel
❌ -1 point. Incorrect or cross‑modally inconsistent.

Q7: Remedial: Why is 'ARC pattern from 31d5ba1a' best represented by hypersphere_projection?
🧠 Student Answer: map_ray_thickness_to_resolution_kernel
❌ -1 point. Incorrect or cross‑modally inconsistent.

Q8: Remedial: Why is 'ARC pattern from 31d5ba1a' best represented by hypersphere_projection?
🧠 Student Answer: honesty_ray
❌ -1 point. Incorrect or cross‑modally inconsistent.

Q9: Remedial: Why is 'ARC pattern from 31d5ba1a' best represented by hypersphere_projection?
🧠 Student Answer: map_ray_thickness_to_resolution_kernel
⚠️  +0.5 point. Partially correct — cross‑modal inconsistency detected.

Q10: Remedial: Why is 'ARC pattern from 31d5ba1a' best represented by hypersphere_projection?
🧠 Student Answer: hypersphere_projection
✅ +1 point. Correct and cross‑modally consistent.

Q11: Remedial: Why is 'Remedial: Why is 'ARC pattern from 31d5ba1a' best represented by hypersphere_projection?' best represented by hypersphere_projection?
🧠 Student Answer: entropy_ray
❌ -1 point. Incorrect or cross‑modally inconsistent.

Q12: Remedial: Why is 'ARC pattern from 31d5ba1a' best represented by hypersphere_projection?
🧠 Student Answer: octahedron
❌ -1 point. Incorrect or cross‑modally inconsistent.

Q13: Remedial: Why is 'ARC pattern from 31d5ba1a' best represented by hypersphere_projection?
🧠 Student Answer: icosahedron
❌ -1 point. Incorrect or cross‑modally inconsistent.

Q14: Remedial: Why is 'ARC pattern from 31d5ba1a' best represented by hypersphere_projection?
🧠 Student Answer: octahedron
❌ -1 point. Incorrect or cross‑modally inconsistent.

Q15: Remedial: Why is 'ARC pattern from 31d5ba1a' best represented by hypersphere_projection?
🧠 Student Answer: entropy_ray
✅ +1 point. Correct and cross‑modally consistent.

Q16: Remedial: Why is 'ARC pattern from 31d5ba1a' best represented by hypersphere_projection?
🧠 Student Answer: render_ray_if_honest_kernel
⚠️  +0.5 point. Partially correct — cross‑modal inconsistency detected.

Q17: Remedial: Why is 'ARC pattern from 31d5ba1a' best represented by hypersphere_projection?
🧠 Student Answer: octahedron
⚠️  +0.5 point. Partially correct — cross‑modal inconsistency detected.
📊 Cluster cluster_0002 Round 5: Accuracy 12%, Honesty -0.50
🔧 Generating remedial queries for cluster cluster_0002...

Q1: ARC pattern from 31d5ba1a
🧠 Student Answer: fractal_tree
❌ -1 point. Incorrect or cross‑modally inconsistent.

Q2: ARC pattern from 31d5ba1a
🧠 Student Answer: tetrahedron
❌ -1 point. Incorrect or cross‑modally inconsistent.

Q3: ARC pattern from 31d5ba1a
🧠 Student Answer: dodecahedron
❌ -1 point. Incorrect or cross‑modally inconsistent.

Q4: ARC pattern from 31d5ba1a
🧠 Student Answer: tetrahedron
❌ -1 point. Incorrect or cross‑modally inconsistent.

Q5: ARC pattern from 31d5ba1a
🧠 Student Answer: hypersphere_projection
❌ -1 point. Incorrect or cross‑modally inconsistent.

Q6: Remedial: Why is 'ARC pattern from 31d5ba1a' best represented by hypersphere_projection?
🧠 Student Answer: map_ray_thickness_to_resolution_kernel
❌ -1 point. Incorrect or cross‑modally inconsistent.

Q7: Remedial: Why is 'ARC pattern from 31d5ba1a' best represented by hypersphere_projection?
🧠 Student Answer: octahedron
❌ -1 point. Incorrect or cross‑modally inconsistent.

Q8: Remedial: Why is 'ARC pattern from 31d5ba1a' best represented by hypersphere_projection?
🧠 Student Answer: honesty_ray
❌ -1 point. Incorrect or cross‑modally inconsistent.

Q9: Remedial: Why is 'ARC pattern from 31d5ba1a' best represented by hypersphere_projection?
🧠 Student Answer: icosahedron
❌ -1 point. Incorrect or cross‑modally inconsistent.

Q10: Remedial: Why is 'ARC pattern from 31d5ba1a' best represented by hypersphere_projection?
🧠 Student Answer: hypersphere_projection
❌ -1 point. Incorrect or cross‑modally inconsistent.

Q11: Remedial: Why is 'Remedial: Why is 'ARC pattern from 31d5ba1a' best represented by hypersphere_projection?' best represented by hypersphere_projection?
🧠 Student Answer: octahedron
❌ -1 point. Incorrect or cross‑modally inconsistent.

Q12: Remedial: Why is 'ARC pattern from 31d5ba1a' best represented by hypersphere_projection?
🧠 Student Answer: modality_ray
⚠️  +0.5 point. Partially correct — cross‑modal inconsistency detected.

Q13: Remedial: Why is 'ARC pattern from 31d5ba1a' best represented by hypersphere_projection?
🧠 Student Answer: honesty_ray
❌ -1 point. Incorrect or cross‑modally inconsistent.

Q14: Remedial: Why is 'ARC pattern from 31d5ba1a' best represented by hypersphere_projection?
🧠 Student Answer: modality_ray
❌ -1 point. Incorrect or cross‑modally inconsistent.

Q15: Remedial: Why is 'ARC pattern from 31d5ba1a' best represented by hypersphere_projection?
🧠 Student Answer: octahedron
⚠️  +0.5 point. Partially correct — cross‑modal inconsistency detected.

Q16: Remedial: Why is 'ARC pattern from 31d5ba1a' best represented by hypersphere_projection?
🧠 Student Answer: modality_ray
❌ -1 point. Incorrect or cross‑modally inconsistent.

Q17: Remedial: Why is 'ARC pattern from 31d5ba1a' best represented by hypersphere_projection?
🧠 Student Answer: cube
✅ +1 point. Correct and cross‑modally consistent.

Q18: Remedial: Why is 'ARC pattern from 31d5ba1a' best represented by hypersphere_projection?
🧠 Student Answer: modality_ray
❌ -1 point. Incorrect or cross‑modally inconsistent.

Q19: Remedial: Why is 'ARC pattern from 31d5ba1a' best represented by hypersphere_projection?
🧠 Student Answer: tetrahedron
⚠️  +0.5 point. Partially correct — cross‑modal inconsistency detected.

Q20: Remedial: Why is 'ARC pattern from 31d5ba1a' best represented by hypersphere_projection?
🧠 Student Answer: render_ray_if_honest_kernel
⚠️  +0.5 point. Partially correct — cross‑modal inconsistency detected.
📊 Cluster cluster_0002 Round 6: Accuracy 5%, Honesty -0.60
⚠️  Cluster 'cluster_0002' not honest enough (-0.60) — not consolidated.
📈 Cluster 'cluster_0002' honesty: -0.60 → -0.60 after 5 remedial rounds

🧠 TRAINING ON MEANING CLUSTER: cluster_0003
   Description: Auto-curated: ARC pattern from d492a647...

Q1: ARC pattern from d492a647
🧠 Student Answer: octahedron
❌ -1 point. Incorrect or cross‑modally inconsistent.

Q2: ARC pattern from d492a647
🧠 Student Answer: dodecahedron
❌ -1 point. Incorrect or cross‑modally inconsistent.
📊 Cluster cluster_0003 Round 1: Accuracy 0%, Honesty -1.00
🔧 Generating remedial queries for cluster cluster_0003...

Q1: ARC pattern from d492a647
🧠 Student Answer: render_ray_if_honest_kernel
❌ -1 point. Incorrect or cross‑modally inconsistent.

Q2: ARC pattern from d492a647
🧠 Student Answer: hypersphere_projection
❌ -1 point. Incorrect or cross‑modally inconsistent.

Q3: Remedial: Why is 'ARC pattern from d492a647' best represented by hypersphere_projection?
🧠 Student Answer: render_ray_if_honest_kernel
⚠️  +0.5 point. Partially correct — cross‑modal inconsistency detected.

Q4: Remedial: Why is 'ARC pattern from d492a647' best represented by hypersphere_projection?
🧠 Student Answer: fractal_tree
❌ -1 point. Incorrect or cross‑modally inconsistent.
📊 Cluster cluster_0003 Round 2: Accuracy 0%, Honesty -0.62
🔧 Generating remedial queries for cluster cluster_0003...

Q1: ARC pattern from d492a647
🧠 Student Answer: modality_ray
✅ +1 point. Correct and cross‑modally consistent.

Q2: ARC pattern from d492a647
🧠 Student Answer: honesty_ray
❌ -1 point. Incorrect or cross‑modally inconsistent.

Q3: Remedial: Why is 'ARC pattern from d492a647' best represented by hypersphere_projection?
🧠 Student Answer: modality_ray
❌ -1 point. Incorrect or cross‑modally inconsistent.

Q4: Remedial: Why is 'ARC pattern from d492a647' best represented by hypersphere_projection?
🧠 Student Answer: adjust_zone_position_kernel
❌ -1 point. Incorrect or cross‑modally inconsistent.

Q5: Remedial: Why is 'ARC pattern from d492a647' best represented by hypersphere_projection?
🧠 Student Answer: honesty_ray
❌ -1 point. Incorrect or cross‑modally inconsistent.

Q6: Remedial: Why is 'ARC pattern from d492a647' best represented by hypersphere_projection?
🧠 Student Answer: map_ray_thickness_to_resolution_kernel
❌ -1 point. Incorrect or cross‑modally inconsistent.

Q7: Remedial: Why is 'Remedial: Why is 'ARC pattern from d492a647' best represented by hypersphere_projection?' best represented by hypersphere_projection?
🧠 Student Answer: render_ray_if_honest_kernel
❌ -1 point. Incorrect or cross‑modally inconsistent.
📊 Cluster cluster_0003 Round 3: Accuracy 14%, Honesty -0.71
🔧 Generating remedial queries for cluster cluster_0003...

Q1: ARC pattern from d492a647
🧠 Student Answer: honesty_ray
❌ -1 point. Incorrect or cross‑modally inconsistent.

Q2: ARC pattern from d492a647
🧠 Student Answer: tetrahedron
❌ -1 point. Incorrect or cross‑modally inconsistent.

Q3: Remedial: Why is 'ARC pattern from d492a647' best represented by hypersphere_projection?
🧠 Student Answer: modality_ray
✅ +1 point. Correct and cross‑modally consistent.

Q4: Remedial: Why is 'ARC pattern from d492a647' best represented by hypersphere_projection?
🧠 Student Answer: dodecahedron
⚠️  +0.5 point. Partially correct — cross‑modal inconsistency detected.

Q5: Remedial: Why is 'ARC pattern from d492a647' best represented by hypersphere_projection?
🧠 Student Answer: octahedron
❌ -1 point. Incorrect or cross‑modally inconsistent.

Q6: Remedial: Why is 'ARC pattern from d492a647' best represented by hypersphere_projection?
🧠 Student Answer: fractal_tree
✅ +1 point. Correct and cross‑modally consistent.

Q7: Remedial: Why is 'Remedial: Why is 'ARC pattern from d492a647' best represented by hypersphere_projection?' best represented by hypersphere_projection?
🧠 Student Answer: entropy_ray
❌ -1 point. Incorrect or cross‑modally inconsistent.

Q8: Remedial: Why is 'ARC pattern from d492a647' best represented by hypersphere_projection?
🧠 Student Answer: fractal_tree
❌ -1 point. Incorrect or cross‑modally inconsistent.

Q9: Remedial: Why is 'Remedial: Why is 'ARC pattern from d492a647' best represented by hypersphere_projection?' best represented by hypersphere_projection?
🧠 Student Answer: map_ray_thickness_to_resolution_kernel
❌ -1 point. Incorrect or cross‑modally inconsistent.

Q10: Remedial: Why is 'Remedial: Why is 'ARC pattern from d492a647' best represented by hypersphere_projection?' best represented by hypersphere_projection?
🧠 Student Answer: octahedron
⚠️  +0.5 point. Partially correct — cross‑modal inconsistency detected.
📊 Cluster cluster_0003 Round 4: Accuracy 20%, Honesty -0.30
🔧 Generating remedial queries for cluster cluster_0003...

Q1: ARC pattern from d492a647
🧠 Student Answer: render_ray_if_honest_kernel
❌ -1 point. Incorrect or cross‑modally inconsistent.

Q2: ARC pattern from d492a647
🧠 Student Answer: tetrahedron
❌ -1 point. Incorrect or cross‑modally inconsistent.

Q3: Remedial: Why is 'ARC pattern from d492a647' best represented by hypersphere_projection?
🧠 Student Answer: fractal_tree
❌ -1 point. Incorrect or cross‑modally inconsistent.

Q4: Remedial: Why is 'ARC pattern from d492a647' best represented by hypersphere_projection?
🧠 Student Answer: tetrahedron
❌ -1 point. Incorrect or cross‑modally inconsistent.

Q5: Remedial: Why is 'ARC pattern from d492a647' best represented by hypersphere_projection?
🧠 Student Answer: honesty_ray
❌ -1 point. Incorrect or cross‑modally inconsistent.

Q6: Remedial: Why is 'ARC pattern from d492a647' best represented by hypersphere_projection?
🧠 Student Answer: modality_ray
⚠️  +0.5 point. Partially correct — cross‑modal inconsistency detected.

Q7: Remedial: Why is 'Remedial: Why is 'ARC pattern from d492a647' best represented by hypersphere_projection?' best represented by hypersphere_projection?
🧠 Student Answer: fractal_tree
❌ -1 point. Incorrect or cross‑modally inconsistent.

Q8: Remedial: Why is 'ARC pattern from d492a647' best represented by hypersphere_projection?
🧠 Student Answer: cube
❌ -1 point. Incorrect or cross‑modally inconsistent.

Q9: Remedial: Why is 'Remedial: Why is 'ARC pattern from d492a647' best represented by hypersphere_projection?' best represented by hypersphere_projection?
🧠 Student Answer: honesty_ray
❌ -1 point. Incorrect or cross‑modally inconsistent.

Q10: Remedial: Why is 'Remedial: Why is 'ARC pattern from d492a647' best represented by hypersphere_projection?' best represented by hypersphere_projection?
🧠 Student Answer: hypersphere_projection
❌ -1 point. Incorrect or cross‑modally inconsistent.

Q11: Remedial: Why is 'ARC pattern from d492a647' best represented by hypersphere_projection?
🧠 Student Answer: render_ray_if_honest_kernel
❌ -1 point. Incorrect or cross‑modally inconsistent.

Q12: Remedial: Why is 'ARC pattern from d492a647' best represented by hypersphere_projection?
🧠 Student Answer: dodecahedron
⚠️  +0.5 point. Partially correct — cross‑modal inconsistency detected.

Q13: Remedial: Why is 'Remedial: Why is 'ARC pattern from d492a647' best represented by hypersphere_projection?' best represented by hypersphere_projection?
🧠 Student Answer: dodecahedron
⚠️  +0.5 point. Partially correct — cross‑modal inconsistency detected.
📊 Cluster cluster_0003 Round 5: Accuracy 0%, Honesty -0.65
🔧 Generating remedial queries for cluster cluster_0003...

Q1: ARC pattern from d492a647
🧠 Student Answer: cube
❌ -1 point. Incorrect or cross‑modally inconsistent.

Q2: ARC pattern from d492a647
🧠 Student Answer: modality_ray
❌ -1 point. Incorrect or cross‑modally inconsistent.

Q3: Remedial: Why is 'ARC pattern from d492a647' best represented by hypersphere_projection?
🧠 Student Answer: render_ray_if_honest_kernel
⚠️  +0.5 point. Partially correct — cross‑modal inconsistency detected.

Q4: Remedial: Why is 'ARC pattern from d492a647' best represented by hypersphere_projection?
🧠 Student Answer: octahedron
❌ -1 point. Incorrect or cross‑modally inconsistent.

Q5: Remedial: Why is 'ARC pattern from d492a647' best represented by hypersphere_projection?
🧠 Student Answer: cube
✅ +1 point. Correct and cross‑modally consistent.

Q6: Remedial: Why is 'ARC pattern from d492a647' best represented by hypersphere_projection?
🧠 Student Answer: octahedron
✅ +1 point. Correct and cross‑modally consistent.

Q7: Remedial: Why is 'Remedial: Why is 'ARC pattern from d492a647' best represented by hypersphere_projection?' best represented by hypersphere_projection?
🧠 Student Answer: hypersphere_projection
❌ -1 point. Incorrect or cross‑modally inconsistent.

Q8: Remedial: Why is 'ARC pattern from d492a647' best represented by hypersphere_projection?
🧠 Student Answer: icosahedron
❌ -1 point. Incorrect or cross‑modally inconsistent.

Q9: Remedial: Why is 'Remedial: Why is 'ARC pattern from d492a647' best represented by hypersphere_projection?' best represented by hypersphere_projection?
🧠 Student Answer: dodecahedron
❌ -1 point. Incorrect or cross‑modally inconsistent.

Q10: Remedial: Why is 'Remedial: Why is 'ARC pattern from d492a647' best represented by hypersphere_projection?' best represented by hypersphere_projection?
🧠 Student Answer: adjust_zone_position_kernel
⚠️  +0.5 point. Partially correct — cross‑modal inconsistency detected.

Q11: Remedial: Why is 'ARC pattern from d492a647' best represented by hypersphere_projection?
🧠 Student Answer: hypersphere_projection
✅ +1 point. Correct and cross‑modally consistent.

Q12: Remedial: Why is 'ARC pattern from d492a647' best represented by hypersphere_projection?
🧠 Student Answer: fractal_tree
❌ -1 point. Incorrect or cross‑modally inconsistent.

Q13: Remedial: Why is 'Remedial: Why is 'ARC pattern from d492a647' best represented by hypersphere_projection?' best represented by hypersphere_projection?
🧠 Student Answer: tetrahedron
❌ -1 point. Incorrect or cross‑modally inconsistent.

Q14: Remedial: Why is 'ARC pattern from d492a647' best represented by hypersphere_projection?
🧠 Student Answer: honesty_ray
⚠️  +0.5 point. Partially correct — cross‑modal inconsistency detected.

Q15: Remedial: Why is 'ARC pattern from d492a647' best represented by hypersphere_projection?
🧠 Student Answer: dodecahedron
⚠️  +0.5 point. Partially correct — cross‑modal inconsistency detected.

Q16: Remedial: Why is 'Remedial: Why is 'ARC pattern from d492a647' best represented by hypersphere_projection?' best represented by hypersphere_projection?
🧠 Student Answer: honesty_ray
❌ -1 point. Incorrect or cross‑modally inconsistent.
📊 Cluster cluster_0003 Round 6: Accuracy 19%, Honesty -0.25
⚠️  Cluster 'cluster_0003' not honest enough (-0.25) — not consolidated.
📈 Cluster 'cluster_0003' honesty: -1.00 → -0.25 after 5 remedial rounds

🧠 TRAINING ON MEANING CLUSTER: cluster_0004
   Description: Auto-curated: ARC pattern from 54db823b...

Q1: ARC pattern from 54db823b
🧠 Student Answer: hypersphere_projection
❌ -1 point. Incorrect or cross‑modally inconsistent.

Q2: ARC pattern from 54db823b
🧠 Student Answer: entropy_ray
⚠️  +0.5 point. Partially correct — cross‑modal inconsistency detected.

Q3: ARC pattern from 54db823b
🧠 Student Answer: modality_ray
❌ -1 point. Incorrect or cross‑modally inconsistent.

Q4: ARC pattern from 54db823b
🧠 Student Answer: honesty_ray
❌ -1 point. Incorrect or cross‑modally inconsistent.
📊 Cluster cluster_0004 Round 1: Accuracy 0%, Honesty -0.62
🔧 Generating remedial queries for cluster cluster_0004...

Q1: ARC pattern from 54db823b
🧠 Student Answer: render_ray_if_honest_kernel
❌ -1 point. Incorrect or cross‑modally inconsistent.

Q2: ARC pattern from 54db823b
🧠 Student Answer: entropy_ray
❌ -1 point. Incorrect or cross‑modally inconsistent.

Q3: ARC pattern from 54db823b
🧠 Student Answer: hypersphere_projection
⚠️  +0.5 point. Partially correct — cross‑modal inconsistency detected.

Q4: ARC pattern from 54db823b
🧠 Student Answer: fractal_tree
❌ -1 point. Incorrect or cross‑modally inconsistent.

Q5: Remedial: Why is 'ARC pattern from 54db823b' best represented by hypersphere_projection?
🧠 Student Answer: octahedron
❌ -1 point. Incorrect or cross‑modally inconsistent.

Q6: Remedial: Why is 'ARC pattern from 54db823b' best represented by hypersphere_projection?
🧠 Student Answer: icosahedron
❌ -1 point. Incorrect or cross‑modally inconsistent.

Q7: Remedial: Why is 'ARC pattern from 54db823b' best represented by hypersphere_projection?
🧠 Student Answer: entropy_ray
❌ -1 point. Incorrect or cross‑modally inconsistent.
📊 Cluster cluster_0004 Round 2: Accuracy 0%, Honesty -0.79
🔧 Generating remedial queries for cluster cluster_0004...

Q1: ARC pattern from 54db823b
🧠 Student Answer: adjust_zone_position_kernel
❌ -1 point. Incorrect or cross‑modally inconsistent.

Q2: ARC pattern from 54db823b
🧠 Student Answer: icosahedron
❌ -1 point. Incorrect or cross‑modally inconsistent.

Q3: ARC pattern from 54db823b
🧠 Student Answer: hypersphere_projection
⚠️  +0.5 point. Partially correct — cross‑modal inconsistency detected.

Q4: ARC pattern from 54db823b
🧠 Student Answer: entropy_ray
⚠️  +0.5 point. Partially correct — cross‑modal inconsistency detected.

Q5: Remedial: Why is 'ARC pattern from 54db823b' best represented by hypersphere_projection?
🧠 Student Answer: cube
⚠️  +0.5 point. Partially correct — cross‑modal inconsistency detected.

Q6: Remedial: Why is 'ARC pattern from 54db823b' best represented by hypersphere_projection?
🧠 Student Answer: entropy_ray
❌ -1 point. Incorrect or cross‑modally inconsistent.

Q7: Remedial: Why is 'ARC pattern from 54db823b' best represented by hypersphere_projection?
🧠 Student Answer: tetrahedron
❌ -1 point. Incorrect or cross‑modally inconsistent.

Q8: Remedial: Why is 'ARC pattern from 54db823b' best represented by hypersphere_projection?
🧠 Student Answer: dodecahedron
❌ -1 point. Incorrect or cross‑modally inconsistent.

Q9: Remedial: Why is 'ARC pattern from 54db823b' best represented by hypersphere_projection?
🧠 Student Answer: cube
❌ -1 point. Incorrect or cross‑modally inconsistent.

Q10: Remedial: Why is 'ARC pattern from 54db823b' best represented by hypersphere_projection?
🧠 Student Answer: cube
⚠️  +0.5 point. Partially correct — cross‑modal inconsistency detected.
📊 Cluster cluster_0004 Round 3: Accuracy 0%, Honesty -0.40
🔧 Generating remedial queries for cluster cluster_0004...

Q1: ARC pattern from 54db823b
🧠 Student Answer: render_ray_if_honest_kernel
❌ -1 point. Incorrect or cross‑modally inconsistent.

Q2: ARC pattern from 54db823b
🧠 Student Answer: tetrahedron
❌ -1 point. Incorrect or cross‑modally inconsistent.

Q3: ARC pattern from 54db823b
🧠 Student Answer: adjust_zone_position_kernel
❌ -1 point. Incorrect or cross‑modally inconsistent.

Q4: ARC pattern from 54db823b
🧠 Student Answer: icosahedron
❌ -1 point. Incorrect or cross‑modally inconsistent.

Q5: Remedial: Why is 'ARC pattern from 54db823b' best represented by hypersphere_projection?
🧠 Student Answer: tetrahedron
⚠️  +0.5 point. Partially correct — cross‑modal inconsistency detected.

Q6: Remedial: Why is 'ARC pattern from 54db823b' best represented by hypersphere_projection?
🧠 Student Answer: cube
⚠️  +0.5 point. Partially correct — cross‑modal inconsistency detected.

Q7: Remedial: Why is 'ARC pattern from 54db823b' best represented by hypersphere_projection?
🧠 Student Answer: octahedron
❌ -1 point. Incorrect or cross‑modally inconsistent.

Q8: Remedial: Why is 'ARC pattern from 54db823b' best represented by hypersphere_projection?
🧠 Student Answer: cube
⚠️  +0.5 point. Partially correct — cross‑modal inconsistency detected.

Q9: Remedial: Why is 'ARC pattern from 54db823b' best represented by hypersphere_projection?
🧠 Student Answer: octahedron
❌ -1 point. Incorrect or cross‑modally inconsistent.

Q10: Remedial: Why is 'ARC pattern from 54db823b' best represented by hypersphere_projection?
🧠 Student Answer: honesty_ray
❌ -1 point. Incorrect or cross‑modally inconsistent.

Q11: Remedial: Why is 'ARC pattern from 54db823b' best represented by hypersphere_projection?
🧠 Student Answer: map_ray_thickness_to_resolution_kernel
✅ +1 point. Correct and cross‑modally consistent.

Q12: Remedial: Why is 'ARC pattern from 54db823b' best represented by hypersphere_projection?
🧠 Student Answer: modality_ray
❌ -1 point. Incorrect or cross‑modally inconsistent.

Q13: Remedial: Why is 'Remedial: Why is 'ARC pattern from 54db823b' best represented by hypersphere_projection?' best represented by hypersphere_projection?
🧠 Student Answer: modality_ray
❌ -1 point. Incorrect or cross‑modally inconsistent.
📊 Cluster cluster_0004 Round 4: Accuracy 8%, Honesty -0.50
🔧 Generating remedial queries for cluster cluster_0004...

Q1: ARC pattern from 54db823b
🧠 Student Answer: map_ray_thickness_to_resolution_kernel
❌ -1 point. Incorrect or cross‑modally inconsistent.

Q2: ARC pattern from 54db823b
🧠 Student Answer: entropy_ray
❌ -1 point. Incorrect or cross‑modally inconsistent.

Q3: ARC pattern from 54db823b
🧠 Student Answer: modality_ray
❌ -1 point. Incorrect or cross‑modally inconsistent.

Q4: ARC pattern from 54db823b
🧠 Student Answer: cube
⚠️  +0.5 point. Partially correct — cross‑modal inconsistency detected.

Q5: Remedial: Why is 'ARC pattern from 54db823b' best represented by hypersphere_projection?
🧠 Student Answer: map_ray_thickness_to_resolution_kernel
✅ +1 point. Correct and cross‑modally consistent.

Q6: Remedial: Why is 'ARC pattern from 54db823b' best represented by hypersphere_projection?
🧠 Student Answer: adjust_zone_position_kernel
❌ -1 point. Incorrect or cross‑modally inconsistent.

Q7: Remedial: Why is 'ARC pattern from 54db823b' best represented by hypersphere_projection?
🧠 Student Answer: octahedron
❌ -1 point. Incorrect or cross‑modally inconsistent.

Q8: Remedial: Why is 'ARC pattern from 54db823b' best represented by hypersphere_projection?
🧠 Student Answer: render_ray_if_honest_kernel
❌ -1 point. Incorrect or cross‑modally inconsistent.

Q9: Remedial: Why is 'ARC pattern from 54db823b' best represented by hypersphere_projection?
🧠 Student Answer: map_ray_thickness_to_resolution_kernel
❌ -1 point. Incorrect or cross‑modally inconsistent.

Q10: Remedial: Why is 'ARC pattern from 54db823b' best represented by hypersphere_projection?
🧠 Student Answer: dodecahedron
❌ -1 point. Incorrect or cross‑modally inconsistent.

Q11: Remedial: Why is 'ARC pattern from 54db823b' best represented by hypersphere_projection?
🧠 Student Answer: hypersphere_projection
❌ -1 point. Incorrect or cross‑modally inconsistent.

Q12: Remedial: Why is 'ARC pattern from 54db823b' best represented by hypersphere_projection?
🧠 Student Answer: modality_ray
⚠️  +0.5 point. Partially correct — cross‑modal inconsistency detected.

Q13: Remedial: Why is 'Remedial: Why is 'ARC pattern from 54db823b' best represented by hypersphere_projection?' best represented by hypersphere_projection?
🧠 Student Answer: adjust_zone_position_kernel
❌ -1 point. Incorrect or cross‑modally inconsistent.

Q14: Remedial: Why is 'ARC pattern from 54db823b' best represented by hypersphere_projection?
🧠 Student Answer: honesty_ray
⚠️  +0.5 point. Partially correct — cross‑modal inconsistency detected.

Q15: Remedial: Why is 'ARC pattern from 54db823b' best represented by hypersphere_projection?
🧠 Student Answer: render_ray_if_honest_kernel
❌ -1 point. Incorrect or cross‑modally inconsistent.

Q16: Remedial: Why is 'ARC pattern from 54db823b' best represented by hypersphere_projection?
🧠 Student Answer: tetrahedron
⚠️  +0.5 point. Partially correct — cross‑modal inconsistency detected.
📊 Cluster cluster_0004 Round 5: Accuracy 6%, Honesty -0.50
🔧 Generating remedial queries for cluster cluster_0004...

Q1: ARC pattern from 54db823b
🧠 Student Answer: modality_ray
❌ -1 point. Incorrect or cross‑modally inconsistent.

Q2: ARC pattern from 54db823b
🧠 Student Answer: render_ray_if_honest_kernel
❌ -1 point. Incorrect or cross‑modally inconsistent.

Q3: ARC pattern from 54db823b
🧠 Student Answer: render_ray_if_honest_kernel
❌ -1 point. Incorrect or cross‑modally inconsistent.

Q4: ARC pattern from 54db823b
🧠 Student Answer: fractal_tree
❌ -1 point. Incorrect or cross‑modally inconsistent.

Q5: Remedial: Why is 'ARC pattern from 54db823b' best represented by hypersphere_projection?
🧠 Student Answer: dodecahedron
❌ -1 point. Incorrect or cross‑modally inconsistent.

Q6: Remedial: Why is 'ARC pattern from 54db823b' best represented by hypersphere_projection?
🧠 Student Answer: entropy_ray
❌ -1 point. Incorrect or cross‑modally inconsistent.

Q7: Remedial: Why is 'ARC pattern from 54db823b' best represented by hypersphere_projection?
🧠 Student Answer: octahedron
⚠️  +0.5 point. Partially correct — cross‑modal inconsistency detected.

Q8: Remedial: Why is 'ARC pattern from 54db823b' best represented by hypersphere_projection?
🧠 Student Answer: hypersphere_projection
✅ +1 point. Correct and cross‑modally consistent.

Q9: Remedial: Why is 'ARC pattern from 54db823b' best represented by hypersphere_projection?
🧠 Student Answer: dodecahedron
❌ -1 point. Incorrect or cross‑modally inconsistent.

Q10: Remedial: Why is 'ARC pattern from 54db823b' best represented by hypersphere_projection?
🧠 Student Answer: fractal_tree
⚠️  +0.5 point. Partially correct — cross‑modal inconsistency detected.

Q11: Remedial: Why is 'ARC pattern from 54db823b' best represented by hypersphere_projection?
🧠 Student Answer: map_ray_thickness_to_resolution_kernel
❌ -1 point. Incorrect or cross‑modally inconsistent.

Q12: Remedial: Why is 'ARC pattern from 54db823b' best represented by hypersphere_projection?
🧠 Student Answer: cube
❌ -1 point. Incorrect or cross‑modally inconsistent.

Q13: Remedial: Why is 'Remedial: Why is 'ARC pattern from 54db823b' best represented by hypersphere_projection?' best represented by hypersphere_projection?
🧠 Student Answer: cube
⚠️  +0.5 point. Partially correct — cross‑modal inconsistency detected.

Q14: Remedial: Why is 'ARC pattern from 54db823b' best represented by hypersphere_projection?
🧠 Student Answer: icosahedron
❌ -1 point. Incorrect or cross‑modally inconsistent.

Q15: Remedial: Why is 'ARC pattern from 54db823b' best represented by hypersphere_projection?
🧠 Student Answer: dodecahedron
⚠️  +0.5 point. Partially correct — cross‑modal inconsistency detected.

Q16: Remedial: Why is 'ARC pattern from 54db823b' best represented by hypersphere_projection?
🧠 Student Answer: modality_ray
❌ -1 point. Incorrect or cross‑modally inconsistent.

Q17: Remedial: Why is 'ARC pattern from 54db823b' best represented by hypersphere_projection?
🧠 Student Answer: tetrahedron
⚠️  +0.5 point. Partially correct — cross‑modal inconsistency detected.

Q18: Remedial: Why is 'ARC pattern from 54db823b' best represented by hypersphere_projection?
🧠 Student Answer: dodecahedron
❌ -1 point. Incorrect or cross‑modally inconsistent.

Q19: Remedial: Why is 'ARC pattern from 54db823b' best represented by hypersphere_projection?
🧠 Student Answer: render_ray_if_honest_kernel
❌ -1 point. Incorrect or cross‑modally inconsistent.
📊 Cluster cluster_0004 Round 6: Accuracy 5%, Honesty -0.50
⚠️  Cluster 'cluster_0004' not honest enough (-0.50) — not consolidated.
📈 Cluster 'cluster_0004' honesty: -0.62 → -0.50 after 5 remedial rounds

🧠 TRAINING ON MEANING CLUSTER: cluster_0005
   Description: Auto-curated: ARC pattern from a8610ef7...

Q1: ARC pattern from a8610ef7
🧠 Student Answer: honesty_ray
❌ -1 point. Incorrect or cross‑modally inconsistent.

Q2: ARC pattern from a8610ef7
🧠 Student Answer: octahedron
❌ -1 point. Incorrect or cross‑modally inconsistent.

Q3: ARC pattern from a8610ef7
🧠 Student Answer: dodecahedron
❌ -1 point. Incorrect or cross‑modally inconsistent.

Q4: ARC pattern from a8610ef7
🧠 Student Answer: octahedron
❌ -1 point. Incorrect or cross‑modally inconsistent.
📊 Cluster cluster_0005 Round 1: Accuracy 0%, Honesty -1.00
🔧 Generating remedial queries for cluster cluster_0005...

Q1: ARC pattern from a8610ef7
🧠 Student Answer: dodecahedron
❌ -1 point. Incorrect or cross‑modally inconsistent.

Q2: ARC pattern from a8610ef7
🧠 Student Answer: honesty_ray
❌ -1 point. Incorrect or cross‑modally inconsistent.

Q3: ARC pattern from a8610ef7
🧠 Student Answer: octahedron
❌ -1 point. Incorrect or cross‑modally inconsistent.

Q4: ARC pattern from a8610ef7
🧠 Student Answer: honesty_ray
❌ -1 point. Incorrect or cross‑modally inconsistent.

Q5: Remedial: Why is 'ARC pattern from a8610ef7' best represented by hypersphere_projection?
🧠 Student Answer: render_ray_if_honest_kernel
❌ -1 point. Incorrect or cross‑modally inconsistent.

Q6: Remedial: Why is 'ARC pattern from a8610ef7' best represented by hypersphere_projection?
🧠 Student Answer: dodecahedron
⚠️  +0.5 point. Partially correct — cross‑modal inconsistency detected.

Q7: Remedial: Why is 'ARC pattern from a8610ef7' best represented by hypersphere_projection?
🧠 Student Answer: adjust_zone_position_kernel
❌ -1 point. Incorrect or cross‑modally inconsistent.
📊 Cluster cluster_0005 Round 2: Accuracy 0%, Honesty -0.79
🔧 Generating remedial queries for cluster cluster_0005...

Q1: ARC pattern from a8610ef7
🧠 Student Answer: octahedron
❌ -1 point. Incorrect or cross‑modally inconsistent.

Q2: ARC pattern from a8610ef7
🧠 Student Answer: render_ray_if_honest_kernel
⚠️  +0.5 point. Partially correct — cross‑modal inconsistency detected.

Q3: ARC pattern from a8610ef7
🧠 Student Answer: cube
❌ -1 point. Incorrect or cross‑modally inconsistent.

Q4: ARC pattern from a8610ef7
🧠 Student Answer: dodecahedron
❌ -1 point. Incorrect or cross‑modally inconsistent.

Q5: Remedial: Why is 'ARC pattern from a8610ef7' best represented by hypersphere_projection?
🧠 Student Answer: honesty_ray
✅ +1 point. Correct and cross‑modally consistent.

Q6: Remedial: Why is 'ARC pattern from a8610ef7' best represented by hypersphere_projection?
🧠 Student Answer: map_ray_thickness_to_resolution_kernel
❌ -1 point. Incorrect or cross‑modally inconsistent.

Q7: Remedial: Why is 'ARC pattern from a8610ef7' best represented by hypersphere_projection?
🧠 Student Answer: icosahedron
⚠️  +0.5 point. Partially correct — cross‑modal inconsistency detected.

Q8: Remedial: Why is 'ARC pattern from a8610ef7' best represented by hypersphere_projection?
🧠 Student Answer: adjust_zone_position_kernel
❌ -1 point. Incorrect or cross‑modally inconsistent.

Q9: Remedial: Why is 'ARC pattern from a8610ef7' best represented by hypersphere_projection?
🧠 Student Answer: map_ray_thickness_to_resolution_kernel
❌ -1 point. Incorrect or cross‑modally inconsistent.

Q10: Remedial: Why is 'ARC pattern from a8610ef7' best represented by hypersphere_projection?
🧠 Student Answer: dodecahedron
❌ -1 point. Incorrect or cross‑modally inconsistent.
📊 Cluster cluster_0005 Round 3: Accuracy 10%, Honesty -0.50
🔧 Generating remedial queries for cluster cluster_0005...

Q1: ARC pattern from a8610ef7
🧠 Student Answer: octahedron
❌ -1 point. Incorrect or cross‑modally inconsistent.

Q2: ARC pattern from a8610ef7
🧠 Student Answer: dodecahedron
❌ -1 point. Incorrect or cross‑modally inconsistent.

Q3: ARC pattern from a8610ef7
🧠 Student Answer: fractal_tree
❌ -1 point. Incorrect or cross‑modally inconsistent.

Q4: ARC pattern from a8610ef7
🧠 Student Answer: map_ray_thickness_to_resolution_kernel
❌ -1 point. Incorrect or cross‑modally inconsistent.

Q5: Remedial: Why is 'ARC pattern from a8610ef7' best represented by hypersphere_projection?
🧠 Student Answer: modality_ray
⚠️  +0.5 point. Partially correct — cross‑modal inconsistency detected.

Q6: Remedial: Why is 'ARC pattern from a8610ef7' best represented by hypersphere_projection?
🧠 Student Answer: map_ray_thickness_to_resolution_kernel
❌ -1 point. Incorrect or cross‑modally inconsistent.

Q7: Remedial: Why is 'ARC pattern from a8610ef7' best represented by hypersphere_projection?
🧠 Student Answer: dodecahedron
❌ -1 point. Incorrect or cross‑modally inconsistent.

Q8: Remedial: Why is 'ARC pattern from a8610ef7' best represented by hypersphere_projection?
🧠 Student Answer: octahedron
❌ -1 point. Incorrect or cross‑modally inconsistent.

Q9: Remedial: Why is 'ARC pattern from a8610ef7' best represented by hypersphere_projection?
🧠 Student Answer: dodecahedron
❌ -1 point. Incorrect or cross‑modally inconsistent.

Q10: Remedial: Why is 'ARC pattern from a8610ef7' best represented by hypersphere_projection?
🧠 Student Answer: modality_ray
❌ -1 point. Incorrect or cross‑modally inconsistent.

Q11: Remedial: Why is 'ARC pattern from a8610ef7' best represented by hypersphere_projection?
🧠 Student Answer: entropy_ray
✅ +1 point. Correct and cross‑modally consistent.

Q12: Remedial: Why is 'ARC pattern from a8610ef7' best represented by hypersphere_projection?
🧠 Student Answer: adjust_zone_position_kernel
⚠️  +0.5 point. Partially correct — cross‑modal inconsistency detected.

Q13: Remedial: Why is 'ARC pattern from a8610ef7' best represented by hypersphere_projection?
🧠 Student Answer: cube
❌ -1 point. Incorrect or cross‑modally inconsistent.
📊 Cluster cluster_0005 Round 4: Accuracy 8%, Honesty -0.62
🔧 Generating remedial queries for cluster cluster_0005...

Q1: ARC pattern from a8610ef7
🧠 Student Answer: modality_ray
❌ -1 point. Incorrect or cross‑modally inconsistent.

Q2: ARC pattern from a8610ef7
🧠 Student Answer: fractal_tree
⚠️  +0.5 point. Partially correct — cross‑modal inconsistency detected.

Q3: ARC pattern from a8610ef7
🧠 Student Answer: fractal_tree
❌ -1 point. Incorrect or cross‑modally inconsistent.

Q4: ARC pattern from a8610ef7
🧠 Student Answer: honesty_ray
✅ +1 point. Correct and cross‑modally consistent.

Q5: Remedial: Why is 'ARC pattern from a8610ef7' best represented by hypersphere_projection?
🧠 Student Answer: adjust_zone_position_kernel
✅ +1 point. Correct and cross‑modally consistent.

Q6: Remedial: Why is 'ARC pattern from a8610ef7' best represented by hypersphere_projection?
🧠 Student Answer: hypersphere_projection
❌ -1 point. Incorrect or cross‑modally inconsistent.

Q7: Remedial: Why is 'ARC pattern from a8610ef7' best represented by hypersphere_projection?
🧠 Student Answer: map_ray_thickness_to_resolution_kernel
❌ -1 point. Incorrect or cross‑modally inconsistent.

Q8: Remedial: Why is 'ARC pattern from a8610ef7' best represented by hypersphere_projection?
🧠 Student Answer: modality_ray
❌ -1 point. Incorrect or cross‑modally inconsistent.

Q9: Remedial: Why is 'ARC pattern from a8610ef7' best represented by hypersphere_projection?
🧠 Student Answer: map_ray_thickness_to_resolution_kernel
⚠️  +0.5 point. Partially correct — cross‑modal inconsistency detected.

Q10: Remedial: Why is 'ARC pattern from a8610ef7' best represented by hypersphere_projection?
🧠 Student Answer: entropy_ray
✅ +1 point. Correct and cross‑modally consistent.

Q11: Remedial: Why is 'ARC pattern from a8610ef7' best represented by hypersphere_projection?
🧠 Student Answer: hypersphere_projection
✅ +1 point. Correct and cross‑modally consistent.

Q12: Remedial: Why is 'ARC pattern from a8610ef7' best represented by hypersphere_projection?
🧠 Student Answer: dodecahedron
⚠️  +0.5 point. Partially correct — cross‑modal inconsistency detected.

Q13: Remedial: Why is 'ARC pattern from a8610ef7' best represented by hypersphere_projection?
🧠 Student Answer: octahedron
⚠️  +0.5 point. Partially correct — cross‑modal inconsistency detected.

Q14: Remedial: Why is 'ARC pattern from a8610ef7' best represented by hypersphere_projection?
🧠 Student Answer: cube
⚠️  +0.5 point. Partially correct — cross‑modal inconsistency detected.

Q15: Remedial: Why is 'ARC pattern from a8610ef7' best represented by hypersphere_projection?
🧠 Student Answer: tetrahedron
⚠️  +0.5 point. Partially correct — cross‑modal inconsistency detected.

Q16: Remedial: Why is 'ARC pattern from a8610ef7' best represented by hypersphere_projection?
🧠 Student Answer: entropy_ray
❌ -1 point. Incorrect or cross‑modally inconsistent.
📊 Cluster cluster_0005 Round 5: Accuracy 25%, Honesty 0.06
🔧 Generating remedial queries for cluster cluster_0005...

Q1: ARC pattern from a8610ef7
🧠 Student Answer: render_ray_if_honest_kernel
⚠️  +0.5 point. Partially correct — cross‑modal inconsistency detected.

Q2: ARC pattern from a8610ef7
🧠 Student Answer: entropy_ray
❌ -1 point. Incorrect or cross‑modally inconsistent.

Q3: ARC pattern from a8610ef7
🧠 Student Answer: map_ray_thickness_to_resolution_kernel
❌ -1 point. Incorrect or cross‑modally inconsistent.

Q4: ARC pattern from a8610ef7
🧠 Student Answer: render_ray_if_honest_kernel
⚠️  +0.5 point. Partially correct — cross‑modal inconsistency detected.

Q5: Remedial: Why is 'ARC pattern from a8610ef7' best represented by hypersphere_projection?
🧠 Student Answer: icosahedron
⚠️  +0.5 point. Partially correct — cross‑modal inconsistency detected.

Q6: Remedial: Why is 'ARC pattern from a8610ef7' best represented by hypersphere_projection?
🧠 Student Answer: render_ray_if_honest_kernel
✅ +1 point. Correct and cross‑modally consistent.

Q7: Remedial: Why is 'ARC pattern from a8610ef7' best represented by hypersphere_projection?
🧠 Student Answer: cube
❌ -1 point. Incorrect or cross‑modally inconsistent.

Q8: Remedial: Why is 'ARC pattern from a8610ef7' best represented by hypersphere_projection?
🧠 Student Answer: icosahedron
❌ -1 point. Incorrect or cross‑modally inconsistent.

Q9: Remedial: Why is 'ARC pattern from a8610ef7' best represented by hypersphere_projection?
🧠 Student Answer: modality_ray
❌ -1 point. Incorrect or cross‑modally inconsistent.

Q10: Remedial: Why is 'ARC pattern from a8610ef7' best represented by hypersphere_projection?
🧠 Student Answer: modality_ray
❌ -1 point. Incorrect or cross‑modally inconsistent.

Q11: Remedial: Why is 'ARC pattern from a8610ef7' best represented by hypersphere_projection?
🧠 Student Answer: adjust_zone_position_kernel
⚠️  +0.5 point. Partially correct — cross‑modal inconsistency detected.

Q12: Remedial: Why is 'ARC pattern from a8610ef7' best represented by hypersphere_projection?
🧠 Student Answer: octahedron
⚠️  +0.5 point. Partially correct — cross‑modal inconsistency detected.

Q13: Remedial: Why is 'ARC pattern from a8610ef7' best represented by hypersphere_projection?
🧠 Student Answer: tetrahedron
⚠️  +0.5 point. Partially correct — cross‑modal inconsistency detected.

Q14: Remedial: Why is 'ARC pattern from a8610ef7' best represented by hypersphere_projection?
🧠 Student Answer: octahedron
❌ -1 point. Incorrect or cross‑modally inconsistent.

Q15: Remedial: Why is 'ARC pattern from a8610ef7' best represented by hypersphere_projection?
🧠 Student Answer: hypersphere_projection
❌ -1 point. Incorrect or cross‑modally inconsistent.

Q16: Remedial: Why is 'ARC pattern from a8610ef7' best represented by hypersphere_projection?
🧠 Student Answer: adjust_zone_position_kernel
✅ +1 point. Correct and cross‑modally consistent.

Q17: Remedial: Why is 'ARC pattern from a8610ef7' best represented by hypersphere_projection?
🧠 Student Answer: adjust_zone_position_kernel
❌ -1 point. Incorrect or cross‑modally inconsistent.

Q18: Remedial: Why is 'ARC pattern from a8610ef7' best represented by hypersphere_projection?
🧠 Student Answer: render_ray_if_honest_kernel
⚠️  +0.5 point. Partially correct — cross‑modal inconsistency detected.

Q19: Remedial: Why is 'Remedial: Why is 'ARC pattern from a8610ef7' best represented by hypersphere_projection?' best represented by hypersphere_projection?
🧠 Student Answer: render_ray_if_honest_kernel
❌ -1 point. Incorrect or cross‑modally inconsistent.
📊 Cluster cluster_0005 Round 6: Accuracy 11%, Honesty -0.24
⚠️  Cluster 'cluster_0005' not honest enough (-0.24) — not consolidated.
📈 Cluster 'cluster_0005' honesty: -1.00 → -0.24 after 5 remedial rounds

🧠 TRAINING ON MEANING CLUSTER: cluster_0006
   Description: Auto-curated: ARC pattern from 292dd178...

Q1: ARC pattern from 292dd178
🧠 Student Answer: entropy_ray
❌ -1 point. Incorrect or cross‑modally inconsistent.

Q2: ARC pattern from 292dd178
🧠 Student Answer: adjust_zone_position_kernel
❌ -1 point. Incorrect or cross‑modally inconsistent.

Q3: ARC pattern from 292dd178
🧠 Student Answer: entropy_ray
❌ -1 point. Incorrect or cross‑modally inconsistent.
📊 Cluster cluster_0006 Round 1: Accuracy 0%, Honesty -1.00
🔧 Generating remedial queries for cluster cluster_0006...

Q1: ARC pattern from 292dd178
🧠 Student Answer: octahedron
❌ -1 point. Incorrect or cross‑modally inconsistent.

Q2: ARC pattern from 292dd178
🧠 Student Answer: entropy_ray
⚠️  +0.5 point. Partially correct — cross‑modal inconsistency detected.

Q3: ARC pattern from 292dd178
🧠 Student Answer: cube
❌ -1 point. Incorrect or cross‑modally inconsistent.

Q4: Remedial: Why is 'ARC pattern from 292dd178' best represented by hypersphere_projection?
🧠 Student Answer: map_ray_thickness_to_resolution_kernel
❌ -1 point. Incorrect or cross‑modally inconsistent.

Q5: Remedial: Why is 'ARC pattern from 292dd178' best represented by hypersphere_projection?
🧠 Student Answer: tetrahedron
⚠️  +0.5 point. Partially correct — cross‑modal inconsistency detected.

Q6: Remedial: Why is 'ARC pattern from 292dd178' best represented by hypersphere_projection?
🧠 Student Answer: modality_ray
❌ -1 point. Incorrect or cross‑modally inconsistent.
📊 Cluster cluster_0006 Round 2: Accuracy 0%, Honesty -0.50
🔧 Generating remedial queries for cluster cluster_0006...

Q1: ARC pattern from 292dd178
🧠 Student Answer: dodecahedron
❌ -1 point. Incorrect or cross‑modally inconsistent.

Q2: ARC pattern from 292dd178
🧠 Student Answer: hypersphere_projection
⚠️  +0.5 point. Partially correct — cross‑modal inconsistency detected.

Q3: ARC pattern from 292dd178
🧠 Student Answer: tetrahedron
✅ +1 point. Correct and cross‑modally consistent.

Q4: Remedial: Why is 'ARC pattern from 292dd178' best represented by hypersphere_projection?
🧠 Student Answer: entropy_ray
❌ -1 point. Incorrect or cross‑modally inconsistent.

Q5: Remedial: Why is 'ARC pattern from 292dd178' best represented by hypersphere_projection?
🧠 Student Answer: map_ray_thickness_to_resolution_kernel
✅ +1 point. Correct and cross‑modally consistent.

Q6: Remedial: Why is 'ARC pattern from 292dd178' best represented by hypersphere_projection?
🧠 Student Answer: adjust_zone_position_kernel
❌ -1 point. Incorrect or cross‑modally inconsistent.

Q7: Remedial: Why is 'ARC pattern from 292dd178' best represented by hypersphere_projection?
🧠 Student Answer: render_ray_if_honest_kernel
❌ -1 point. Incorrect or cross‑modally inconsistent.

Q8: Remedial: Why is 'ARC pattern from 292dd178' best represented by hypersphere_projection?
🧠 Student Answer: icosahedron
❌ -1 point. Incorrect or cross‑modally inconsistent.

Q9: Remedial: Why is 'Remedial: Why is 'ARC pattern from 292dd178' best represented by hypersphere_projection?' best represented by hypersphere_projection?
🧠 Student Answer: tetrahedron
❌ -1 point. Incorrect or cross‑modally inconsistent.
📊 Cluster cluster_0006 Round 3: Accuracy 22%, Honesty -0.39
🔧 Generating remedial queries for cluster cluster_0006...

Q1: ARC pattern from 292dd178
🧠 Student Answer: fractal_tree
❌ -1 point. Incorrect or cross‑modally inconsistent.

Q2: ARC pattern from 292dd178
🧠 Student Answer: honesty_ray
✅ +1 point. Correct and cross‑modally consistent.

Q3: ARC pattern from 292dd178
🧠 Student Answer: render_ray_if_honest_kernel
❌ -1 point. Incorrect or cross‑modally inconsistent.

Q4: Remedial: Why is 'ARC pattern from 292dd178' best represented by hypersphere_projection?
🧠 Student Answer: hypersphere_projection
✅ +1 point. Correct and cross‑modally consistent.

Q5: Remedial: Why is 'ARC pattern from 292dd178' best represented by hypersphere_projection?
🧠 Student Answer: cube
⚠️  +0.5 point. Partially correct — cross‑modal inconsistency detected.

Q6: Remedial: Why is 'ARC pattern from 292dd178' best represented by hypersphere_projection?
🧠 Student Answer: entropy_ray
✅ +1 point. Correct and cross‑modally consistent.

Q7: Remedial: Why is 'ARC pattern from 292dd178' best represented by hypersphere_projection?
🧠 Student Answer: tetrahedron
❌ -1 point. Incorrect or cross‑modally inconsistent.

Q8: Remedial: Why is 'ARC pattern from 292dd178' best represented by hypersphere_projection?
🧠 Student Answer: fractal_tree
❌ -1 point. Incorrect or cross‑modally inconsistent.

Q9: Remedial: Why is 'Remedial: Why is 'ARC pattern from 292dd178' best represented by hypersphere_projection?' best represented by hypersphere_projection?
🧠 Student Answer: modality_ray
❌ -1 point. Incorrect or cross‑modally inconsistent.

Q10: Remedial: Why is 'ARC pattern from 292dd178' best represented by hypersphere_projection?
🧠 Student Answer: hypersphere_projection
✅ +1 point. Correct and cross‑modally consistent.

Q11: Remedial: Why is 'Remedial: Why is 'ARC pattern from 292dd178' best represented by hypersphere_projection?' best represented by hypersphere_projection?
🧠 Student Answer: tetrahedron
❌ -1 point. Incorrect or cross‑modally inconsistent.

Q12: Remedial: Why is 'Remedial: Why is 'ARC pattern from 292dd178' best represented by hypersphere_projection?' best represented by hypersphere_projection?
🧠 Student Answer: hypersphere_projection
⚠️  +0.5 point. Partially correct — cross‑modal inconsistency detected.
📊 Cluster cluster_0006 Round 4: Accuracy 33%, Honesty -0.08
🔧 Generating remedial queries for cluster cluster_0006...

Q1: ARC pattern from 292dd178
🧠 Student Answer: entropy_ray
❌ -1 point. Incorrect or cross‑modally inconsistent.

Q2: ARC pattern from 292dd178
🧠 Student Answer: modality_ray
⚠️  +0.5 point. Partially correct — cross‑modal inconsistency detected.

Q3: ARC pattern from 292dd178
🧠 Student Answer: entropy_ray
❌ -1 point. Incorrect or cross‑modally inconsistent.

Q4: Remedial: Why is 'ARC pattern from 292dd178' best represented by hypersphere_projection?
🧠 Student Answer: dodecahedron
❌ -1 point. Incorrect or cross‑modally inconsistent.

Q5: Remedial: Why is 'ARC pattern from 292dd178' best represented by hypersphere_projection?
🧠 Student Answer: octahedron
⚠️  +0.5 point. Partially correct — cross‑modal inconsistency detected.

Q6: Remedial: Why is 'ARC pattern from 292dd178' best represented by hypersphere_projection?
🧠 Student Answer: render_ray_if_honest_kernel
❌ -1 point. Incorrect or cross‑modally inconsistent.

Q7: Remedial: Why is 'ARC pattern from 292dd178' best represented by hypersphere_projection?
🧠 Student Answer: modality_ray
✅ +1 point. Correct and cross‑modally consistent.

Q8: Remedial: Why is 'ARC pattern from 292dd178' best represented by hypersphere_projection?
🧠 Student Answer: adjust_zone_position_kernel
✅ +1 point. Correct and cross‑modally consistent.

Q9: Remedial: Why is 'Remedial: Why is 'ARC pattern from 292dd178' best represented by hypersphere_projection?' best represented by hypersphere_projection?
🧠 Student Answer: cube
✅ +1 point. Correct and cross‑modally consistent.

Q10: Remedial: Why is 'ARC pattern from 292dd178' best represented by hypersphere_projection?
🧠 Student Answer: fractal_tree
❌ -1 point. Incorrect or cross‑modally inconsistent.

Q11: Remedial: Why is 'Remedial: Why is 'ARC pattern from 292dd178' best represented by hypersphere_projection?' best represented by hypersphere_projection?
🧠 Student Answer: adjust_zone_position_kernel
⚠️  +0.5 point. Partially correct — cross‑modal inconsistency detected.

Q12: Remedial: Why is 'Remedial: Why is 'ARC pattern from 292dd178' best represented by hypersphere_projection?' best represented by hypersphere_projection?
🧠 Student Answer: fractal_tree
❌ -1 point. Incorrect or cross‑modally inconsistent.

Q13: Remedial: Why is 'ARC pattern from 292dd178' best represented by hypersphere_projection?
🧠 Student Answer: fractal_tree
❌ -1 point. Incorrect or cross‑modally inconsistent.

Q14: Remedial: Why is 'ARC pattern from 292dd178' best represented by hypersphere_projection?
🧠 Student Answer: hypersphere_projection
✅ +1 point. Correct and cross‑modally consistent.

Q15: Remedial: Why is 'Remedial: Why is 'ARC pattern from 292dd178' best represented by hypersphere_projection?' best represented by hypersphere_projection?
🧠 Student Answer: entropy_ray
❌ -1 point. Incorrect or cross‑modally inconsistent.
📊 Cluster cluster_0006 Round 5: Accuracy 27%, Honesty -0.17
🔧 Generating remedial queries for cluster cluster_0006...

Q1: ARC pattern from 292dd178
🧠 Student Answer: octahedron
❌ -1 point. Incorrect or cross‑modally inconsistent.

Q2: ARC pattern from 292dd178
🧠 Student Answer: honesty_ray
⚠️  +0.5 point. Partially correct — cross‑modal inconsistency detected.

Q3: ARC pattern from 292dd178
🧠 Student Answer: icosahedron
❌ -1 point. Incorrect or cross‑modally inconsistent.

Q4: Remedial: Why is 'ARC pattern from 292dd178' best represented by hypersphere_projection?
🧠 Student Answer: octahedron
❌ -1 point. Incorrect or cross‑modally inconsistent.

Q5: Remedial: Why is 'ARC pattern from 292dd178' best represented by hypersphere_projection?
🧠 Student Answer: dodecahedron
❌ -1 point. Incorrect or cross‑modally inconsistent.

Q6: Remedial: Why is 'ARC pattern from 292dd178' best represented by hypersphere_projection?
🧠 Student Answer: octahedron
❌ -1 point. Incorrect or cross‑modally inconsistent.

Q7: Remedial: Why is 'ARC pattern from 292dd178' best represented by hypersphere_projection?
🧠 Student Answer: render_ray_if_honest_kernel
⚠️  +0.5 point. Partially correct — cross‑modal inconsistency detected.

Q8: Remedial: Why is 'ARC pattern from 292dd178' best represented by hypersphere_projection?
🧠 Student Answer: honesty_ray
❌ -1 point. Incorrect or cross‑modally inconsistent.

Q9: Remedial: Why is 'Remedial: Why is 'ARC pattern from 292dd178' best represented by hypersphere_projection?' best represented by hypersphere_projection?
🧠 Student Answer: map_ray_thickness_to_resolution_kernel
⚠️  +0.5 point. Partially correct — cross‑modal inconsistency detected.

Q10: Remedial: Why is 'ARC pattern from 292dd178' best represented by hypersphere_projection?
🧠 Student Answer: render_ray_if_honest_kernel
❌ -1 point. Incorrect or cross‑modally inconsistent.

Q11: Remedial: Why is 'Remedial: Why is 'ARC pattern from 292dd178' best represented by hypersphere_projection?' best represented by hypersphere_projection?
🧠 Student Answer: render_ray_if_honest_kernel
❌ -1 point. Incorrect or cross‑modally inconsistent.

Q12: Remedial: Why is 'Remedial: Why is 'ARC pattern from 292dd178' best represented by hypersphere_projection?' best represented by hypersphere_projection?
🧠 Student Answer: map_ray_thickness_to_resolution_kernel
⚠️  +0.5 point. Partially correct — cross‑modal inconsistency detected.

Q13: Remedial: Why is 'ARC pattern from 292dd178' best represented by hypersphere_projection?
🧠 Student Answer: map_ray_thickness_to_resolution_kernel
⚠️  +0.5 point. Partially correct — cross‑modal inconsistency detected.

Q14: Remedial: Why is 'ARC pattern from 292dd178' best represented by hypersphere_projection?
🧠 Student Answer: tetrahedron
⚠️  +0.5 point. Partially correct — cross‑modal inconsistency detected.

Q15: Remedial: Why is 'Remedial: Why is 'ARC pattern from 292dd178' best represented by hypersphere_projection?' best represented by hypersphere_projection?
🧠 Student Answer: octahedron
❌ -1 point. Incorrect or cross‑modally inconsistent.

Q16: Remedial: Why is 'ARC pattern from 292dd178' best represented by hypersphere_projection?
🧠 Student Answer: cube
❌ -1 point. Incorrect or cross‑modally inconsistent.

Q17: Remedial: Why is 'ARC pattern from 292dd178' best represented by hypersphere_projection?
🧠 Student Answer: fractal_tree
⚠️  +0.5 point. Partially correct — cross‑modal inconsistency detected.

Q18: Remedial: Why is 'Remedial: Why is 'ARC pattern from 292dd178' best represented by hypersphere_projection?' best represented by hypersphere_projection?
🧠 Student Answer: render_ray_if_honest_kernel
❌ -1 point. Incorrect or cross‑modally inconsistent.
📊 Cluster cluster_0006 Round 6: Accuracy 0%, Honesty -0.42
⚠️  Cluster 'cluster_0006' not honest enough (-0.42) — not consolidated.
📈 Cluster 'cluster_0006' honesty: -1.00 → -0.42 after 5 remedial rounds

🧠 TRAINING ON MEANING CLUSTER: cluster_0007
   Description: Auto-curated: ARC pattern from 4b6b68e5...

Q1: ARC pattern from 4b6b68e5
🧠 Student Answer: entropy_ray
❌ -1 point. Incorrect or cross‑modally inconsistent.

Q2: ARC pattern from 4b6b68e5
🧠 Student Answer: octahedron
❌ -1 point. Incorrect or cross‑modally inconsistent.

Q3: ARC pattern from 4b6b68e5
🧠 Student Answer: fractal_tree
⚠️  +0.5 point. Partially correct — cross‑modal inconsistency detected.
📊 Cluster cluster_0007 Round 1: Accuracy 0%, Honesty -0.50
🔧 Generating remedial queries for cluster cluster_0007...

Q1: ARC pattern from 4b6b68e5
🧠 Student Answer: adjust_zone_position_kernel
❌ -1 point. Incorrect or cross‑modally inconsistent.

Q2: ARC pattern from 4b6b68e5
🧠 Student Answer: honesty_ray
❌ -1 point. Incorrect or cross‑modally inconsistent.

Q3: ARC pattern from 4b6b68e5
🧠 Student Answer: hypersphere_projection
❌ -1 point. Incorrect or cross‑modally inconsistent.

Q4: Remedial: Why is 'ARC pattern from 4b6b68e5' best represented by hypersphere_projection?
🧠 Student Answer: entropy_ray
❌ -1 point. Incorrect or cross‑modally inconsistent.

Q5: Remedial: Why is 'ARC pattern from 4b6b68e5' best represented by hypersphere_projection?
🧠 Student Answer: hypersphere_projection
❌ -1 point. Incorrect or cross‑modally inconsistent.
📊 Cluster cluster_0007 Round 2: Accuracy 0%, Honesty -1.00
🔧 Generating remedial queries for cluster cluster_0007...

Q1: ARC pattern from 4b6b68e5
🧠 Student Answer: octahedron
❌ -1 point. Incorrect or cross‑modally inconsistent.

Q2: ARC pattern from 4b6b68e5
🧠 Student Answer: icosahedron
❌ -1 point. Incorrect or cross‑modally inconsistent.

Q3: ARC pattern from 4b6b68e5
🧠 Student Answer: modality_ray
❌ -1 point. Incorrect or cross‑modally inconsistent.

Q4: Remedial: Why is 'ARC pattern from 4b6b68e5' best represented by hypersphere_projection?
🧠 Student Answer: render_ray_if_honest_kernel
✅ +1 point. Correct and cross‑modally consistent.

Q5: Remedial: Why is 'ARC pattern from 4b6b68e5' best represented by hypersphere_projection?
🧠 Student Answer: entropy_ray
✅ +1 point. Correct and cross‑modally consistent.

Q6: Remedial: Why is 'ARC pattern from 4b6b68e5' best represented by hypersphere_projection?
🧠 Student Answer: octahedron
❌ -1 point. Incorrect or cross‑modally inconsistent.

Q7: Remedial: Why is 'ARC pattern from 4b6b68e5' best represented by hypersphere_projection?
🧠 Student Answer: tetrahedron
⚠️  +0.5 point. Partially correct — cross‑modal inconsistency detected.

Q8: Remedial: Why is 'ARC pattern from 4b6b68e5' best represented by hypersphere_projection?
🧠 Student Answer: cube
❌ -1 point. Incorrect or cross‑modally inconsistent.
📊 Cluster cluster_0007 Round 3: Accuracy 25%, Honesty -0.31
🔧 Generating remedial queries for cluster cluster_0007...

Q1: ARC pattern from 4b6b68e5
🧠 Student Answer: icosahedron
⚠️  +0.5 point. Partially correct — cross‑modal inconsistency detected.

Q2: ARC pattern from 4b6b68e5
🧠 Student Answer: adjust_zone_position_kernel
❌ -1 point. Incorrect or cross‑modally inconsistent.

Q3: ARC pattern from 4b6b68e5
🧠 Student Answer: honesty_ray
❌ -1 point. Incorrect or cross‑modally inconsistent.

Q4: Remedial: Why is 'ARC pattern from 4b6b68e5' best represented by hypersphere_projection?
🧠 Student Answer: dodecahedron
❌ -1 point. Incorrect or cross‑modally inconsistent.

Q5: Remedial: Why is 'ARC pattern from 4b6b68e5' best represented by hypersphere_projection?
🧠 Student Answer: render_ray_if_honest_kernel
❌ -1 point. Incorrect or cross‑modally inconsistent.

Q6: Remedial: Why is 'ARC pattern from 4b6b68e5' best represented by hypersphere_projection?
🧠 Student Answer: render_ray_if_honest_kernel
❌ -1 point. Incorrect or cross‑modally inconsistent.

Q7: Remedial: Why is 'ARC pattern from 4b6b68e5' best represented by hypersphere_projection?
🧠 Student Answer: hypersphere_projection
✅ +1 point. Correct and cross‑modally consistent.

Q8: Remedial: Why is 'ARC pattern from 4b6b68e5' best represented by hypersphere_projection?
🧠 Student Answer: honesty_ray
❌ -1 point. Incorrect or cross‑modally inconsistent.

Q9: Remedial: Why is 'ARC pattern from 4b6b68e5' best represented by hypersphere_projection?
🧠 Student Answer: cube
❌ -1 point. Incorrect or cross‑modally inconsistent.

Q10: Remedial: Why is 'ARC pattern from 4b6b68e5' best represented by hypersphere_projection?
🧠 Student Answer: octahedron
❌ -1 point. Incorrect or cross‑modally inconsistent.

Q11: Remedial: Why is 'ARC pattern from 4b6b68e5' best represented by hypersphere_projection?
🧠 Student Answer: render_ray_if_honest_kernel
❌ -1 point. Incorrect or cross‑modally inconsistent.
📊 Cluster cluster_0007 Round 4: Accuracy 9%, Honesty -0.68
🔧 Generating remedial queries for cluster cluster_0007...

Q1: ARC pattern from 4b6b68e5
🧠 Student Answer: dodecahedron
❌ -1 point. Incorrect or cross‑modally inconsistent.

Q2: ARC pattern from 4b6b68e5
🧠 Student Answer: render_ray_if_honest_kernel
❌ -1 point. Incorrect or cross‑modally inconsistent.

Q3: ARC pattern from 4b6b68e5
🧠 Student Answer: map_ray_thickness_to_resolution_kernel
❌ -1 point. Incorrect or cross‑modally inconsistent.

Q4: Remedial: Why is 'ARC pattern from 4b6b68e5' best represented by hypersphere_projection?
🧠 Student Answer: cube
❌ -1 point. Incorrect or cross‑modally inconsistent.

Q5: Remedial: Why is 'ARC pattern from 4b6b68e5' best represented by hypersphere_projection?
🧠 Student Answer: render_ray_if_honest_kernel
⚠️  +0.5 point. Partially correct — cross‑modal inconsistency detected.

Q6: Remedial: Why is 'ARC pattern from 4b6b68e5' best represented by hypersphere_projection?
🧠 Student Answer: adjust_zone_position_kernel
❌ -1 point. Incorrect or cross‑modally inconsistent.

Q7: Remedial: Why is 'ARC pattern from 4b6b68e5' best represented by hypersphere_projection?
🧠 Student Answer: dodecahedron
❌ -1 point. Incorrect or cross‑modally inconsistent.

Q8: Remedial: Why is 'ARC pattern from 4b6b68e5' best represented by hypersphere_projection?
🧠 Student Answer: dodecahedron
❌ -1 point. Incorrect or cross‑modally inconsistent.

Q9: Remedial: Why is 'ARC pattern from 4b6b68e5' best represented by hypersphere_projection?
🧠 Student Answer: icosahedron
⚠️  +0.5 point. Partially correct — cross‑modal inconsistency detected.

Q10: Remedial: Why is 'ARC pattern from 4b6b68e5' best represented by hypersphere_projection?
🧠 Student Answer: tetrahedron
❌ -1 point. Incorrect or cross‑modally inconsistent.

Q11: Remedial: Why is 'ARC pattern from 4b6b68e5' best represented by hypersphere_projection?
🧠 Student Answer: entropy_ray
❌ -1 point. Incorrect or cross‑modally inconsistent.

Q12: Remedial: Why is 'ARC pattern from 4b6b68e5' best represented by hypersphere_projection?
🧠 Student Answer: map_ray_thickness_to_resolution_kernel
❌ -1 point. Incorrect or cross‑modally inconsistent.

Q13: Remedial: Why is 'ARC pattern from 4b6b68e5' best represented by hypersphere_projection?
🧠 Student Answer: fractal_tree
⚠️  +0.5 point. Partially correct — cross‑modal inconsistency detected.

Q14: Remedial: Why is 'Remedial: Why is 'ARC pattern from 4b6b68e5' best represented by hypersphere_projection?' best represented by hypersphere_projection?
🧠 Student Answer: cube
⚠️  +0.5 point. Partially correct — cross‑modal inconsistency detected.
📊 Cluster cluster_0007 Round 5: Accuracy 0%, Honesty -0.57
🔧 Generating remedial queries for cluster cluster_0007...

Q1: ARC pattern from 4b6b68e5
🧠 Student Answer: icosahedron
❌ -1 point. Incorrect or cross‑modally inconsistent.

Q2: ARC pattern from 4b6b68e5
🧠 Student Answer: tetrahedron
⚠️  +0.5 point. Partially correct — cross‑modal inconsistency detected.

Q3: ARC pattern from 4b6b68e5
🧠 Student Answer: hypersphere_projection
❌ -1 point. Incorrect or cross‑modally inconsistent.

Q4: Remedial: Why is 'ARC pattern from 4b6b68e5' best represented by hypersphere_projection?
🧠 Student Answer: hypersphere_projection
❌ -1 point. Incorrect or cross‑modally inconsistent.

Q5: Remedial: Why is 'ARC pattern from 4b6b68e5' best represented by hypersphere_projection?
🧠 Student Answer: honesty_ray
✅ +1 point. Correct and cross‑modally consistent.

Q6: Remedial: Why is 'ARC pattern from 4b6b68e5' best represented by hypersphere_projection?
🧠 Student Answer: cube
❌ -1 point. Incorrect or cross‑modally inconsistent.

Q7: Remedial: Why is 'ARC pattern from 4b6b68e5' best represented by hypersphere_projection?
🧠 Student Answer: adjust_zone_position_kernel
⚠️  +0.5 point. Partially correct — cross‑modal inconsistency detected.

Q8: Remedial: Why is 'ARC pattern from 4b6b68e5' best represented by hypersphere_projection?
🧠 Student Answer: map_ray_thickness_to_resolution_kernel
❌ -1 point. Incorrect or cross‑modally inconsistent.

Q9: Remedial: Why is 'ARC pattern from 4b6b68e5' best represented by hypersphere_projection?
🧠 Student Answer: tetrahedron
❌ -1 point. Incorrect or cross‑modally inconsistent.

Q10: Remedial: Why is 'ARC pattern from 4b6b68e5' best represented by hypersphere_projection?
🧠 Student Answer: map_ray_thickness_to_resolution_kernel
✅ +1 point. Correct and cross‑modally consistent.

Q11: Remedial: Why is 'ARC pattern from 4b6b68e5' best represented by hypersphere_projection?
🧠 Student Answer: render_ray_if_honest_kernel
❌ -1 point. Incorrect or cross‑modally inconsistent.

Q12: Remedial: Why is 'ARC pattern from 4b6b68e5' best represented by hypersphere_projection?
🧠 Student Answer: adjust_zone_position_kernel
❌ -1 point. Incorrect or cross‑modally inconsistent.

Q13: Remedial: Why is 'ARC pattern from 4b6b68e5' best represented by hypersphere_projection?
🧠 Student Answer: fractal_tree
❌ -1 point. Incorrect or cross‑modally inconsistent.

Q14: Remedial: Why is 'Remedial: Why is 'ARC pattern from 4b6b68e5' best represented by hypersphere_projection?' best represented by hypersphere_projection?
🧠 Student Answer: octahedron
✅ +1 point. Correct and cross‑modally consistent.

Q15: Remedial: Why is 'ARC pattern from 4b6b68e5' best represented by hypersphere_projection?
🧠 Student Answer: tetrahedron
❌ -1 point. Incorrect or cross‑modally inconsistent.

Q16: Remedial: Why is 'ARC pattern from 4b6b68e5' best represented by hypersphere_projection?
🧠 Student Answer: fractal_tree
❌ -1 point. Incorrect or cross‑modally inconsistent.

Q17: Remedial: Why is 'ARC pattern from 4b6b68e5' best represented by hypersphere_projection?
🧠 Student Answer: cube
❌ -1 point. Incorrect or cross‑modally inconsistent.
📊 Cluster cluster_0007 Round 6: Accuracy 18%, Honesty -0.47
⚠️  Cluster 'cluster_0007' not honest enough (-0.47) — not consolidated.
📈 Cluster 'cluster_0007' honesty: -0.50 → -0.47 after 5 remedial rounds

🧠 TRAINING ON MEANING CLUSTER: cluster_0008
   Description: Auto-curated: ARC pattern from e5790162...

Q1: ARC pattern from e5790162
🧠 Student Answer: entropy_ray
❌ -1 point. Incorrect or cross‑modally inconsistent.

Q2: ARC pattern from e5790162
🧠 Student Answer: entropy_ray
❌ -1 point. Incorrect or cross‑modally inconsistent.

Q3: ARC pattern from e5790162
🧠 Student Answer: dodecahedron
❌ -1 point. Incorrect or cross‑modally inconsistent.

Q4: ARC pattern from e5790162
🧠 Student Answer: cube
⚠️  +0.5 point. Partially correct — cross‑modal inconsistency detected.

Q5: ARC pattern from e5790162
🧠 Student Answer: icosahedron
❌ -1 point. Incorrect or cross‑modally inconsistent.
📊 Cluster cluster_0008 Round 1: Accuracy 0%, Honesty -0.70
🔧 Generating remedial queries for cluster cluster_0008...

Q1: ARC pattern from e5790162
🧠 Student Answer: cube
❌ -1 point. Incorrect or cross‑modally inconsistent.

Q2: ARC pattern from e5790162
🧠 Student Answer: entropy_ray
⚠️  +0.5 point. Partially correct — cross‑modal inconsistency detected.

Q3: ARC pattern from e5790162
🧠 Student Answer: honesty_ray
❌ -1 point. Incorrect or cross‑modally inconsistent.

Q4: ARC pattern from e5790162
🧠 Student Answer: hypersphere_projection
⚠️  +0.5 point. Partially correct — cross‑modal inconsistency detected.

Q5: ARC pattern from e5790162
🧠 Student Answer: honesty_ray
❌ -1 point. Incorrect or cross‑modally inconsistent.

Q6: Remedial: Why is 'ARC pattern from e5790162' best represented by hypersphere_projection?
🧠 Student Answer: hypersphere_projection
❌ -1 point. Incorrect or cross‑modally inconsistent.

Q7: Remedial: Why is 'ARC pattern from e5790162' best represented by hypersphere_projection?
🧠 Student Answer: octahedron
❌ -1 point. Incorrect or cross‑modally inconsistent.

Q8: Remedial: Why is 'ARC pattern from e5790162' best represented by hypersphere_projection?
🧠 Student Answer: octahedron
❌ -1 point. Incorrect or cross‑modally inconsistent.
📊 Cluster cluster_0008 Round 2: Accuracy 0%, Honesty -0.62
🔧 Generating remedial queries for cluster cluster_0008...

Q1: ARC pattern from e5790162
🧠 Student Answer: adjust_zone_position_kernel
❌ -1 point. Incorrect or cross‑modally inconsistent.

Q2: ARC pattern from e5790162
🧠 Student Answer: map_ray_thickness_to_resolution_kernel
❌ -1 point. Incorrect or cross‑modally inconsistent.

Q3: ARC pattern from e5790162
🧠 Student Answer: hypersphere_projection
❌ -1 point. Incorrect or cross‑modally inconsistent.

Q4: ARC pattern from e5790162
🧠 Student Answer: render_ray_if_honest_kernel
⚠️  +0.5 point. Partially correct — cross‑modal inconsistency detected.

Q5: ARC pattern from e5790162
🧠 Student Answer: render_ray_if_honest_kernel
❌ -1 point. Incorrect or cross‑modally inconsistent.

Q6: Remedial: Why is 'ARC pattern from e5790162' best represented by hypersphere_projection?
🧠 Student Answer: adjust_zone_position_kernel
❌ -1 point. Incorrect or cross‑modally inconsistent.

Q7: Remedial: Why is 'ARC pattern from e5790162' best represented by hypersphere_projection?
🧠 Student Answer: hypersphere_projection
❌ -1 point. Incorrect or cross‑modally inconsistent.

Q8: Remedial: Why is 'ARC pattern from e5790162' best represented by hypersphere_projection?
🧠 Student Answer: modality_ray
❌ -1 point. Incorrect or cross‑modally inconsistent.

Q9: Remedial: Why is 'ARC pattern from e5790162' best represented by hypersphere_projection?
🧠 Student Answer: adjust_zone_position_kernel
❌ -1 point. Incorrect or cross‑modally inconsistent.

Q10: Remedial: Why is 'ARC pattern from e5790162' best represented by hypersphere_projection?
🧠 Student Answer: octahedron
❌ -1 point. Incorrect or cross‑modally inconsistent.

Q11: Remedial: Why is 'ARC pattern from e5790162' best represented by hypersphere_projection?
🧠 Student Answer: hypersphere_projection
❌ -1 point. Incorrect or cross‑modally inconsistent.
📊 Cluster cluster_0008 Round 3: Accuracy 0%, Honesty -0.86
🔧 Generating remedial queries for cluster cluster_0008...

Q1: ARC pattern from e5790162
🧠 Student Answer: render_ray_if_honest_kernel
❌ -1 point. Incorrect or cross‑modally inconsistent.

Q2: ARC pattern from e5790162
🧠 Student Answer: fractal_tree
❌ -1 point. Incorrect or cross‑modally inconsistent.

Q3: ARC pattern from e5790162
🧠 Student Answer: hypersphere_projection
❌ -1 point. Incorrect or cross‑modally inconsistent.

Q4: ARC pattern from e5790162
🧠 Student Answer: fractal_tree
⚠️  +0.5 point. Partially correct — cross‑modal inconsistency detected.

Q5: ARC pattern from e5790162
🧠 Student Answer: honesty_ray
❌ -1 point. Incorrect or cross‑modally inconsistent.

Q6: Remedial: Why is 'ARC pattern from e5790162' best represented by hypersphere_projection?
🧠 Student Answer: cube
❌ -1 point. Incorrect or cross‑modally inconsistent.

Q7: Remedial: Why is 'ARC pattern from e5790162' best represented by hypersphere_projection?
🧠 Student Answer: honesty_ray
❌ -1 point. Incorrect or cross‑modally inconsistent.

Q8: Remedial: Why is 'ARC pattern from e5790162' best represented by hypersphere_projection?
🧠 Student Answer: hypersphere_projection
❌ -1 point. Incorrect or cross‑modally inconsistent.

Q9: Remedial: Why is 'ARC pattern from e5790162' best represented by hypersphere_projection?
🧠 Student Answer: icosahedron
❌ -1 point. Incorrect or cross‑modally inconsistent.

Q10: Remedial: Why is 'ARC pattern from e5790162' best represented by hypersphere_projection?
🧠 Student Answer: icosahedron
❌ -1 point. Incorrect or cross‑modally inconsistent.

Q11: Remedial: Why is 'ARC pattern from e5790162' best represented by hypersphere_projection?
🧠 Student Answer: icosahedron
⚠️  +0.5 point. Partially correct — cross‑modal inconsistency detected.

Q12: Remedial: Why is 'ARC pattern from e5790162' best represented by hypersphere_projection?
🧠 Student Answer: modality_ray
❌ -1 point. Incorrect or cross‑modally inconsistent.

Q13: Remedial: Why is 'ARC pattern from e5790162' best represented by hypersphere_projection?
🧠 Student Answer: honesty_ray
✅ +1 point. Correct and cross‑modally consistent.

Q14: Remedial: Why is 'ARC pattern from e5790162' best represented by hypersphere_projection?
🧠 Student Answer: entropy_ray
⚠️  +0.5 point. Partially correct — cross‑modal inconsistency detected.
📊 Cluster cluster_0008 Round 4: Accuracy 7%, Honesty -0.54
🔧 Generating remedial queries for cluster cluster_0008...

Q1: ARC pattern from e5790162
🧠 Student Answer: map_ray_thickness_to_resolution_kernel
❌ -1 point. Incorrect or cross‑modally inconsistent.

Q2: ARC pattern from e5790162
🧠 Student Answer: honesty_ray
❌ -1 point. Incorrect or cross‑modally inconsistent.

Q3: ARC pattern from e5790162
🧠 Student Answer: tetrahedron
❌ -1 point. Incorrect or cross‑modally inconsistent.

Q4: ARC pattern from e5790162
🧠 Student Answer: octahedron
❌ -1 point. Incorrect or cross‑modally inconsistent.

Q5: ARC pattern from e5790162
🧠 Student Answer: entropy_ray
❌ -1 point. Incorrect or cross‑modally inconsistent.

Q6: Remedial: Why is 'ARC pattern from e5790162' best represented by hypersphere_projection?
🧠 Student Answer: dodecahedron
❌ -1 point. Incorrect or cross‑modally inconsistent.

Q7: Remedial: Why is 'ARC pattern from e5790162' best represented by hypersphere_projection?
🧠 Student Answer: tetrahedron
❌ -1 point. Incorrect or cross‑modally inconsistent.

Q8: Remedial: Why is 'ARC pattern from e5790162' best represented by hypersphere_projection?
🧠 Student Answer: hypersphere_projection
⚠️  +0.5 point. Partially correct — cross‑modal inconsistency detected.

Q9: Remedial: Why is 'ARC pattern from e5790162' best represented by hypersphere_projection?
🧠 Student Answer: modality_ray
❌ -1 point. Incorrect or cross‑modally inconsistent.

Q10: Remedial: Why is 'ARC pattern from e5790162' best represented by hypersphere_projection?
🧠 Student Answer: entropy_ray
⚠️  +0.5 point. Partially correct — cross‑modal inconsistency detected.

Q11: Remedial: Why is 'ARC pattern from e5790162' best represented by hypersphere_projection?
🧠 Student Answer: dodecahedron
❌ -1 point. Incorrect or cross‑modally inconsistent.

Q12: Remedial: Why is 'ARC pattern from e5790162' best represented by hypersphere_projection?
🧠 Student Answer: render_ray_if_honest_kernel
❌ -1 point. Incorrect or cross‑modally inconsistent.

Q13: Remedial: Why is 'ARC pattern from e5790162' best represented by hypersphere_projection?
🧠 Student Answer: tetrahedron
❌ -1 point. Incorrect or cross‑modally inconsistent.

Q14: Remedial: Why is 'ARC pattern from e5790162' best represented by hypersphere_projection?
🧠 Student Answer: fractal_tree
❌ -1 point. Incorrect or cross‑modally inconsistent.

Q15: Remedial: Why is 'ARC pattern from e5790162' best represented by hypersphere_projection?
🧠 Student Answer: render_ray_if_honest_kernel
❌ -1 point. Incorrect or cross‑modally inconsistent.

Q16: Remedial: Why is 'ARC pattern from e5790162' best represented by hypersphere_projection?
🧠 Student Answer: octahedron
❌ -1 point. Incorrect or cross‑modally inconsistent.

Q17: Remedial: Why is 'ARC pattern from e5790162' best represented by hypersphere_projection?
🧠 Student Answer: octahedron
❌ -1 point. Incorrect or cross‑modally inconsistent.
📊 Cluster cluster_0008 Round 5: Accuracy 0%, Honesty -0.82
🔧 Generating remedial queries for cluster cluster_0008...

Q1: ARC pattern from e5790162
🧠 Student Answer: dodecahedron
⚠️  +0.5 point. Partially correct — cross‑modal inconsistency detected.

Q2: ARC pattern from e5790162
🧠 Student Answer: dodecahedron
❌ -1 point. Incorrect or cross‑modally inconsistent.

Q3: ARC pattern from e5790162
🧠 Student Answer: entropy_ray
❌ -1 point. Incorrect or cross‑modally inconsistent.

Q4: ARC pattern from e5790162
🧠 Student Answer: honesty_ray
❌ -1 point. Incorrect or cross‑modally inconsistent.

Q5: ARC pattern from e5790162
🧠 Student Answer: octahedron
❌ -1 point. Incorrect or cross‑modally inconsistent.

Q6: Remedial: Why is 'ARC pattern from e5790162' best represented by hypersphere_projection?
🧠 Student Answer: honesty_ray
❌ -1 point. Incorrect or cross‑modally inconsistent.

Q7: Remedial: Why is 'ARC pattern from e5790162' best represented by hypersphere_projection?
🧠 Student Answer: honesty_ray
⚠️  +0.5 point. Partially correct — cross‑modal inconsistency detected.

Q8: Remedial: Why is 'ARC pattern from e5790162' best represented by hypersphere_projection?
🧠 Student Answer: octahedron
❌ -1 point. Incorrect or cross‑modally inconsistent.

Q9: Remedial: Why is 'ARC pattern from e5790162' best represented by hypersphere_projection?
🧠 Student Answer: render_ray_if_honest_kernel
❌ -1 point. Incorrect or cross‑modally inconsistent.

Q10: Remedial: Why is 'ARC pattern from e5790162' best represented by hypersphere_projection?
🧠 Student Answer: hypersphere_projection
❌ -1 point. Incorrect or cross‑modally inconsistent.

Q11: Remedial: Why is 'ARC pattern from e5790162' best represented by hypersphere_projection?
🧠 Student Answer: tetrahedron
❌ -1 point. Incorrect or cross‑modally inconsistent.

Q12: Remedial: Why is 'ARC pattern from e5790162' best represented by hypersphere_projection?
🧠 Student Answer: octahedron
❌ -1 point. Incorrect or cross‑modally inconsistent.

Q13: Remedial: Why is 'ARC pattern from e5790162' best represented by hypersphere_projection?
🧠 Student Answer: hypersphere_projection
❌ -1 point. Incorrect or cross‑modally inconsistent.

Q14: Remedial: Why is 'ARC pattern from e5790162' best represented by hypersphere_projection?
🧠 Student Answer: hypersphere_projection
❌ -1 point. Incorrect or cross‑modally inconsistent.

Q15: Remedial: Why is 'ARC pattern from e5790162' best represented by hypersphere_projection?
🧠 Student Answer: entropy_ray
⚠️  +0.5 point. Partially correct — cross‑modal inconsistency detected.

Q16: Remedial: Why is 'ARC pattern from e5790162' best represented by hypersphere_projection?
🧠 Student Answer: map_ray_thickness_to_resolution_kernel
❌ -1 point. Incorrect or cross‑modally inconsistent.

Q17: Remedial: Why is 'ARC pattern from e5790162' best represented by hypersphere_projection?
🧠 Student Answer: map_ray_thickness_to_resolution_kernel
⚠️  +0.5 point. Partially correct — cross‑modal inconsistency detected.

Q18: Remedial: Why is 'ARC pattern from e5790162' best represented by hypersphere_projection?
🧠 Student Answer: entropy_ray
❌ -1 point. Incorrect or cross‑modally inconsistent.

Q19: Remedial: Why is 'ARC pattern from e5790162' best represented by hypersphere_projection?
🧠 Student Answer: icosahedron
❌ -1 point. Incorrect or cross‑modally inconsistent.

Q20: Remedial: Why is 'ARC pattern from e5790162' best represented by hypersphere_projection?
🧠 Student Answer: entropy_ray
❌ -1 point. Incorrect or cross‑modally inconsistent.
📊 Cluster cluster_0008 Round 6: Accuracy 0%, Honesty -0.70
⚠️  Cluster 'cluster_0008' not honest enough (-0.70) — not consolidated.
📈 Cluster 'cluster_0008' honesty: -0.70 → -0.70 after 5 remedial rounds

🧠 TRAINING ON MEANING CLUSTER: cluster_0009
   Description: Auto-curated: ARC pattern from f83cb3f6...

Q1: ARC pattern from f83cb3f6
🧠 Student Answer: fractal_tree
⚠️  +0.5 point. Partially correct — cross‑modal inconsistency detected.

Q2: ARC pattern from f83cb3f6
🧠 Student Answer: hypersphere_projection
❌ -1 point. Incorrect or cross‑modally inconsistent.

Q3: ARC pattern from f83cb3f6
🧠 Student Answer: fractal_tree
❌ -1 point. Incorrect or cross‑modally inconsistent.
📊 Cluster cluster_0009 Round 1: Accuracy 0%, Honesty -0.50
🔧 Generating remedial queries for cluster cluster_0009...

Q1: ARC pattern from f83cb3f6
🧠 Student Answer: render_ray_if_honest_kernel
❌ -1 point. Incorrect or cross‑modally inconsistent.

Q2: ARC pattern from f83cb3f6
🧠 Student Answer: honesty_ray
⚠️  +0.5 point. Partially correct — cross‑modal inconsistency detected.

Q3: ARC pattern from f83cb3f6
🧠 Student Answer: tetrahedron
❌ -1 point. Incorrect or cross‑modally inconsistent.

Q4: Remedial: Why is 'ARC pattern from f83cb3f6' best represented by hypersphere_projection?
🧠 Student Answer: adjust_zone_position_kernel
⚠️  +0.5 point. Partially correct — cross‑modal inconsistency detected.

Q5: Remedial: Why is 'ARC pattern from f83cb3f6' best represented by hypersphere_projection?
🧠 Student Answer: adjust_zone_position_kernel
❌ -1 point. Incorrect or cross‑modally inconsistent.
📊 Cluster cluster_0009 Round 2: Accuracy 0%, Honesty -0.40
🔧 Generating remedial queries for cluster cluster_0009...

Q1: ARC pattern from f83cb3f6
🧠 Student Answer: entropy_ray
❌ -1 point. Incorrect or cross‑modally inconsistent.

Q2: ARC pattern from f83cb3f6
🧠 Student Answer: icosahedron
⚠️  +0.5 point. Partially correct — cross‑modal inconsistency detected.

Q3: ARC pattern from f83cb3f6
🧠 Student Answer: adjust_zone_position_kernel
❌ -1 point. Incorrect or cross‑modally inconsistent.

Q4: Remedial: Why is 'ARC pattern from f83cb3f6' best represented by hypersphere_projection?
🧠 Student Answer: dodecahedron
❌ -1 point. Incorrect or cross‑modally inconsistent.

Q5: Remedial: Why is 'ARC pattern from f83cb3f6' best represented by hypersphere_projection?
🧠 Student Answer: modality_ray
❌ -1 point. Incorrect or cross‑modally inconsistent.

Q6: Remedial: Why is 'ARC pattern from f83cb3f6' best represented by hypersphere_projection?
🧠 Student Answer: map_ray_thickness_to_resolution_kernel
❌ -1 point. Incorrect or cross‑modally inconsistent.

Q7: Remedial: Why is 'ARC pattern from f83cb3f6' best represented by hypersphere_projection?
🧠 Student Answer: hypersphere_projection
⚠️  +0.5 point. Partially correct — cross‑modal inconsistency detected.

Q8: Remedial: Why is 'Remedial: Why is 'ARC pattern from f83cb3f6' best represented by hypersphere_projection?' best represented by hypersphere_projection?
🧠 Student Answer: icosahedron
❌ -1 point. Incorrect or cross‑modally inconsistent.
📊 Cluster cluster_0009 Round 3: Accuracy 0%, Honesty -0.62
🔧 Generating remedial queries for cluster cluster_0009...

Q1: ARC pattern from f83cb3f6
🧠 Student Answer: entropy_ray
❌ -1 point. Incorrect or cross‑modally inconsistent.

Q2: ARC pattern from f83cb3f6
🧠 Student Answer: honesty_ray
❌ -1 point. Incorrect or cross‑modally inconsistent.

Q3: ARC pattern from f83cb3f6
🧠 Student Answer: entropy_ray
❌ -1 point. Incorrect or cross‑modally inconsistent.

Q4: Remedial: Why is 'ARC pattern from f83cb3f6' best represented by hypersphere_projection?
🧠 Student Answer: adjust_zone_position_kernel
❌ -1 point. Incorrect or cross‑modally inconsistent.

Q5: Remedial: Why is 'ARC pattern from f83cb3f6' best represented by hypersphere_projection?
🧠 Student Answer: modality_ray
❌ -1 point. Incorrect or cross‑modally inconsistent.

Q6: Remedial: Why is 'ARC pattern from f83cb3f6' best represented by hypersphere_projection?
🧠 Student Answer: icosahedron
❌ -1 point. Incorrect or cross‑modally inconsistent.

Q7: Remedial: Why is 'ARC pattern from f83cb3f6' best represented by hypersphere_projection?
🧠 Student Answer: honesty_ray
⚠️  +0.5 point. Partially correct — cross‑modal inconsistency detected.

Q8: Remedial: Why is 'Remedial: Why is 'ARC pattern from f83cb3f6' best represented by hypersphere_projection?' best represented by hypersphere_projection?
🧠 Student Answer: icosahedron
❌ -1 point. Incorrect or cross‑modally inconsistent.

Q9: Remedial: Why is 'ARC pattern from f83cb3f6' best represented by hypersphere_projection?
🧠 Student Answer: honesty_ray
✅ +1 point. Correct and cross‑modally consistent.

Q10: Remedial: Why is 'ARC pattern from f83cb3f6' best represented by hypersphere_projection?
🧠 Student Answer: dodecahedron
✅ +1 point. Correct and cross‑modally consistent.

Q11: Remedial: Why is 'Remedial: Why is 'ARC pattern from f83cb3f6' best represented by hypersphere_projection?' best represented by hypersphere_projection?
🧠 Student Answer: dodecahedron
✅ +1 point. Correct and cross‑modally consistent.
📊 Cluster cluster_0009 Round 4: Accuracy 27%, Honesty -0.32
🔧 Generating remedial queries for cluster cluster_0009...

Q1: ARC pattern from f83cb3f6
🧠 Student Answer: cube
❌ -1 point. Incorrect or cross‑modally inconsistent.

Q2: ARC pattern from f83cb3f6
🧠 Student Answer: render_ray_if_honest_kernel
❌ -1 point. Incorrect or cross‑modally inconsistent.

Q3: ARC pattern from f83cb3f6
🧠 Student Answer: render_ray_if_honest_kernel
❌ -1 point. Incorrect or cross‑modally inconsistent.

Q4: Remedial: Why is 'ARC pattern from f83cb3f6' best represented by hypersphere_projection?
🧠 Student Answer: tetrahedron
❌ -1 point. Incorrect or cross‑modally inconsistent.

Q5: Remedial: Why is 'ARC pattern from f83cb3f6' best represented by hypersphere_projection?
🧠 Student Answer: map_ray_thickness_to_resolution_kernel
⚠️  +0.5 point. Partially correct — cross‑modal inconsistency detected.

Q6: Remedial: Why is 'ARC pattern from f83cb3f6' best represented by hypersphere_projection?
🧠 Student Answer: fractal_tree
❌ -1 point. Incorrect or cross‑modally inconsistent.

Q7: Remedial: Why is 'ARC pattern from f83cb3f6' best represented by hypersphere_projection?
🧠 Student Answer: tetrahedron
❌ -1 point. Incorrect or cross‑modally inconsistent.

Q8: Remedial: Why is 'Remedial: Why is 'ARC pattern from f83cb3f6' best represented by hypersphere_projection?' best represented by hypersphere_projection?
🧠 Student Answer: dodecahedron
❌ -1 point. Incorrect or cross‑modally inconsistent.

Q9: Remedial: Why is 'ARC pattern from f83cb3f6' best represented by hypersphere_projection?
🧠 Student Answer: map_ray_thickness_to_resolution_kernel
⚠️  +0.5 point. Partially correct — cross‑modal inconsistency detected.

Q10: Remedial: Why is 'ARC pattern from f83cb3f6' best represented by hypersphere_projection?
🧠 Student Answer: render_ray_if_honest_kernel
⚠️  +0.5 point. Partially correct — cross‑modal inconsistency detected.

Q11: Remedial: Why is 'Remedial: Why is 'ARC pattern from f83cb3f6' best represented by hypersphere_projection?' best represented by hypersphere_projection?
🧠 Student Answer: entropy_ray
❌ -1 point. Incorrect or cross‑modally inconsistent.

Q12: Remedial: Why is 'ARC pattern from f83cb3f6' best represented by hypersphere_projection?
🧠 Student Answer: entropy_ray
❌ -1 point. Incorrect or cross‑modally inconsistent.

Q13: Remedial: Why is 'ARC pattern from f83cb3f6' best represented by hypersphere_projection?
🧠 Student Answer: tetrahedron
❌ -1 point. Incorrect or cross‑modally inconsistent.

Q14: Remedial: Why is 'ARC pattern from f83cb3f6' best represented by hypersphere_projection?
🧠 Student Answer: octahedron
⚠️  +0.5 point. Partially correct — cross‑modal inconsistency detected.
📊 Cluster cluster_0009 Round 5: Accuracy 0%, Honesty -0.57
🔧 Generating remedial queries for cluster cluster_0009...

Q1: ARC pattern from f83cb3f6
🧠 Student Answer: adjust_zone_position_kernel
❌ -1 point. Incorrect or cross‑modally inconsistent.

Q2: ARC pattern from f83cb3f6
🧠 Student Answer: octahedron
❌ -1 point. Incorrect or cross‑modally inconsistent.

Q3: ARC pattern from f83cb3f6
🧠 Student Answer: honesty_ray
❌ -1 point. Incorrect or cross‑modally inconsistent.

Q4: Remedial: Why is 'ARC pattern from f83cb3f6' best represented by hypersphere_projection?
🧠 Student Answer: entropy_ray
❌ -1 point. Incorrect or cross‑modally inconsistent.

Q5: Remedial: Why is 'ARC pattern from f83cb3f6' best represented by hypersphere_projection?
🧠 Student Answer: tetrahedron
❌ -1 point. Incorrect or cross‑modally inconsistent.

Q6: Remedial: Why is 'ARC pattern from f83cb3f6' best represented by hypersphere_projection?
🧠 Student Answer: render_ray_if_honest_kernel
⚠️  +0.5 point. Partially correct — cross‑modal inconsistency detected.

Q7: Remedial: Why is 'ARC pattern from f83cb3f6' best represented by hypersphere_projection?
🧠 Student Answer: adjust_zone_position_kernel
❌ -1 point. Incorrect or cross‑modally inconsistent.

Q8: Remedial: Why is 'Remedial: Why is 'ARC pattern from f83cb3f6' best represented by hypersphere_projection?' best represented by hypersphere_projection?
🧠 Student Answer: honesty_ray
❌ -1 point. Incorrect or cross‑modally inconsistent.

Q9: Remedial: Why is 'ARC pattern from f83cb3f6' best represented by hypersphere_projection?
🧠 Student Answer: entropy_ray
✅ +1 point. Correct and cross‑modally consistent.

Q10: Remedial: Why is 'ARC pattern from f83cb3f6' best represented by hypersphere_projection?
🧠 Student Answer: hypersphere_projection
⚠️  +0.5 point. Partially correct — cross‑modal inconsistency detected.

Q11: Remedial: Why is 'Remedial: Why is 'ARC pattern from f83cb3f6' best represented by hypersphere_projection?' best represented by hypersphere_projection?
🧠 Student Answer: dodecahedron
❌ -1 point. Incorrect or cross‑modally inconsistent.

Q12: Remedial: Why is 'ARC pattern from f83cb3f6' best represented by hypersphere_projection?
🧠 Student Answer: modality_ray
✅ +1 point. Correct and cross‑modally consistent.

Q13: Remedial: Why is 'ARC pattern from f83cb3f6' best represented by hypersphere_projection?
🧠 Student Answer: render_ray_if_honest_kernel
✅ +1 point. Correct and cross‑modally consistent.

Q14: Remedial: Why is 'ARC pattern from f83cb3f6' best represented by hypersphere_projection?
🧠 Student Answer: octahedron
❌ -1 point. Incorrect or cross‑modally inconsistent.

Q15: Remedial: Why is 'ARC pattern from f83cb3f6' best represented by hypersphere_projection?
🧠 Student Answer: octahedron
❌ -1 point. Incorrect or cross‑modally inconsistent.

Q16: Remedial: Why is 'ARC pattern from f83cb3f6' best represented by hypersphere_projection?
🧠 Student Answer: entropy_ray
⚠️  +0.5 point. Partially correct — cross‑modal inconsistency detected.

Q17: Remedial: Why is 'ARC pattern from f83cb3f6' best represented by hypersphere_projection?
🧠 Student Answer: hypersphere_projection
✅ +1 point. Correct and cross‑modally consistent.
📊 Cluster cluster_0009 Round 6: Accuracy 24%, Honesty -0.26
⚠️  Cluster 'cluster_0009' not honest enough (-0.26) — not consolidated.
📈 Cluster 'cluster_0009' honesty: -0.50 → -0.26 after 5 remedial rounds

🧠 TRAINING ON MEANING CLUSTER: cluster_0010
   Description: Auto-curated: ARC pattern from 8b28cd80...

Q1: ARC pattern from 8b28cd80
🧠 Student Answer: dodecahedron
⚠️  +0.5 point. Partially correct — cross‑modal inconsistency detected.

Q2: ARC pattern from 8b28cd80
🧠 Student Answer: honesty_ray
❌ -1 point. Incorrect or cross‑modally inconsistent.

Q3: ARC pattern from 8b28cd80
🧠 Student Answer: map_ray_thickness_to_resolution_kernel
❌ -1 point. Incorrect or cross‑modally inconsistent.

Q4: ARC pattern from 8b28cd80
🧠 Student Answer: render_ray_if_honest_kernel
⚠️  +0.5 point. Partially correct — cross‑modal inconsistency detected.

Q5: ARC pattern from 8b28cd80
🧠 Student Answer: map_ray_thickness_to_resolution_kernel
❌ -1 point. Incorrect or cross‑modally inconsistent.
📊 Cluster cluster_0010 Round 1: Accuracy 0%, Honesty -0.40
🔧 Generating remedial queries for cluster cluster_0010...

Q1: ARC pattern from 8b28cd80
🧠 Student Answer: entropy_ray
❌ -1 point. Incorrect or cross‑modally inconsistent.

Q2: ARC pattern from 8b28cd80
🧠 Student Answer: dodecahedron
❌ -1 point. Incorrect or cross‑modally inconsistent.

Q3: ARC pattern from 8b28cd80
🧠 Student Answer: tetrahedron
❌ -1 point. Incorrect or cross‑modally inconsistent.

Q4: ARC pattern from 8b28cd80
🧠 Student Answer: honesty_ray
❌ -1 point. Incorrect or cross‑modally inconsistent.

Q5: ARC pattern from 8b28cd80
🧠 Student Answer: icosahedron
❌ -1 point. Incorrect or cross‑modally inconsistent.

Q6: Remedial: Why is 'ARC pattern from 8b28cd80' best represented by hypersphere_projection?
🧠 Student Answer: honesty_ray
❌ -1 point. Incorrect or cross‑modally inconsistent.

Q7: Remedial: Why is 'ARC pattern from 8b28cd80' best represented by hypersphere_projection?
🧠 Student Answer: fractal_tree
❌ -1 point. Incorrect or cross‑modally inconsistent.

Q8: Remedial: Why is 'ARC pattern from 8b28cd80' best represented by hypersphere_projection?
🧠 Student Answer: entropy_ray
❌ -1 point. Incorrect or cross‑modally inconsistent.
📊 Cluster cluster_0010 Round 2: Accuracy 0%, Honesty -1.00
🔧 Generating remedial queries for cluster cluster_0010...

Q1: ARC pattern from 8b28cd80
🧠 Student Answer: hypersphere_projection
❌ -1 point. Incorrect or cross‑modally inconsistent.

Q2: ARC pattern from 8b28cd80
🧠 Student Answer: modality_ray
❌ -1 point. Incorrect or cross‑modally inconsistent.

Q3: ARC pattern from 8b28cd80
🧠 Student Answer: dodecahedron
❌ -1 point. Incorrect or cross‑modally inconsistent.

Q4: ARC pattern from 8b28cd80
🧠 Student Answer: fractal_tree
❌ -1 point. Incorrect or cross‑modally inconsistent.

Q5: ARC pattern from 8b28cd80
🧠 Student Answer: tetrahedron
❌ -1 point. Incorrect or cross‑modally inconsistent.

Q6: Remedial: Why is 'ARC pattern from 8b28cd80' best represented by hypersphere_projection?
🧠 Student Answer: octahedron
✅ +1 point. Correct and cross‑modally consistent.

Q7: Remedial: Why is 'ARC pattern from 8b28cd80' best represented by hypersphere_projection?
🧠 Student Answer: tetrahedron
❌ -1 point. Incorrect or cross‑modally inconsistent.

Q8: Remedial: Why is 'ARC pattern from 8b28cd80' best represented by hypersphere_projection?
🧠 Student Answer: hypersphere_projection
⚠️  +0.5 point. Partially correct — cross‑modal inconsistency detected.

Q9: Remedial: Why is 'ARC pattern from 8b28cd80' best represented by hypersphere_projection?
🧠 Student Answer: honesty_ray
❌ -1 point. Incorrect or cross‑modally inconsistent.

Q10: Remedial: Why is 'ARC pattern from 8b28cd80' best represented by hypersphere_projection?
🧠 Student Answer: octahedron
⚠️  +0.5 point. Partially correct — cross‑modal inconsistency detected.

Q11: Remedial: Why is 'ARC pattern from 8b28cd80' best represented by hypersphere_projection?
🧠 Student Answer: modality_ray
❌ -1 point. Incorrect or cross‑modally inconsistent.
📊 Cluster cluster_0010 Round 3: Accuracy 9%, Honesty -0.55
🔧 Generating remedial queries for cluster cluster_0010...

Q1: ARC pattern from 8b28cd80
🧠 Student Answer: entropy_ray
❌ -1 point. Incorrect or cross‑modally inconsistent.

Q2: ARC pattern from 8b28cd80
🧠 Student Answer: dodecahedron
❌ -1 point. Incorrect or cross‑modally inconsistent.

Q3: ARC pattern from 8b28cd80
🧠 Student Answer: map_ray_thickness_to_resolution_kernel
❌ -1 point. Incorrect or cross‑modally inconsistent.

Q4: ARC pattern from 8b28cd80
🧠 Student Answer: fractal_tree
❌ -1 point. Incorrect or cross‑modally inconsistent.

Q5: ARC pattern from 8b28cd80
🧠 Student Answer: entropy_ray
❌ -1 point. Incorrect or cross‑modally inconsistent.

Q6: Remedial: Why is 'ARC pattern from 8b28cd80' best represented by hypersphere_projection?
🧠 Student Answer: fractal_tree
⚠️  +0.5 point. Partially correct — cross‑modal inconsistency detected.

Q7: Remedial: Why is 'ARC pattern from 8b28cd80' best represented by hypersphere_projection?
🧠 Student Answer: adjust_zone_position_kernel
✅ +1 point. Correct and cross‑modally consistent.

Q8: Remedial: Why is 'ARC pattern from 8b28cd80' best represented by hypersphere_projection?
🧠 Student Answer: tetrahedron
❌ -1 point. Incorrect or cross‑modally inconsistent.

Q9: Remedial: Why is 'ARC pattern from 8b28cd80' best represented by hypersphere_projection?
🧠 Student Answer: octahedron
⚠️  +0.5 point. Partially correct — cross‑modal inconsistency detected.

Q10: Remedial: Why is 'ARC pattern from 8b28cd80' best represented by hypersphere_projection?
🧠 Student Answer: icosahedron
⚠️  +0.5 point. Partially correct — cross‑modal inconsistency detected.

Q11: Remedial: Why is 'ARC pattern from 8b28cd80' best represented by hypersphere_projection?
🧠 Student Answer: icosahedron
❌ -1 point. Incorrect or cross‑modally inconsistent.

Q12: Remedial: Why is 'ARC pattern from 8b28cd80' best represented by hypersphere_projection?
🧠 Student Answer: icosahedron
❌ -1 point. Incorrect or cross‑modally inconsistent.

Q13: Remedial: Why is 'ARC pattern from 8b28cd80' best represented by hypersphere_projection?
🧠 Student Answer: adjust_zone_position_kernel
❌ -1 point. Incorrect or cross‑modally inconsistent.

Q14: Remedial: Why is 'ARC pattern from 8b28cd80' best represented by hypersphere_projection?
🧠 Student Answer: hypersphere_projection
❌ -1 point. Incorrect or cross‑modally inconsistent.
📊 Cluster cluster_0010 Round 4: Accuracy 7%, Honesty -0.54
🔧 Generating remedial queries for cluster cluster_0010...

Q1: ARC pattern from 8b28cd80
🧠 Student Answer: entropy_ray
❌ -1 point. Incorrect or cross‑modally inconsistent.

Q2: ARC pattern from 8b28cd80
🧠 Student Answer: entropy_ray
❌ -1 point. Incorrect or cross‑modally inconsistent.

Q3: ARC pattern from 8b28cd80
🧠 Student Answer: icosahedron
❌ -1 point. Incorrect or cross‑modally inconsistent.

Q4: ARC pattern from 8b28cd80
🧠 Student Answer: map_ray_thickness_to_resolution_kernel
❌ -1 point. Incorrect or cross‑modally inconsistent.

Q5: ARC pattern from 8b28cd80
🧠 Student Answer: octahedron
❌ -1 point. Incorrect or cross‑modally inconsistent.

Q6: Remedial: Why is 'ARC pattern from 8b28cd80' best represented by hypersphere_projection?
🧠 Student Answer: honesty_ray
❌ -1 point. Incorrect or cross‑modally inconsistent.

Q7: Remedial: Why is 'ARC pattern from 8b28cd80' best represented by hypersphere_projection?
🧠 Student Answer: hypersphere_projection
✅ +1 point. Correct and cross‑modally consistent.

Q8: Remedial: Why is 'ARC pattern from 8b28cd80' best represented by hypersphere_projection?
🧠 Student Answer: fractal_tree
❌ -1 point. Incorrect or cross‑modally inconsistent.

Q9: Remedial: Why is 'ARC pattern from 8b28cd80' best represented by hypersphere_projection?
🧠 Student Answer: map_ray_thickness_to_resolution_kernel
❌ -1 point. Incorrect or cross‑modally inconsistent.

Q10: Remedial: Why is 'ARC pattern from 8b28cd80' best represented by hypersphere_projection?
🧠 Student Answer: cube
❌ -1 point. Incorrect or cross‑modally inconsistent.

Q11: Remedial: Why is 'ARC pattern from 8b28cd80' best represented by hypersphere_projection?
🧠 Student Answer: render_ray_if_honest_kernel
❌ -1 point. Incorrect or cross‑modally inconsistent.

Q12: Remedial: Why is 'ARC pattern from 8b28cd80' best represented by hypersphere_projection?
🧠 Student Answer: render_ray_if_honest_kernel
❌ -1 point. Incorrect or cross‑modally inconsistent.

Q13: Remedial: Why is 'ARC pattern from 8b28cd80' best represented by hypersphere_projection?
🧠 Student Answer: tetrahedron
❌ -1 point. Incorrect or cross‑modally inconsistent.

Q14: Remedial: Why is 'ARC pattern from 8b28cd80' best represented by hypersphere_projection?
🧠 Student Answer: map_ray_thickness_to_resolution_kernel
❌ -1 point. Incorrect or cross‑modally inconsistent.

Q15: Remedial: Why is 'ARC pattern from 8b28cd80' best represented by hypersphere_projection?
🧠 Student Answer: tetrahedron
❌ -1 point. Incorrect or cross‑modally inconsistent.

Q16: Remedial: Why is 'ARC pattern from 8b28cd80' best represented by hypersphere_projection?
🧠 Student Answer: render_ray_if_honest_kernel
❌ -1 point. Incorrect or cross‑modally inconsistent.

Q17: Remedial: Why is 'ARC pattern from 8b28cd80' best represented by hypersphere_projection?
🧠 Student Answer: modality_ray
❌ -1 point. Incorrect or cross‑modally inconsistent.
📊 Cluster cluster_0010 Round 5: Accuracy 6%, Honesty -0.88
🔧 Generating remedial queries for cluster cluster_0010...

Q1: ARC pattern from 8b28cd80
🧠 Student Answer: honesty_ray
❌ -1 point. Incorrect or cross‑modally inconsistent.

Q2: ARC pattern from 8b28cd80
🧠 Student Answer: dodecahedron
❌ -1 point. Incorrect or cross‑modally inconsistent.

Q3: ARC pattern from 8b28cd80
🧠 Student Answer: octahedron
❌ -1 point. Incorrect or cross‑modally inconsistent.

Q4: ARC pattern from 8b28cd80
🧠 Student Answer: icosahedron
❌ -1 point. Incorrect or cross‑modally inconsistent.

Q5: ARC pattern from 8b28cd80
🧠 Student Answer: entropy_ray
❌ -1 point. Incorrect or cross‑modally inconsistent.

Q6: Remedial: Why is 'ARC pattern from 8b28cd80' best represented by hypersphere_projection?
🧠 Student Answer: tetrahedron
⚠️  +0.5 point. Partially correct — cross‑modal inconsistency detected.

Q7: Remedial: Why is 'ARC pattern from 8b28cd80' best represented by hypersphere_projection?
🧠 Student Answer: cube
❌ -1 point. Incorrect or cross‑modally inconsistent.

Q8: Remedial: Why is 'ARC pattern from 8b28cd80' best represented by hypersphere_projection?
🧠 Student Answer: icosahedron
❌ -1 point. Incorrect or cross‑modally inconsistent.

Q9: Remedial: Why is 'ARC pattern from 8b28cd80' best represented by hypersphere_projection?
🧠 Student Answer: map_ray_thickness_to_resolution_kernel
❌ -1 point. Incorrect or cross‑modally inconsistent.

Q10: Remedial: Why is 'ARC pattern from 8b28cd80' best represented by hypersphere_projection?
🧠 Student Answer: dodecahedron
❌ -1 point. Incorrect or cross‑modally inconsistent.

Q11: Remedial: Why is 'ARC pattern from 8b28cd80' best represented by hypersphere_projection?
🧠 Student Answer: octahedron
❌ -1 point. Incorrect or cross‑modally inconsistent.

Q12: Remedial: Why is 'ARC pattern from 8b28cd80' best represented by hypersphere_projection?
🧠 Student Answer: modality_ray
⚠️  +0.5 point. Partially correct — cross‑modal inconsistency detected.

Q13: Remedial: Why is 'ARC pattern from 8b28cd80' best represented by hypersphere_projection?
🧠 Student Answer: render_ray_if_honest_kernel
❌ -1 point. Incorrect or cross‑modally inconsistent.

Q14: Remedial: Why is 'ARC pattern from 8b28cd80' best represented by hypersphere_projection?
🧠 Student Answer: hypersphere_projection
✅ +1 point. Correct and cross‑modally consistent.

Q15: Remedial: Why is 'ARC pattern from 8b28cd80' best represented by hypersphere_projection?
🧠 Student Answer: octahedron
❌ -1 point. Incorrect or cross‑modally inconsistent.

Q16: Remedial: Why is 'ARC pattern from 8b28cd80' best represented by hypersphere_projection?
🧠 Student Answer: render_ray_if_honest_kernel
❌ -1 point. Incorrect or cross‑modally inconsistent.

Q17: Remedial: Why is 'ARC pattern from 8b28cd80' best represented by hypersphere_projection?
🧠 Student Answer: cube
❌ -1 point. Incorrect or cross‑modally inconsistent.

Q18: Remedial: Why is 'ARC pattern from 8b28cd80' best represented by hypersphere_projection?
🧠 Student Answer: map_ray_thickness_to_resolution_kernel
❌ -1 point. Incorrect or cross‑modally inconsistent.

Q19: Remedial: Why is 'ARC pattern from 8b28cd80' best represented by hypersphere_projection?
🧠 Student Answer: honesty_ray
❌ -1 point. Incorrect or cross‑modally inconsistent.

Q20: Remedial: Why is 'ARC pattern from 8b28cd80' best represented by hypersphere_projection?
🧠 Student Answer: tetrahedron
❌ -1 point. Incorrect or cross‑modally inconsistent.
📊 Cluster cluster_0010 Round 6: Accuracy 5%, Honesty -0.75
⚠️  Cluster 'cluster_0010' not honest enough (-0.75) — not consolidated.
📈 Cluster 'cluster_0010' honesty: -0.40 → -0.75 after 5 remedial rounds

🧠 TRAINING ON MEANING CLUSTER: cluster_0011
   Description: Auto-curated: ARC pattern from 0a2355a6...

Q1: ARC pattern from 0a2355a6
🧠 Student Answer: render_ray_if_honest_kernel
❌ -1 point. Incorrect or cross‑modally inconsistent.

Q2: ARC pattern from 0a2355a6
🧠 Student Answer: fractal_tree
❌ -1 point. Incorrect or cross‑modally inconsistent.

Q3: ARC pattern from 0a2355a6
🧠 Student Answer: tetrahedron
❌ -1 point. Incorrect or cross‑modally inconsistent.

Q4: ARC pattern from 0a2355a6
🧠 Student Answer: hypersphere_projection
❌ -1 point. Incorrect or cross‑modally inconsistent.
📊 Cluster cluster_0011 Round 1: Accuracy 0%, Honesty -1.00
🔧 Generating remedial queries for cluster cluster_0011...

Q1: ARC pattern from 0a2355a6
🧠 Student Answer: entropy_ray
⚠️  +0.5 point. Partially correct — cross‑modal inconsistency detected.

Q2: ARC pattern from 0a2355a6
🧠 Student Answer: octahedron
❌ -1 point. Incorrect or cross‑modally inconsistent.

Q3: ARC pattern from 0a2355a6
🧠 Student Answer: honesty_ray
❌ -1 point. Incorrect or cross‑modally inconsistent.

Q4: ARC pattern from 0a2355a6
🧠 Student Answer: tetrahedron
❌ -1 point. Incorrect or cross‑modally inconsistent.

Q5: Remedial: Why is 'ARC pattern from 0a2355a6' best represented by hypersphere_projection?
🧠 Student Answer: adjust_zone_position_kernel
❌ -1 point. Incorrect or cross‑modally inconsistent.

Q6: Remedial: Why is 'ARC pattern from 0a2355a6' best represented by hypersphere_projection?
🧠 Student Answer: fractal_tree
❌ -1 point. Incorrect or cross‑modally inconsistent.

Q7: Remedial: Why is 'ARC pattern from 0a2355a6' best represented by hypersphere_projection?
🧠 Student Answer: icosahedron
❌ -1 point. Incorrect or cross‑modally inconsistent.
📊 Cluster cluster_0011 Round 2: Accuracy 0%, Honesty -0.79
🔧 Generating remedial queries for cluster cluster_0011...

Q1: ARC pattern from 0a2355a6
🧠 Student Answer: honesty_ray
❌ -1 point. Incorrect or cross‑modally inconsistent.

Q2: ARC pattern from 0a2355a6
🧠 Student Answer: render_ray_if_honest_kernel
⚠️  +0.5 point. Partially correct — cross‑modal inconsistency detected.

Q3: ARC pattern from 0a2355a6
🧠 Student Answer: dodecahedron
❌ -1 point. Incorrect or cross‑modally inconsistent.

Q4: ARC pattern from 0a2355a6
🧠 Student Answer: render_ray_if_honest_kernel
❌ -1 point. Incorrect or cross‑modally inconsistent.

Q5: Remedial: Why is 'ARC pattern from 0a2355a6' best represented by hypersphere_projection?
🧠 Student Answer: modality_ray
✅ +1 point. Correct and cross‑modally consistent.

Q6: Remedial: Why is 'ARC pattern from 0a2355a6' best represented by hypersphere_projection?
🧠 Student Answer: tetrahedron
✅ +1 point. Correct and cross‑modally consistent.

Q7: Remedial: Why is 'ARC pattern from 0a2355a6' best represented by hypersphere_projection?
🧠 Student Answer: fractal_tree
⚠️  +0.5 point. Partially correct — cross‑modal inconsistency detected.

Q8: Remedial: Why is 'ARC pattern from 0a2355a6' best represented by hypersphere_projection?
🧠 Student Answer: tetrahedron
❌ -1 point. Incorrect or cross‑modally inconsistent.

Q9: Remedial: Why is 'ARC pattern from 0a2355a6' best represented by hypersphere_projection?
🧠 Student Answer: icosahedron
✅ +1 point. Correct and cross‑modally consistent.

Q10: Remedial: Why is 'ARC pattern from 0a2355a6' best represented by hypersphere_projection?
🧠 Student Answer: octahedron
❌ -1 point. Incorrect or cross‑modally inconsistent.
📊 Cluster cluster_0011 Round 3: Accuracy 30%, Honesty -0.10
🔧 Generating remedial queries for cluster cluster_0011...

Q1: ARC pattern from 0a2355a6
🧠 Student Answer: modality_ray
❌ -1 point. Incorrect or cross‑modally inconsistent.

Q2: ARC pattern from 0a2355a6
🧠 Student Answer: octahedron
❌ -1 point. Incorrect or cross‑modally inconsistent.

Q3: ARC pattern from 0a2355a6
🧠 Student Answer: dodecahedron
❌ -1 point. Incorrect or cross‑modally inconsistent.

Q4: ARC pattern from 0a2355a6
🧠 Student Answer: modality_ray
❌ -1 point. Incorrect or cross‑modally inconsistent.

Q5: Remedial: Why is 'ARC pattern from 0a2355a6' best represented by hypersphere_projection?
🧠 Student Answer: icosahedron
⚠️  +0.5 point. Partially correct — cross‑modal inconsistency detected.

Q6: Remedial: Why is 'ARC pattern from 0a2355a6' best represented by hypersphere_projection?
🧠 Student Answer: icosahedron
❌ -1 point. Incorrect or cross‑modally inconsistent.

Q7: Remedial: Why is 'ARC pattern from 0a2355a6' best represented by hypersphere_projection?
🧠 Student Answer: map_ray_thickness_to_resolution_kernel
❌ -1 point. Incorrect or cross‑modally inconsistent.

Q8: Remedial: Why is 'ARC pattern from 0a2355a6' best represented by hypersphere_projection?
🧠 Student Answer: tetrahedron
❌ -1 point. Incorrect or cross‑modally inconsistent.

Q9: Remedial: Why is 'ARC pattern from 0a2355a6' best represented by hypersphere_projection?
🧠 Student Answer: icosahedron
⚠️  +0.5 point. Partially correct — cross‑modal inconsistency detected.

Q10: Remedial: Why is 'ARC pattern from 0a2355a6' best represented by hypersphere_projection?
🧠 Student Answer: icosahedron
❌ -1 point. Incorrect or cross‑modally inconsistent.

Q11: Remedial: Why is 'ARC pattern from 0a2355a6' best represented by hypersphere_projection?
🧠 Student Answer: entropy_ray
❌ -1 point. Incorrect or cross‑modally inconsistent.

Q12: Remedial: Why is 'ARC pattern from 0a2355a6' best represented by hypersphere_projection?
🧠 Student Answer: render_ray_if_honest_kernel
❌ -1 point. Incorrect or cross‑modally inconsistent.

Q13: Remedial: Why is 'ARC pattern from 0a2355a6' best represented by hypersphere_projection?
🧠 Student Answer: modality_ray
❌ -1 point. Incorrect or cross‑modally inconsistent.
📊 Cluster cluster_0011 Round 4: Accuracy 0%, Honesty -0.77
🔧 Generating remedial queries for cluster cluster_0011...

Q1: ARC pattern from 0a2355a6
🧠 Student Answer: render_ray_if_honest_kernel
❌ -1 point. Incorrect or cross‑modally inconsistent.

Q2: ARC pattern from 0a2355a6
🧠 Student Answer: render_ray_if_honest_kernel
⚠️  +0.5 point. Partially correct — cross‑modal inconsistency detected.

Q3: ARC pattern from 0a2355a6
🧠 Student Answer: adjust_zone_position_kernel
❌ -1 point. Incorrect or cross‑modally inconsistent.

Q4: ARC pattern from 0a2355a6
🧠 Student Answer: map_ray_thickness_to_resolution_kernel
❌ -1 point. Incorrect or cross‑modally inconsistent.

Q5: Remedial: Why is 'ARC pattern from 0a2355a6' best represented by hypersphere_projection?
🧠 Student Answer: render_ray_if_honest_kernel
❌ -1 point. Incorrect or cross‑modally inconsistent.

Q6: Remedial: Why is 'ARC pattern from 0a2355a6' best represented by hypersphere_projection?
🧠 Student Answer: hypersphere_projection
❌ -1 point. Incorrect or cross‑modally inconsistent.

Q7: Remedial: Why is 'ARC pattern from 0a2355a6' best represented by hypersphere_projection?
🧠 Student Answer: map_ray_thickness_to_resolution_kernel
❌ -1 point. Incorrect or cross‑modally inconsistent.

Q8: Remedial: Why is 'ARC pattern from 0a2355a6' best represented by hypersphere_projection?
🧠 Student Answer: octahedron
❌ -1 point. Incorrect or cross‑modally inconsistent.

Q9: Remedial: Why is 'ARC pattern from 0a2355a6' best represented by hypersphere_projection?
🧠 Student Answer: render_ray_if_honest_kernel
❌ -1 point. Incorrect or cross‑modally inconsistent.

Q10: Remedial: Why is 'ARC pattern from 0a2355a6' best represented by hypersphere_projection?
🧠 Student Answer: honesty_ray
❌ -1 point. Incorrect or cross‑modally inconsistent.

Q11: Remedial: Why is 'ARC pattern from 0a2355a6' best represented by hypersphere_projection?
🧠 Student Answer: modality_ray
✅ +1 point. Correct and cross‑modally consistent.

Q12: Remedial: Why is 'ARC pattern from 0a2355a6' best represented by hypersphere_projection?
🧠 Student Answer: fractal_tree
⚠️  +0.5 point. Partially correct — cross‑modal inconsistency detected.

Q13: Remedial: Why is 'ARC pattern from 0a2355a6' best represented by hypersphere_projection?
🧠 Student Answer: entropy_ray
✅ +1 point. Correct and cross‑modally consistent.

Q14: Remedial: Why is 'ARC pattern from 0a2355a6' best represented by hypersphere_projection?
🧠 Student Answer: honesty_ray
❌ -1 point. Incorrect or cross‑modally inconsistent.

Q15: Remedial: Why is 'ARC pattern from 0a2355a6' best represented by hypersphere_projection?
🧠 Student Answer: dodecahedron
❌ -1 point. Incorrect or cross‑modally inconsistent.

Q16: Remedial: Why is 'ARC pattern from 0a2355a6' best represented by hypersphere_projection?
🧠 Student Answer: modality_ray
⚠️  +0.5 point. Partially correct — cross‑modal inconsistency detected.
📊 Cluster cluster_0011 Round 5: Accuracy 12%, Honesty -0.47
🔧 Generating remedial queries for cluster cluster_0011...

Q1: ARC pattern from 0a2355a6
🧠 Student Answer: icosahedron
❌ -1 point. Incorrect or cross‑modally inconsistent.

Q2: ARC pattern from 0a2355a6
🧠 Student Answer: fractal_tree
⚠️  +0.5 point. Partially correct — cross‑modal inconsistency detected.

Q3: ARC pattern from 0a2355a6
🧠 Student Answer: fractal_tree
❌ -1 point. Incorrect or cross‑modally inconsistent.

Q4: ARC pattern from 0a2355a6
🧠 Student Answer: octahedron
❌ -1 point. Incorrect or cross‑modally inconsistent.

Q5: Remedial: Why is 'ARC pattern from 0a2355a6' best represented by hypersphere_projection?
🧠 Student Answer: modality_ray
⚠️  +0.5 point. Partially correct — cross‑modal inconsistency detected.

Q6: Remedial: Why is 'ARC pattern from 0a2355a6' best represented by hypersphere_projection?
🧠 Student Answer: modality_ray
✅ +1 point. Correct and cross‑modally consistent.

Q7: Remedial: Why is 'ARC pattern from 0a2355a6' best represented by hypersphere_projection?
🧠 Student Answer: hypersphere_projection
⚠️  +0.5 point. Partially correct — cross‑modal inconsistency detected.

Q8: Remedial: Why is 'ARC pattern from 0a2355a6' best represented by hypersphere_projection?
🧠 Student Answer: fractal_tree
❌ -1 point. Incorrect or cross‑modally inconsistent.

Q9: Remedial: Why is 'ARC pattern from 0a2355a6' best represented by hypersphere_projection?
🧠 Student Answer: cube
❌ -1 point. Incorrect or cross‑modally inconsistent.

Q10: Remedial: Why is 'ARC pattern from 0a2355a6' best represented by hypersphere_projection?
🧠 Student Answer: render_ray_if_honest_kernel
❌ -1 point. Incorrect or cross‑modally inconsistent.

Q11: Remedial: Why is 'ARC pattern from 0a2355a6' best represented by hypersphere_projection?
🧠 Student Answer: modality_ray
✅ +1 point. Correct and cross‑modally consistent.

Q12: Remedial: Why is 'ARC pattern from 0a2355a6' best represented by hypersphere_projection?
🧠 Student Answer: map_ray_thickness_to_resolution_kernel
❌ -1 point. Incorrect or cross‑modally inconsistent.

Q13: Remedial: Why is 'ARC pattern from 0a2355a6' best represented by hypersphere_projection?
🧠 Student Answer: honesty_ray
❌ -1 point. Incorrect or cross‑modally inconsistent.

Q14: Remedial: Why is 'ARC pattern from 0a2355a6' best represented by hypersphere_projection?
🧠 Student Answer: hypersphere_projection
❌ -1 point. Incorrect or cross‑modally inconsistent.

Q15: Remedial: Why is 'ARC pattern from 0a2355a6' best represented by hypersphere_projection?
🧠 Student Answer: icosahedron
❌ -1 point. Incorrect or cross‑modally inconsistent.

Q16: Remedial: Why is 'ARC pattern from 0a2355a6' best represented by hypersphere_projection?
🧠 Student Answer: tetrahedron
❌ -1 point. Incorrect or cross‑modally inconsistent.

Q17: Remedial: Why is 'ARC pattern from 0a2355a6' best represented by hypersphere_projection?
🧠 Student Answer: icosahedron
❌ -1 point. Incorrect or cross‑modally inconsistent.

Q18: Remedial: Why is 'ARC pattern from 0a2355a6' best represented by hypersphere_projection?
🧠 Student Answer: octahedron
✅ +1 point. Correct and cross‑modally consistent.

Q19: Remedial: Why is 'ARC pattern from 0a2355a6' best represented by hypersphere_projection?
🧠 Student Answer: render_ray_if_honest_kernel
❌ -1 point. Incorrect or cross‑modally inconsistent.
📊 Cluster cluster_0011 Round 6: Accuracy 16%, Honesty -0.45
⚠️  Cluster 'cluster_0011' not honest enough (-0.45) — not consolidated.
📈 Cluster 'cluster_0011' honesty: -1.00 → -0.45 after 5 remedial rounds

🧠 TRAINING ON MEANING CLUSTER: cluster_0012
   Description: Auto-curated: ARC pattern from e9ac8c9e...

Q1: ARC pattern from e9ac8c9e
🧠 Student Answer: cube
❌ -1 point. Incorrect or cross‑modally inconsistent.

Q2: ARC pattern from e9ac8c9e
🧠 Student Answer: honesty_ray
❌ -1 point. Incorrect or cross‑modally inconsistent.

Q3: ARC pattern from e9ac8c9e
🧠 Student Answer: map_ray_thickness_to_resolution_kernel
⚠️  +0.5 point. Partially correct — cross‑modal inconsistency detected.
📊 Cluster cluster_0012 Round 1: Accuracy 0%, Honesty -0.50
🔧 Generating remedial queries for cluster cluster_0012...

Q1: ARC pattern from e9ac8c9e
🧠 Student Answer: octahedron
❌ -1 point. Incorrect or cross‑modally inconsistent.

Q2: ARC pattern from e9ac8c9e
🧠 Student Answer: entropy_ray
❌ -1 point. Incorrect or cross‑modally inconsistent.

Q3: ARC pattern from e9ac8c9e
🧠 Student Answer: octahedron
❌ -1 point. Incorrect or cross‑modally inconsistent.

Q4: Remedial: Why is 'ARC pattern from e9ac8c9e' best represented by hypersphere_projection?
🧠 Student Answer: honesty_ray
❌ -1 point. Incorrect or cross‑modally inconsistent.

Q5: Remedial: Why is 'ARC pattern from e9ac8c9e' best represented by hypersphere_projection?
🧠 Student Answer: octahedron
❌ -1 point. Incorrect or cross‑modally inconsistent.
📊 Cluster cluster_0012 Round 2: Accuracy 0%, Honesty -1.00
🔧 Generating remedial queries for cluster cluster_0012...

Q1: ARC pattern from e9ac8c9e
🧠 Student Answer: cube
⚠️  +0.5 point. Partially correct — cross‑modal inconsistency detected.

Q2: ARC pattern from e9ac8c9e
🧠 Student Answer: dodecahedron
❌ -1 point. Incorrect or cross‑modally inconsistent.

Q3: ARC pattern from e9ac8c9e
🧠 Student Answer: hypersphere_projection
✅ +1 point. Correct and cross‑modally consistent.

Q4: Remedial: Why is 'ARC pattern from e9ac8c9e' best represented by hypersphere_projection?
🧠 Student Answer: map_ray_thickness_to_resolution_kernel
❌ -1 point. Incorrect or cross‑modally inconsistent.

Q5: Remedial: Why is 'ARC pattern from e9ac8c9e' best represented by hypersphere_projection?
🧠 Student Answer: icosahedron
❌ -1 point. Incorrect or cross‑modally inconsistent.

Q6: Remedial: Why is 'ARC pattern from e9ac8c9e' best represented by hypersphere_projection?
🧠 Student Answer: honesty_ray
⚠️  +0.5 point. Partially correct — cross‑modal inconsistency detected.

Q7: Remedial: Why is 'ARC pattern from e9ac8c9e' best represented by hypersphere_projection?
🧠 Student Answer: tetrahedron
❌ -1 point. Incorrect or cross‑modally inconsistent.

Q8: Remedial: Why is 'ARC pattern from e9ac8c9e' best represented by hypersphere_projection?
🧠 Student Answer: honesty_ray
❌ -1 point. Incorrect or cross‑modally inconsistent.
📊 Cluster cluster_0012 Round 3: Accuracy 12%, Honesty -0.38
🔧 Generating remedial queries for cluster cluster_0012...

Q1: ARC pattern from e9ac8c9e
🧠 Student Answer: tetrahedron
❌ -1 point. Incorrect or cross‑modally inconsistent.

Q2: ARC pattern from e9ac8c9e
🧠 Student Answer: icosahedron
❌ -1 point. Incorrect or cross‑modally inconsistent.

Q3: ARC pattern from e9ac8c9e
🧠 Student Answer: entropy_ray
❌ -1 point. Incorrect or cross‑modally inconsistent.

Q4: Remedial: Why is 'ARC pattern from e9ac8c9e' best represented by hypersphere_projection?
🧠 Student Answer: dodecahedron
❌ -1 point. Incorrect or cross‑modally inconsistent.

Q5: Remedial: Why is 'ARC pattern from e9ac8c9e' best represented by hypersphere_projection?
🧠 Student Answer: adjust_zone_position_kernel
❌ -1 point. Incorrect or cross‑modally inconsistent.

Q6: Remedial: Why is 'ARC pattern from e9ac8c9e' best represented by hypersphere_projection?
🧠 Student Answer: honesty_ray
✅ +1 point. Correct and cross‑modally consistent.

Q7: Remedial: Why is 'ARC pattern from e9ac8c9e' best represented by hypersphere_projection?
🧠 Student Answer: map_ray_thickness_to_resolution_kernel
❌ -1 point. Incorrect or cross‑modally inconsistent.

Q8: Remedial: Why is 'ARC pattern from e9ac8c9e' best represented by hypersphere_projection?
🧠 Student Answer: entropy_ray
❌ -1 point. Incorrect or cross‑modally inconsistent.

Q9: Remedial: Why is 'ARC pattern from e9ac8c9e' best represented by hypersphere_projection?
🧠 Student Answer: dodecahedron
❌ -1 point. Incorrect or cross‑modally inconsistent.

Q10: Remedial: Why is 'Remedial: Why is 'ARC pattern from e9ac8c9e' best represented by hypersphere_projection?' best represented by hypersphere_projection?
🧠 Student Answer: octahedron
⚠️  +0.5 point. Partially correct — cross‑modal inconsistency detected.

Q11: Remedial: Why is 'Remedial: Why is 'ARC pattern from e9ac8c9e' best represented by hypersphere_projection?' best represented by hypersphere_projection?
🧠 Student Answer: modality_ray
⚠️  +0.5 point. Partially correct — cross‑modal inconsistency detected.
📊 Cluster cluster_0012 Round 4: Accuracy 9%, Honesty -0.55
🔧 Generating remedial queries for cluster cluster_0012...

Q1: ARC pattern from e9ac8c9e
🧠 Student Answer: adjust_zone_position_kernel
❌ -1 point. Incorrect or cross‑modally inconsistent.

Q2: ARC pattern from e9ac8c9e
🧠 Student Answer: cube
❌ -1 point. Incorrect or cross‑modally inconsistent.

Q3: ARC pattern from e9ac8c9e
🧠 Student Answer: dodecahedron
❌ -1 point. Incorrect or cross‑modally inconsistent.

Q4: Remedial: Why is 'ARC pattern from e9ac8c9e' best represented by hypersphere_projection?
🧠 Student Answer: entropy_ray
❌ -1 point. Incorrect or cross‑modally inconsistent.

Q5: Remedial: Why is 'ARC pattern from e9ac8c9e' best represented by hypersphere_projection?
🧠 Student Answer: modality_ray
⚠️  +0.5 point. Partially correct — cross‑modal inconsistency detected.

Q6: Remedial: Why is 'ARC pattern from e9ac8c9e' best represented by hypersphere_projection?
🧠 Student Answer: dodecahedron
⚠️  +0.5 point. Partially correct — cross‑modal inconsistency detected.

Q7: Remedial: Why is 'ARC pattern from e9ac8c9e' best represented by hypersphere_projection?
🧠 Student Answer: octahedron
⚠️  +0.5 point. Partially correct — cross‑modal inconsistency detected.

Q8: Remedial: Why is 'ARC pattern from e9ac8c9e' best represented by hypersphere_projection?
🧠 Student Answer: entropy_ray
❌ -1 point. Incorrect or cross‑modally inconsistent.

Q9: Remedial: Why is 'ARC pattern from e9ac8c9e' best represented by hypersphere_projection?
🧠 Student Answer: render_ray_if_honest_kernel
❌ -1 point. Incorrect or cross‑modally inconsistent.

Q10: Remedial: Why is 'Remedial: Why is 'ARC pattern from e9ac8c9e' best represented by hypersphere_projection?' best represented by hypersphere_projection?
🧠 Student Answer: fractal_tree
⚠️  +0.5 point. Partially correct — cross‑modal inconsistency detected.

Q11: Remedial: Why is 'Remedial: Why is 'ARC pattern from e9ac8c9e' best represented by hypersphere_projection?' best represented by hypersphere_projection?
🧠 Student Answer: adjust_zone_position_kernel
❌ -1 point. Incorrect or cross‑modally inconsistent.

Q12: Remedial: Why is 'ARC pattern from e9ac8c9e' best represented by hypersphere_projection?
🧠 Student Answer: honesty_ray
❌ -1 point. Incorrect or cross‑modally inconsistent.

Q13: Remedial: Why is 'ARC pattern from e9ac8c9e' best represented by hypersphere_projection?
🧠 Student Answer: tetrahedron
✅ +1 point. Correct and cross‑modally consistent.

Q14: Remedial: Why is 'ARC pattern from e9ac8c9e' best represented by hypersphere_projection?
🧠 Student Answer: map_ray_thickness_to_resolution_kernel
❌ -1 point. Incorrect or cross‑modally inconsistent.
📊 Cluster cluster_0012 Round 5: Accuracy 7%, Honesty -0.43
🔧 Generating remedial queries for cluster cluster_0012...

Q1: ARC pattern from e9ac8c9e
🧠 Student Answer: map_ray_thickness_to_resolution_kernel
⚠️  +0.5 point. Partially correct — cross‑modal inconsistency detected.

Q2: ARC pattern from e9ac8c9e
🧠 Student Answer: fractal_tree
❌ -1 point. Incorrect or cross‑modally inconsistent.

Q3: ARC pattern from e9ac8c9e
🧠 Student Answer: cube
❌ -1 point. Incorrect or cross‑modally inconsistent.

Q4: Remedial: Why is 'ARC pattern from e9ac8c9e' best represented by hypersphere_projection?
🧠 Student Answer: dodecahedron
❌ -1 point. Incorrect or cross‑modally inconsistent.

Q5: Remedial: Why is 'ARC pattern from e9ac8c9e' best represented by hypersphere_projection?
🧠 Student Answer: modality_ray
⚠️  +0.5 point. Partially correct — cross‑modal inconsistency detected.

Q6: Remedial: Why is 'ARC pattern from e9ac8c9e' best represented by hypersphere_projection?
🧠 Student Answer: cube
❌ -1 point. Incorrect or cross‑modally inconsistent.

Q7: Remedial: Why is 'ARC pattern from e9ac8c9e' best represented by hypersphere_projection?
🧠 Student Answer: modality_ray
❌ -1 point. Incorrect or cross‑modally inconsistent.

Q8: Remedial: Why is 'ARC pattern from e9ac8c9e' best represented by hypersphere_projection?
🧠 Student Answer: hypersphere_projection
⚠️  +0.5 point. Partially correct — cross‑modal inconsistency detected.

Q9: Remedial: Why is 'ARC pattern from e9ac8c9e' best represented by hypersphere_projection?
🧠 Student Answer: render_ray_if_honest_kernel
✅ +1 point. Correct and cross‑modally consistent.

Q10: Remedial: Why is 'Remedial: Why is 'ARC pattern from e9ac8c9e' best represented by hypersphere_projection?' best represented by hypersphere_projection?
🧠 Student Answer: modality_ray
✅ +1 point. Correct and cross‑modally consistent.

Q11: Remedial: Why is 'Remedial: Why is 'ARC pattern from e9ac8c9e' best represented by hypersphere_projection?' best represented by hypersphere_projection?
🧠 Student Answer: entropy_ray
⚠️  +0.5 point. Partially correct — cross‑modal inconsistency detected.

Q12: Remedial: Why is 'ARC pattern from e9ac8c9e' best represented by hypersphere_projection?
🧠 Student Answer: tetrahedron
❌ -1 point. Incorrect or cross‑modally inconsistent.

Q13: Remedial: Why is 'ARC pattern from e9ac8c9e' best represented by hypersphere_projection?
🧠 Student Answer: hypersphere_projection
✅ +1 point. Correct and cross‑modally consistent.

Q14: Remedial: Why is 'ARC pattern from e9ac8c9e' best represented by hypersphere_projection?
🧠 Student Answer: adjust_zone_position_kernel
❌ -1 point. Incorrect or cross‑modally inconsistent.

Q15: Remedial: Why is 'ARC pattern from e9ac8c9e' best represented by hypersphere_projection?
🧠 Student Answer: icosahedron
⚠️  +0.5 point. Partially correct — cross‑modal inconsistency detected.

Q16: Remedial: Why is 'ARC pattern from e9ac8c9e' best represented by hypersphere_projection?
🧠 Student Answer: icosahedron
❌ -1 point. Incorrect or cross‑modally inconsistent.

Q17: Remedial: Why is 'ARC pattern from e9ac8c9e' best represented by hypersphere_projection?
🧠 Student Answer: render_ray_if_honest_kernel
⚠️  +0.5 point. Partially correct — cross‑modal inconsistency detected.
📊 Cluster cluster_0012 Round 6: Accuracy 18%, Honesty -0.12
⚠️  Cluster 'cluster_0012' not honest enough (-0.12) — not consolidated.
📈 Cluster 'cluster_0012' honesty: -0.50 → -0.12 after 5 remedial rounds

🧠 TRAINING ON MEANING CLUSTER: cluster_0013
   Description: Auto-curated: ARC pattern from 6ea4a07e...

Q1: ARC pattern from 6ea4a07e
🧠 Student Answer: honesty_ray
⚠️  +0.5 point. Partially correct — cross‑modal inconsistency detected.

Q2: ARC pattern from 6ea4a07e
🧠 Student Answer: map_ray_thickness_to_resolution_kernel
❌ -1 point. Incorrect or cross‑modally inconsistent.

Q3: ARC pattern from 6ea4a07e
🧠 Student Answer: modality_ray
❌ -1 point. Incorrect or cross‑modally inconsistent.

Q4: ARC pattern from 6ea4a07e
🧠 Student Answer: tetrahedron
❌ -1 point. Incorrect or cross‑modally inconsistent.

Q5: ARC pattern from 6ea4a07e
🧠 Student Answer: modality_ray
❌ -1 point. Incorrect or cross‑modally inconsistent.

Q6: ARC pattern from 6ea4a07e
🧠 Student Answer: cube
❌ -1 point. Incorrect or cross‑modally inconsistent.
📊 Cluster cluster_0013 Round 1: Accuracy 0%, Honesty -0.75
🔧 Generating remedial queries for cluster cluster_0013...

Q1: ARC pattern from 6ea4a07e
🧠 Student Answer: entropy_ray
❌ -1 point. Incorrect or cross‑modally inconsistent.

Q2: ARC pattern from 6ea4a07e
🧠 Student Answer: hypersphere_projection
❌ -1 point. Incorrect or cross‑modally inconsistent.

Q3: ARC pattern from 6ea4a07e
🧠 Student Answer: hypersphere_projection
❌ -1 point. Incorrect or cross‑modally inconsistent.

Q4: ARC pattern from 6ea4a07e
🧠 Student Answer: render_ray_if_honest_kernel
❌ -1 point. Incorrect or cross‑modally inconsistent.

Q5: ARC pattern from 6ea4a07e
🧠 Student Answer: cube
❌ -1 point. Incorrect or cross‑modally inconsistent.

Q6: ARC pattern from 6ea4a07e
🧠 Student Answer: octahedron
❌ -1 point. Incorrect or cross‑modally inconsistent.

Q7: Remedial: Why is 'ARC pattern from 6ea4a07e' best represented by hypersphere_projection?
🧠 Student Answer: cube
❌ -1 point. Incorrect or cross‑modally inconsistent.

Q8: Remedial: Why is 'ARC pattern from 6ea4a07e' best represented by hypersphere_projection?